,BaseLine,Log_Regression
Accuracy,0.59,0.7883333333333333
Precision,0.0,0.7668161434977578
Recall,0.0,0.6951219512195121
F1-score,0.0,0.7292110874200426
ROC-AUC,0.5,0.7741146479261403
