,BaseLine,Log_Regression
Accuracy,0.59,0.7816666666666666
Precision,0.0,0.7625570776255708
Recall,0.0,0.6788617886178862
F1-score,0.0,0.7182795698924731
ROC-AUC,0.5,0.7659845666253272
