article_id,avg_price,popularity
108775044,0.008351089571428572,7
110065011,0.009305085,2
111565001,0.005648528070175439,57
111586001,0.012689427845323741,139
111593001,0.012368830290566037,159
111609001,0.009574541644897959,49
120129001,0.0076101695,4
120129014,0.008457627,2
123173001,0.012523002033333333,105
126589007,0.0016779661,1
126589010,0.0025932204,1
129085001,0.01243474574,20
129085026,0.016932203,4
129085027,0.016932203,6
130035001,0.01136524238309859,71
144993001,0.014163246842105263,19
145872052,0.02527889090909091,11
145872053,0.025033898636363638,11
146706001,0.016932203,1
146706004,0.013542373,1
146730001,0.009674884434090909,44
148033001,0.010731542695762711,118
148033006,0.0073024770692307695,13
153115019,0.024872881634615387,52
153115020,0.024160613642857143,63
153115021,0.02461625406923077,39
153115040,0.02505000035,20
153115043,0.023024364625,16
156224001,0.007180277272727273,11
156224002,0.007198231343478261,23
156227001,0.005876733354545455,11
156227002,0.0069593221,5
156231001,0.006768298396368715,358
156231002,0.006437146816666667,24
158340001,0.012788855064383561,365
160442007,0.013213923306497176,354
160442010,0.013170096961038961,308
160442043,0.012812752325396824,63
163734054,0.0026949153,1
174057039,0.02201695,1
176209023,0.025432203875,8
176754001,0.0006779661,4
176754003,0.000782838968125,16
179123001,0.01570500378333333,42
179208001,0.01250198596875,128
179208008,0.0097754235,4
179393001,0.00562711858,5
179393018,0.00473728795,4
179950001,0.024930201811023622,127
179950002,0.025043583857142858,7
179950017,0.0251917375625,16
182909001,0.011972881164,25
186262001,0.004098496979245283,53
186262006,0.0041025641153846154,39
186262013,0.004148631046153846,13
186264014,0.0016259079928571429,14
186264016,0.0008474576,1
186266004,0.0015629539928571428,14
186267001,0.001656779658333333,12
187949030,0.030491525,1
187949031,0.029322034,1
188183009,0.02201695,1
188183010,0.02201695,1
188183016,0.0218474575,2
188183021,0.02201695,1
189616001,0.016291375639705882,136
189616006,0.016176681863636362,66
189616015,0.010152542,1
189616028,0.016783898,16
189616032,0.01677330475,16
189616038,0.016932203,7
189626001,0.00416389096,115
189634001,0.0077309322625,8
194037001,0.007557438711111111,9
198518010,0.0163050845,6
198518017,0.015237289,1
198518031,0.016720339,2
198714001,0.0033728813,1
200182001,0.010736143016216216,74
200182002,0.008511299554166666,24
200761028,0.0059152542,2
201219001,0.019627357408450705,71
201219003,0.018136976857142856,49
201219011,0.00959661,5
201219013,0.014146892666666666,15
201219014,0.012998696307692308,13
201219016,0.02064444446666667,45
201219017,0.02095080624390244,41
205225001,0.010435028550000001,6
212629004,0.009840193428571429,7
212629047,0.011742585125,16
212629048,0.006976418678260869,23
212629051,0.015237289,2
214844001,0.0021207963285714286,63
214844002,0.0020529660890625,64
214844003,0.0016390288540540539,37
215303001,0.01303389825,4
215303005,0.008596302045454545,11
215589001,0.013766948749999999,4
215589002,0.014095141066666666,75
217727002,0.004416949040000001,5
217727003,0.0026949153,1
219075014,0.018627118,1
219075023,0.018627118,1
220094001,0.013002118625,8
220094018,0.02540678,1
220094019,0.013857887923076923,13
220094020,0.024386198785714287,14
220094021,0.0133305085,4
224521007,0.06438983,1
224606019,0.006913220288,25
226959007,0.01597033871388889,36
226959008,0.015059321725,24
226959009,0.016932203,2
228257001,0.007852336851515151,198
228257002,0.007319823073913043,23
228257003,0.007953733332432432,74
228257004,0.007603578127777778,18
228257005,0.0016949152,1
228257008,0.0043146187125,16
233091021,0.0033728813,2
234421001,0.008457627,1
234421002,0.004309321966666667,12
234421004,0.013735592799999998,5
234622003,0.020440678,2
235596002,0.002977401163333333,18
237347004,0.016949153,1
237347045,0.032946299059405944,101
237347052,0.032648689545454544,11
237347053,0.033572033,4
237347055,0.033881355,2
237347059,0.03313707342718447,206
237347063,0.03299165927777778,126
240561001,0.012302382392753622,138
241412044,0.015237289,1
241412052,0.013542373,2
241602003,0.017559322,1
241602018,0.059305083,1
241602028,0.035576273,1
243613004,0.02201695,5
243937001,0.01459322019,40
243937028,0.016614124066666666,30
244267021,0.02540678,2
249136006,0.024220338,1
249136015,0.033881355,1
249136020,0.025864408,2
250099001,0.022380826375,32
250099002,0.019733235130434783,23
250457010,0.01981356,2
251510001,0.006762712,1
252298005,0.041288137,1
253448001,0.024651907025,80
253448002,0.02481273287804878,41
253448003,0.024423255614525137,179
253448059,0.023627118785714284,14
253448062,0.0206779662,10
262277011,0.05083051,2
265630004,0.015351368815384615,26
265630006,0.0125190677375,24
266168001,0.016932203,2
266873006,0.007067796480000001,5
266873009,0.0026949153,1
266875001,0.015757517583870968,62
266875006,0.01614726907777778,45
266875022,0.010152542,3
266875024,0.014490395333333333,15
268305001,0.007704600435714286,14
270375001,0.01320339,1
270375004,0.0087944915125,16
270375006,0.00539322034,5
270381001,0.00417514115,12
270381003,0.00441355933,10
270382001,0.005847457725,4
270382004,0.008728813566666667,9
278811006,0.03234463209259259,54
278811007,0.033398303750000004,4
278811009,0.03199811588888889,9
278811010,0.033881355,1
278811011,0.03264098543939394,66
282832018,0.09922457937500001,8
282832021,0.10012203680000001,5
282832022,0.101237292,5
287645002,0.008457627,2
287645003,0.008457627,3
287645027,0.008457627,1
288859017,0.015423729,1
291338034,0.02138983,1
291338035,0.022016949999999997,3
293244001,0.007852300242857142,7
293244002,0.007779661,1
293244003,0.007847457625,4
293433002,0.015263482181818182,22
293433050,0.015607344333333334,6
293433054,0.015237288,2
293433061,0.013768361666666666,3
293510002,0.015912832714285712,7
293510018,0.016932203,2
294008002,0.014186440307692309,13
294008005,0.013927422520512819,39
294008047,0.01227118635,2
294008056,0.016041313375,16
294076007,0.033881355,4
296366006,0.0026949153,1
296366032,0.004457627,1
297067002,0.013024598517699116,113
297078001,0.015966547881578946,38
297078002,0.014361284747368423,38
297078005,0.010011299333333334,3
300024006,0.02201695,1
300024009,0.05083051,1
300024013,0.02540678,2
300024016,0.02540678,7
300024045,0.021838983833333336,6
300024048,0.02032203475,8
300024058,0.03283050908510638,47
300024063,0.02499435,3
300024064,0.03111716969565217,23
300908003,0.07625423,1
300908004,0.07594067500000001,2
301227002,0.02474907483908046,87
301227017,0.0241355935,2
301227019,0.02516222789285714,28
301656013,0.015237289,1
301656026,0.050008475983870974,62
301687001,0.010830509,1
302334001,0.016115819,6
304786008,0.007587570588888888,9
305304008,0.013542373000000002,12
305304010,0.02540678,1
305304019,0.02540678,1
305304020,0.011847458,2
305931001,0.019319967414634147,205
306847002,0.02278208264285714,14
306847009,0.022864407,2
306847013,0.023341102,8
307239001,0.008474576,1
307239004,0.024882163333333332,42
307239005,0.02476827561068702,131
307239010,0.02517565518181818,11
309434015,0.033881355,2
309864002,0.016260712028089888,89
309864012,0.016539547766666666,30
309864013,0.015759676007462687,67
309864014,0.016932203,1
309864016,0.01606632256521739,23
310091039,0.034446327666666665,3
310091040,0.035293785333333334,3
310091041,0.037834745749999996,4
310091042,0.0384101694,5
310091043,0.039333332666666665,6
312878001,0.11541843075000001,16
312878010,0.11669989870588236,17
315795004,0.0118474575,2
315795005,0.01679237275,4
316085001,0.021380704666666667,39
316085002,0.021808937545454547,22
316441001,0.016548535954545453,22
316441005,0.016259452,13
316441024,0.005779661,2
316441033,0.016807909,3
316441036,0.0141440675,4
316441038,0.016865762280000002,25
316441039,0.016118643785714284,14
316657008,0.04094915,1
317812001,0.010152542,1
318066004,0.00208474575,2
318066006,0.010152542,2
318066014,0.0026949153,1
322017003,0.012533518926865671,67
322017029,0.010529190333333334,9
322017038,0.012770244777777778,9
322017039,0.013350847599999998,10
322017040,0.013224293866666665,30
322322010,0.0050677964,1
324946001,0.01140740717222222,54
324963007,0.012745762857142856,7
324963051,0.0042969239962962966,27
324963052,0.0043050847,11
324963055,0.013059322,8
326885002,0.011411622714285714,7
326885010,0.013461017,10
326885016,0.013135593000000001,2
326885022,0.011796609999999999,2
326885046,0.013542373,1
326885051,0.011096045333333332,3
326885053,0.012186441,2
326885054,0.010830509,1
327310002,0.0045084744,1
331093001,0.006762712,2
331093006,0.023564972,3
331474035,0.0132288135,2
331474039,0.016305085,1
333323008,0.0040508476,1
333323015,0.0066497174666666665,6
333323018,0.0070621468,9
333323019,0.006208097855555556,18
333323030,0.00696610163125,16
333323038,0.007175847375000001,32
333323043,0.0056271185,1
335037004,0.042355932,1
335037005,0.040703954555555553,45
337777001,0.016932203,4
337777004,0.016932203,2
337777016,0.013542373,1
337991001,0.024384775701754385,57
337991002,0.023516297461538462,13
337991007,0.02540678,1
337991009,0.024529943533333334,15
337991010,0.024883350235294116,17
338016003,0.02138559325,4
338016009,0.024788559525,40
338016011,0.024443099428571428,14
338400005,0.009305085,1
339252001,0.010152542,2
341129001,0.017657550397727272,44
341186001,0.008698950709523808,21
341782043,0.011847458,1
342060001,0.011036157913333334,15
344956021,0.01250000025,4
344956023,0.013542373,2
344956026,0.013542373,8
345815002,0.007881356,2
345830036,0.012237288,1
347200001,0.03211970275,16
347975001,0.011796609999999999,2
348330044,0.012101695,1
348330045,0.016932203,1
348870001,0.008457627,8
349080001,0.013440677709677419,31
349301001,0.016301694622222224,45
349301028,0.010152542,1
349301041,0.008457627,5
349301046,0.016932203,1
349301047,0.008457627,1
349301048,0.008457627,2
350911001,0.00863135585,4
350911002,0.0073983049624999995,8
351462009,0.008457627,2
351484002,0.018953390395,20
351484026,0.0033728813,1
351484027,0.009135593000000001,2
351484028,0.008457627,1
351484033,0.010844633033333334,18
351484034,0.011847458,1
351484037,0.02201695,2
351484039,0.02136815849180328,61
351484041,0.02182253323529412,17
351484042,0.021958569555555557,9
351933001,0.02540678,2
355062002,0.0043898304,2
357751001,0.005397578605714285,35
357751002,0.00688396335,26
357751003,0.0047118643,11
357792003,0.011457627,1
358753001,0.008298728725000001,8
358753005,0.008081920783333333,6
360950007,0.013542373,1
360950008,0.0060847457,1
360950016,0.013542373,1
362219001,0.01467864434,25
362219002,0.018306001391891893,37
367372001,0.0148292975,14
367376002,0.016932203,1
368979001,0.00986132490909091,11
369796007,0.0118000001,5
370594007,0.010152542,1
372628020,0.020887005333333333,3
372860001,0.013175825872354949,586
372860002,0.0132843390952,625
372860024,0.012311197656830601,183
372860068,0.013291337233333334,90
372860069,0.010531355961666666,60
372860072,0.013198519488505747,87
372860073,0.013332482102739726,73
373506001,0.01286105429120879,91
373506004,0.013084281493150685,73
373506008,0.012901312282258064,62
373506026,0.0050677964,1
373506027,0.013051654666666666,21
375248024,0.008457627,1
375917001,0.024828968000000003,11
375917005,0.024665639636363635,11
375917006,0.024557909791666666,24
375917009,0.02460708790909091,11
376172001,0.0050677964,2
376172002,0.00664745772,5
376172003,0.006762712,1
377277001,0.008457627,5
377277002,0.008278248516666668,12
377436002,0.0033728813,2
378447002,0.02201695,1
378447003,0.06777966,3
378447004,0.05216707,7
379360033,0.008457627,1
379360048,0.013838983,2
379963002,0.030291313125,16
380609001,0.011847458,2
383152003,0.027941888428571426,7
384263010,0.032677967,1
386463001,0.0033728813000000004,7
386463006,0.0007966102,1
386678001,0.024912429645833335,48
386678003,0.02540678,1
391772001,0.02201695,2
392938001,0.04852484048275862,29
392938002,0.05070621616666667,6
392938035,0.050508475,6
393447015,0.046593222,3
393447016,0.05083051,1
393772021,0.011811138428571429,7
393993002,0.0332711856,25
394292001,0.0033728813,2
395127001,0.04138864112280702,57
395127006,0.04184745768,25
395127011,0.04160269173529412,34
395127012,0.042154156476190474,21
395127042,0.042355932,2
395127043,0.02540678,1
395575001,0.0150000005,2
395575002,0.010152542,1
395730041,0.008457627,1
396135007,0.016641076529411766,17
396135058,0.006762712,1
397068012,0.018627118,1
397068032,0.016932203,1
399061008,0.05611781614634146,41
399061015,0.027101696,1
399061023,0.023711864,1
399061026,0.05817436590410959,73
399061028,0.05708089248484849,66
399061032,0.05803154275,36
399061033,0.0575050842,20
399061040,0.059305083,9
399087010,0.021608233142857144,35
399087014,0.02201695,1
399087015,0.0312322029,10
399087021,0.033508015702702704,37
399087029,0.016932203,1
399087030,0.033694915500000006,2
399087040,0.033881355,2
399087042,0.033881355,5
399087047,0.031612880680000004,25
399087051,0.033881355,3
399087054,0.03232203303703704,27
399136004,0.06613333313333333,15
399136009,0.05890435764285714,14
399136011,0.05211864371428572,7
399136027,0.06470593135,20
399136047,0.048050847,1
399136053,0.033881355,1
399136061,0.08167540872955974,159
399201002,0.06840274447619048,21
399201022,0.08138014557142857,7
399201025,0.084728815,6
399201033,0.07766666666666666,3
399201042,0.08286652655,40
399223001,0.03245254162727273,110
399223029,0.02786198485714286,7
399223032,0.015237289,1
399223033,0.03185408939130435,23
399223034,0.02970925630769231,13
399223035,0.0112542375,2
399223052,0.033120055875000005,24
399223059,0.03291807825,12
399223068,0.0313389825,2
399256001,0.016273481419010416,384
399256002,0.01412385898846154,26
399256005,0.01435754626190476,42
399256018,0.01580225988888889,9
399256023,0.01627435563821138,123
399256032,0.016932203,2
399256036,0.01665322012,50
399256037,0.010767554214285715,14
400246011,0.03162146833333333,3
400246014,0.05083051,3
400285006,0.06506897827906978,43
400296003,0.030491525,1
400342003,0.033881355,1
400456001,0.011121065285714285,7
401044004,0.021943503333333336,6
401044032,0.016932203,1
401044038,0.016932203,1
403448007,0.009022164361538462,13
403448008,0.011935835642857143,14
403448010,0.01281356,1
403448019,0.0109194915,4
403479001,0.015724576,4
403479005,0.0104322035,2
403479007,0.011983051,1
403479008,0.01377542375,4
403490012,0.016932203,1
405636029,0.0122457625,2
405636041,0.010152542,1
406724001,0.013542373,5
406724002,0.013309322,4
406724007,0.0033728813,1
406724022,0.008457627,1
407354004,0.063084745,10
407354008,0.06777966,4
407653001,0.0054354047777777775,45
407653002,0.004935342048148148,27
407663001,0.0033728813,1
408554004,0.0131101695,8
408571002,0.005717759752173912,23
408575004,0.003779661,1
408647009,0.00972881342857143,7
408647010,0.0039194915,4
408649007,0.0033728813,1
408649008,0.006762712,1
408664007,0.008457627,1
408664009,0.0043898304,2
408664010,0.00403813555,4
408875001,0.013319186568,125
408875018,0.008655367133333333,3
408875020,0.013268361666666666,6
408875021,0.013321186566666667,60
408875023,0.013420133666666667,33
408875028,0.012830943128205128,39
408875030,0.011101695140000001,5
411499001,0.02201695,1
411569001,0.01682297511111111,9
411569002,0.008711864225,4
412370001,0.017960727992682928,41
413029008,0.036550848000000004,4
413707001,0.02540678,1
413707031,0.010152542,1
416157003,0.010152542,1
416157011,0.015237289,1
416961006,0.02201695,1
417687001,0.013542373,1
417951001,0.0114809320025,40
417951005,0.01203050805,20
423539001,0.059305083,1
423900053,0.008067797,1
423900055,0.015237288,2
423900057,0.016254236999999998,5
426199002,0.021369313842105265,19
426199028,0.012766949,4
427114021,0.027101696,2
428291001,0.0023152542800000003,5
428291007,0.0008983051,2
428291016,0.006425269754545454,11
429313002,0.021455744444444445,9
429313006,0.01669007242857143,7
429313008,0.029769388484848485,33
429313023,0.012815981142857143,7
429322001,0.022758475,8
429322004,0.027101696,2
430157006,0.042355932,7
432566001,0.0033728813,3
433414010,0.020983052,1
433414037,0.015830508666666666,3
433414038,0.04202998692307692,13
433414039,0.023593220249999998,2
433414040,0.041045862647058826,17
433414041,0.041759669717948714,39
433444001,0.025265537,9
433444021,0.018627118,1
436083001,0.025212898219512194,41
436083002,0.02515906157692308,26
436261001,0.01252165688580247,162
437150001,0.07625423,1
439285001,0.016932203,1
439285002,0.032016948,1
441386001,0.04157781189090909,55
441386004,0.0415386650625,32
441386008,0.033771187,4
442786005,0.02201695,1
442786006,0.02540678,1
442915001,0.03275141166666667,3
443696020,0.025088135900000003,10
443696021,0.02261546628125,16
443696032,0.013542373,1
443696040,0.013542373,1
443696043,0.013542373,1
443696057,0.024030132111111113,18
443696058,0.022864407,1
443696060,0.019686441,2
443696061,0.024190352307692307,13
443860013,0.059305083,1
443860020,0.059305083,4
444325004,0.021833899,5
445400025,0.02540678,1
445419001,0.011723164,3
445419009,0.015237289,1
447201010,0.013542373000000002,3
448509001,0.04127344062561576,406
448509014,0.04135089566757123,737
448509015,0.024347457,4
448509018,0.041066909094240836,191
448509020,0.021169491,1
448509024,0.032973365428571426,7
448509025,0.0420254235,4
448509026,0.04067943991304348,23
448509027,0.035293785,3
448509028,0.04181712747368421,19
448509029,0.039267554142857146,14
448509030,0.040001882999999995,18
448509031,0.04121988081756756,148
448509035,0.04158662883333333,144
448515001,0.033881355,3
448515036,0.042355932,4
449570010,0.008064164635714285,14
449570036,0.02540678,1
449570041,0.025259886999999998,6
449570048,0.02540678,1
449570052,0.02540678,1
449570054,0.016847457,2
449570056,0.016640985909090907,11
449570061,0.024935835642857142,14
449570062,0.02504600507142857,14
449570064,0.00830254228,20
449570067,0.02540678,1
449897042,0.030491525,1
449897049,0.030491525,2
450333001,0.030491525,1
451271005,0.030491525,1
451290010,0.024389831,1
451744018,0.010152542,1
452516007,0.02477118675,4
452618001,0.007457142902857142,35
452818001,0.013296744793650794,63
452818031,0.0131033899,30
452818034,0.0134067798,5
452851029,0.016932203,2
452851033,0.015237288,2
452851034,0.016740112666666668,3
452851036,0.016932203,1
452898009,0.010152542,1
452898020,0.0203220345,2
452898025,0.025037288600000002,5
452898029,0.022864407,1
452898031,0.014474576999999999,4
453358011,0.0043898304,1
453453025,0.010152542,1
454804007,0.006762712,1
454804009,0.013768361666666666,3
454804011,0.014672316333333333,3
454804012,0.015237288,2
456163048,0.033881355,1
456163049,0.033881355,1
456163060,0.03321817133975482,571
456163062,0.03377401041666667,12
456163063,0.0330338975,4
456163064,0.033881355,1
456163069,0.03248022516666667,6
456163070,0.033881355,1
456163083,0.033284321254166666,480
456163084,0.033107933134969326,163
456163085,0.033091015606227105,546
456163086,0.03289687420287253,557
456163087,0.03269183295867769,121
456163090,0.033449515687116564,163
457466001,0.010976594047619047,21
457466002,0.012400968200000001,35
457722001,0.042355932000000006,3
457722013,0.022016949999999997,3
457892003,0.024512712,16
458083005,0.012915254250000001,2
458239017,0.011847458,3
458239022,0.021652543,2
458393012,0.013542373,1
458428036,0.016079096,3
458543001,0.015237289,1
458543005,0.016152542333333332,3
458543009,0.016932203,3
461327001,0.05083051,1
461327006,0.0456864405,4
461327008,0.05083051,2
461327018,0.041881355999999995,2
462435025,0.0304915255,2
462435027,0.033881355,5
462435030,0.027101696,1
464297007,0.016424364848122867,293
464297021,0.008372881075000001,4
464297030,0.011847458,1
464297031,0.016559801429245284,106
464610002,0.018627118,1
464679008,0.02540678,1
464679015,0.04976755558571429,70
464679016,0.04989104221428572,42
464695004,0.016932203,2
464695016,0.016084746,4
464908039,0.008063559250000001,16
464927008,0.015926270885,20
464927018,0.005632768266666667,3
464927020,0.008261016999999999,5
464927021,0.008457627,2
464927025,0.016315253800000002,5
464927027,0.016604187156862744,51
465655019,0.006762712,1
465655024,0.006762712,9
465816001,0.011508474500000001,2
467557008,0.01761017,2
468480025,0.01241243,3
468591014,0.033881355,1
468591018,0.02879661,1
469039019,0.02137041668,55
469137015,0.010152542,1
469562002,0.028743643375000003,8
469562006,0.027101695999999998,3
469562015,0.042355932,4
469562021,0.022543503466666667,15
469562036,0.06219886933333334,15
469562048,0.02944915216666667,6
469562058,0.027101696,2
469562061,0.0298474574,10
469562065,0.033708635095238096,21
469562067,0.042355932,4
469562068,0.04175060542857143,7
469658009,0.010152542,1
470789001,0.016453357209923664,131
470789019,0.01617552126346154,104
470789020,0.0163135585,2
470789030,0.01648594693670886,79
470789031,0.016708904706349205,63
470985003,0.009172750746153847,26
470985009,0.008457627,1
471714002,0.008042373,2
471714005,0.008457627,3
473507001,0.01931356,2
473954005,0.010060532428571429,7
473954006,0.0064610169999999995,5
473954008,0.01637680323553719,121
473954013,0.016377201470588236,51
473954014,0.016458859509090908,55
473954015,0.016580757507352942,68
474471001,0.0101525427,2
474471002,0.010152542,2
475791006,0.006313559375,4
475791010,0.0218305086,5
475791038,0.02540678,1
478298005,0.0055036319,14
478298011,0.001,1
478646001,0.0050677964,9
478646002,0.0050677964,7
478646003,0.005486682785714286,7
479167001,0.024855932541666667,24
479167002,0.021971238575757578,33
479167004,0.016932203,1
479232009,0.015237289,2
480093001,0.00782203389090909,44
481781001,0.008363465077777778,9
481781004,0.0116644066,5
481781006,0.0050847456,1
481781009,0.008881355600000002,4
481912028,0.016932203,2
481912041,0.015237288,2
483283022,0.016236077214285712,14
483283038,0.016932203,1
483633004,0.02540678,1
484205004,0.02540678,4
484398001,0.0334288127,20
485414001,0.0008474576,2
485544035,0.016932203,1
485548020,0.021275424,4
485548021,0.02540678,1
485548022,0.023355932333333333,3
485549013,0.011847458,1
485549014,0.010847458,1
485549019,0.02201695,1
485683007,0.008457627,1
485689031,0.022451977666666668,6
485726001,0.02201695,1
485726008,0.019474577,4
486639003,0.029943469235294118,170
486639009,0.02972881325,4
486639012,0.03037099777777778,9
486639013,0.029495513117647056,17
487050028,0.010830509,1
487050041,0.0055254237,1
487052014,0.0016949152,1
487052017,0.016932203,1
487052026,0.016932203,1
487052028,0.014905084200000002,5
487052029,0.0145084745,2
487205026,0.016171186100000002,10
487205027,0.016932203,4
487206006,0.013361581833333332,6
487206029,0.016932203,1
487207010,0.013542373,1
487722001,0.016932203,1
487800001,0.008457627,1
487800052,0.006762712,1
487827007,0.0487966116,5
487827009,0.05083051,4
487827024,0.0313389825,4
487932039,0.006762712,1
488012029,0.0033728813,1
488015002,0.013542373,4
488015046,0.010830509,1
488016020,0.016932203,1
488016029,0.008457627,1
488016033,0.01601694875,4
488016036,0.01591337088888889,9
488017008,0.011536723666666667,3
488017011,0.004220339,1
488018001,0.020516297846153848,13
488018002,0.02201695,1
488561021,0.017497174666666667,3
488561032,0.011847458,1
488561036,0.011610169666666665,3
488614012,0.006762712,1
488697002,0.032194915000000005,2
488697026,0.03330225916666667,6
488697029,0.033881355,2
489435002,0.0130338983125,16
489435016,0.015802259666666665,3
489838010,0.016932203,1
490113016,0.042355932,2
490113017,0.04191525399999999,3
490113018,0.027672751692307693,13
490113020,0.02098305157142857,7
490176001,0.00664406788,5
490176002,0.009690677662500001,8
490176004,0.015102543099999999,20
490436001,0.00246186445,4
491070016,0.011677966175,4
492171004,0.013542373,1
492244010,0.007355932,1
492244014,0.0033728813,1
492245014,0.011847458,1
492892001,0.0241615822,15
492892002,0.024550847555555554,18
492897001,0.024253585615384616,26
492897002,0.025018361916666666,36
492899008,0.0016779661,1
493103005,0.0084334141,7
493103018,0.0130000002,10
493103034,0.012841808037037038,27
493103035,0.012613936055555556,18
493103045,0.01257438811111111,18
493103050,0.011734463666666667,3
493814045,0.017355932,1
493836029,0.01638983,1
494058001,0.02426271175,4
494088022,0.042355932000000006,3
494094001,0.00697457625,4
494094012,0.008457627,2
495030001,0.006762712,1
495030002,0.008457627,2
495347006,0.015237289,1
495685001,0.06777966,7
495685003,0.067059323,2
495685007,0.018627118,2
495884013,0.0889661,2
496735008,0.015423729,1
496762004,0.01676997557142857,7
496923005,0.023711864666666665,6
497233006,0.030491525,1
497247003,0.011847458,2
497464003,0.030491525,1
497640002,0.0661114725,26
497640008,0.06516557946153846,13
497664024,0.011847458,1
497806001,0.016932203,1
497806003,0.02540678,2
498061004,0.0077288137,1
498738035,0.02201695,1
499334001,0.012162478134482757,29
499334003,0.012273446386666666,15
500435039,0.0049322032000000005,5
500435076,0.006090395441666667,12
500435120,0.012186440833333333,6
500435122,0.013375872588235293,17
500435123,0.013542373,5
500435125,0.01262711875,10
500435126,0.0130847458,5
500435128,0.012867231833333333,6
500435129,0.013203389999999999,8
500435131,0.012864407,2
500435132,0.012642857285714284,14
500435134,0.012845339,8
500435135,0.01320339,8
500435136,0.013406779666666667,6
501396001,0.023711864,1
501616001,0.0065762713,1
501616008,0.016932203,1
501616048,0.006423728925,4
501619020,0.013542373,1
501619023,0.02502421342857143,7
501619024,0.024798493555555558,9
501619026,0.02540678,3
501620026,0.013542373,1
501620038,0.01227118675,4
501620040,0.006762712,1
501620042,0.011615819333333333,3
501620045,0.014728814,3
501620046,0.013271186600000002,5
501620047,0.0186271195,2
501620049,0.013116760944444444,9
501722004,0.039704331277777775,18
501722005,0.0412067796,10
501914002,0.06824447827272728,33
502522001,0.0128008475625,16
502522008,0.011847458,1
502660002,0.02201695,1
502836004,0.006762712,1
502869002,0.023135593,1
503569001,0.0199491526,5
503569031,0.0214661015,2
503569033,0.022644067666666667,3
504347002,0.10167797,1
504667001,0.16779661,2
504667003,0.16779661,1
505507017,0.013542373,1
505882002,0.025729755416666666,36
505882006,0.025007909933333336,30
506098006,0.030014761849462362,186
506098007,0.029698231054347827,92
506098016,0.02987805995833333,72
506166046,0.0066797503157894735,19
507883009,0.0128665255,16
507883014,0.00493559302,5
507883018,0.013542373,2
507909001,0.023294691638679244,106
507909003,0.0234469736,35
507909026,0.010152542,1
507909030,0.024291217454545454,44
507910001,0.02540678,5
507910004,0.008457627,2
508318001,0.028033897999999998,4
508691005,0.011322034,3
509017005,0.048920904666666674,3
509091026,0.01660465396825397,126
509091045,0.0163610166,20
509091048,0.012536723333333333,3
509091050,0.013542373,1
509091054,0.016932203,7
509091057,0.01667612791566265,83
509091058,0.016505649416666667,12
509091060,0.015900188,9
509210006,0.015008475125,8
509210020,0.015229312705882354,17
509669004,0.030491525,1
509669011,0.03312301725806452,62
509893019,0.042355932,1
510283001,0.010152542,2
510283002,0.010090395166666667,3
510314002,0.013542373,1
510407093,0.0056440677,1
510407094,0.0056271185,1
510420008,0.042355932,1
510465001,0.0248101698,5
510465002,0.0166567795,4
510465010,0.013542373,1
510556002,0.021883475375,8
510791003,0.02201695,2
511033001,0.07625423,1
511105002,0.01161615153529412,17
511105013,0.0064648911857142855,7
511105017,0.021662014647058827,17
511371002,0.0333661012,5
512190003,0.014389831,1
512251003,0.02527118675,4
512251004,0.025000000300000002,10
512630004,0.033881355,1
512630007,0.03352542333333333,3
512630008,0.033881355,1
512989012,0.013496368142857143,7
512989020,0.013186440842105263,19
512989021,0.013140053684210527,19
512989022,0.01340530595652174,23
512989023,0.013384988,14
513325025,0.024118643,1
513371001,0.033881355,1
513512003,0.13237127452380953,21
513512004,0.130859894,15
513696004,0.02540678,1
513699009,0.03359065148484849,33
513699010,0.033212309578947365,19
513699036,0.025406779,2
513699041,0.033569491,10
513699043,0.033453715,13
513701002,0.033881355,9
513701015,0.033881355,1
514053001,0.084728815,1
514937001,0.021282486666666666,3
515042002,0.033881355,1
515415003,0.02540678,1
516000001,0.0167389828,10
516000002,0.008457627,5
516000020,0.006762712,1
516000044,0.012694915000000001,2
516000073,0.015237289,1
516000075,0.0045593223,1
516000086,0.016285770372093025,43
516000087,0.01622033875362319,69
516000088,0.006762712,5
516000089,0.016359652512195122,41
516000090,0.015910631490909093,55
516000091,0.005943937384615384,13
516000092,0.016932203,1
516000098,0.01663747616666667,36
516000099,0.013392778204347828,23
516000101,0.008457627,2
516723005,0.014728813,1
516741004,0.032542372666666666,3
516741007,0.042355932,1
516778001,0.15252542,1
516809003,0.012703389499999999,2
516859001,0.006762712,1
516859007,0.013329903285714286,28
516859008,0.013064203512000001,250
516859013,0.012898834796875,64
516859015,0.01327820000862069,58
516900011,0.0241355935,4
516903024,0.025118130727272727,33
516903025,0.033881355,4
516903026,0.033881355,12
516903027,0.03316706945714286,35
516903028,0.033764325238095236,21
516903036,0.03229497414035088,57
517729044,0.0033728813,1
517729088,0.010717514400000001,6
517729090,0.011649717833333332,6
517729091,0.006338983133333333,9
517729093,0.011734463666666667,9
517729096,0.005802773454545454,11
517729098,0.011186441,4
517729099,0.011231125127272727,11
517729102,0.011847458,2
517729103,0.011652542666666666,6
517762001,0.015237289,1
519192001,0.02823163766666667,3
519219012,0.02201695,1
519516001,0.042355932,7
519516002,0.0373135592,10
519583008,0.03312957816129033,31
519583013,0.016491525107142857,14
519583033,0.033881355,11
519583034,0.02201695,1
519583035,0.016932203,1
519583045,0.033172450269841273,63
519589005,0.02201695,2
519930001,0.009880039208737864,103
519975006,0.0050677964,1
520427009,0.0026440679,1
520427010,0.006762712,1
520427011,0.008457627,1
521062004,0.05083051,1
521062009,0.049959323478260875,115
521062011,0.049692470206185564,97
521805011,0.013542373000000002,3
521810001,0.015237289,4
521970004,0.019830508666666666,3
521970006,0.02201695,2
521970020,0.02167514183333333,6
522374001,0.02540678,1
522374002,0.02442796575,4
522461003,0.0336813554,5
522461012,0.011965395750000002,24
522461014,0.033006779400000005,5
522461015,0.033881355,1
522461016,0.033881355,4
522918034,0.011737288416666667,6
523404005,0.011847458,3
523404025,0.024991894130434785,23
523404032,0.02528060288888889,18
523404034,0.012694915,1
523404035,0.016932203,1
523468001,0.0050677964,1
523488001,0.0034782967390243904,41
523489001,0.004328105135820896,67
523489013,0.004193161763793104,58
523489015,0.004803705025581396,43
523489019,0.00425165795,46
523490001,0.004332122537619048,42
523490002,0.004287809511538462,52
523490003,0.004345948327397261,73
523490004,0.001717216733157895,19
523490005,0.004128721824324324,37
523490007,0.003953063803076923,13
523490015,0.004983050655555555,9
523756001,0.020338982,1
523915001,0.05083051,1
523936006,0.024877118875,8
523936032,0.02540678,6
523936035,0.024728813833333335,6
523936038,0.02540678,1
523936045,0.02540678,3
524465001,0.0043898304,1
524465002,0.01184745775,4
524529001,0.016461864,4
524529004,0.016602905285714287,7
524529006,0.016932203,1
524529010,0.01659022905882353,17
524529013,0.008608628518181819,11
524529022,0.0066779662125,8
524529032,0.0050423727000000005,2
525122002,0.01663174081818182,11
525500001,0.04197928427777778,18
525500027,0.041050847249999994,4
525500032,0.042190207055555554,18
525500033,0.04211676066666667,9
525500034,0.042355932,2
525500035,0.042355932,14
525518002,0.023711864,1
525518005,0.022016949999999997,3
525538001,0.016932203,1
525563013,0.0048474577,2
525563014,0.0050677964,2
525563023,0.0050677964,1
525563029,0.004864407,1
525563037,0.00754237285,2
525563039,0.008457627,1
525563040,0.007758800507692307,13
525563041,0.007571428528571429,7
525979001,0.0171468929,30
526751002,0.013542373,1
526836001,0.03018644,1
527601001,0.021903955000000003,3
528344004,0.010152542,1
528673003,0.0033898305,1
529321003,0.016762711,1
529589001,0.010667373175,8
529589002,0.008728813658333332,12
529942001,0.030491525,1
530106001,0.006762712,1
530165001,0.042355932,2
530235027,0.02540678,1
530235033,0.020322034,1
530544002,0.011847458,8
530953003,0.015237289,1
530953018,0.039463276666666665,3
530953022,0.042355932,1
530953024,0.04123305083333333,12
530953025,0.041051617636363634,22
531284025,0.033881355,1
531284028,0.037098869666666666,12
531284032,0.0381186435,4
531526002,0.016932203,2
532131001,0.008457627,12
532138001,0.009591964648148148,54
532147001,0.033881355,1
532578010,0.016628010421052632,19
532610001,0.030491525,5
532851004,0.006762712,1
532954003,0.0016779661,3
533002001,0.020322034,1
533022003,0.011361582,3
533022021,0.015237289,1
533022024,0.006762712,1
533022032,0.0176440685,4
533022034,0.015169491,1
533022036,0.0164915255,3
533022037,0.018104520250000002,6
533022038,0.019549153200000002,5
533022040,0.017977401666666667,6
533022041,0.0176305088,10
533022042,0.011101694499999998,2
533022044,0.0183864412,5
533135004,0.011847458,1
533261020,0.029076270833333334,6
533261022,0.033881355,4
533261025,0.03297740046666667,15
533261026,0.032751411833333334,6
533261027,0.027101696,1
533261030,0.025050847,1
533261031,0.031915254000000004,4
533261034,0.031508474,4
533404010,0.059305083,1
533404014,0.058474575333333334,3
533404049,0.059146891,3
533406024,0.030491525,1
533406025,0.04701695,2
533406044,0.05083051,1
533592001,0.030491525000000002,6
533674005,0.059305083,1
533746001,0.02336017,4
533784001,0.011847458,2
533925001,0.0050677964,1
534052001,0.0026949153,4
534164001,0.0332446505737705,122
534164028,0.03359886916666667,12
534164029,0.023593219999999998,6
534164030,0.026152541875,8
534164032,0.03313830424,50
534164033,0.033252182,33
534164034,0.032796609399999996,5
534164035,0.03350470722222223,9
534181011,0.100406778,2
534210006,0.013542373,8
534210008,0.013830509,3
534357002,0.067025423,2
534357008,0.02201695,1
534795002,0.011864407,1
535035001,0.11655367066666668,9
535035002,0.11636723066666667,3
535455001,0.010152542,1
535455002,0.010340866,9
535455003,0.011847458,7
536139006,0.01662821507352941,340
536139010,0.010624697485714287,7
536139037,0.016235404666666665,9
536139046,0.010152542,1
536139054,0.016838983000000002,2
536139057,0.016932203,1
536139067,0.01684745724074074,27
536139069,0.016656984718061672,227
536139070,0.016464113567901235,81
536139071,0.01669245669274809,262
536139084,0.01672033875,8
536358002,0.006762712,2
536410004,0.008474576,1
536968001,0.018627118,1
537116001,0.016746156569767443,86
537116004,0.016075500545454546,11
537116011,0.016426149857142858,14
537116012,0.016590960233333334,30
537119003,0.059305083,3
537732001,0.0241355935,4
537732002,0.024624511307692307,13
537732005,0.025035311041666664,24
537738001,0.010152542,1
537895005,0.013542373,1
538272001,0.021457628,4
538358016,0.05083051,1
538358027,0.10167797,6
538699007,0.00337288125,2
539060025,0.02018361583333333,6
539060026,0.020322034,1
539060030,0.019050848,1
539060037,0.0220677965,2
539217024,0.059305083,1
539291001,0.016932203,1
539291004,0.011847458,1
539357028,0.0191186445,2
539357029,0.017771187,2
539368001,0.01650847425,8
539368007,0.015802259666666665,3
539412004,0.05499152400000001,6
539465004,0.02540678,1
539961001,0.0016779661,1
540334017,0.025067797,2
540521004,0.042355932,1
540614011,0.033881355,1
540701003,0.021611062368421054,19
540701008,0.030491525,5
540768002,0.022016948666666664,3
540998028,0.027101696,1
541286032,0.02201695,1
541286033,0.01981356,1
541286044,0.021271187,2
541286045,0.0201576278,10
541308026,0.018864406,1
541308034,0.028044491249999998,8
541308035,0.025457626777777777,9
541308038,0.028081355799999996,5
541512014,0.018344633333333332,3
541518004,0.018627118,1
541519029,0.015237289,1
541695002,0.06777966,2
541758001,0.0008474576,2
541906001,0.0033813559,2
542402001,0.013586241010294117,68
542413001,0.00754745772,10
542413002,0.010942307753846154,52
542413003,0.0064305084600000005,5
542413007,0.010595641571428572,7
542464001,0.012199562683870967,31
542533001,0.033881355,4
542533002,0.03376813472,25
542533019,0.03044309878571429,14
542533032,0.033067796076923076,13
542533033,0.033551552916666665,24
542533036,0.03328571385714286,7
542551002,0.018344633333333332,3
542551005,0.02180932275,8
542551017,0.01761017,2
542551020,0.020694915,1
542551025,0.02201695,2
542846003,0.015237288999999998,5
543035013,0.010152542,1
543035015,0.010152542,1
543035017,0.030491525,1
543052004,0.0381271185,2
543054005,0.027101696,1
543054014,0.02201695,2
543054015,0.042355932,1
543054016,0.040237288999999996,2
543310001,0.011856078646551724,116
543310004,0.015445100173913042,23
543548001,0.06770795230769232,13
543548003,0.05083051000000001,5
543548008,0.067235592,10
544181001,0.025181356300000002,10
544290020,0.020915255,4
544290033,0.0153559325,1
544571038,0.012830509,1
544571043,0.018322034333333334,3
544571045,0.016220339,1
544627005,0.021169491,1
544739048,0.014745762499999999,2
545881001,0.0016779661,1
545894001,0.04519209033333333,3
546406001,0.03338285058823529,17
546565007,0.030440679,1
546579001,0.0043898304,2
546579003,0.006310734466666666,3
546662001,0.017394452727272726,11
547365002,0.011847458,1
547429010,0.03020903933333333,3
547607009,0.013423728999999999,2
547610002,0.011451977666666667,3
547747001,0.015237289,2
547752004,0.02201695,2
547780001,0.024986166772058824,272
547780002,0.024445909432098765,162
547780003,0.02483405792735043,468
547780019,0.024780455765625,64
547780022,0.02540678,2
547780025,0.02506244452631579,19
547780028,0.023948211166666667,18
547780031,0.024978150168674697,83
547780040,0.024866788347107437,242
547780046,0.023516007666666665,9
547857001,0.016949153,1
547857002,0.015802259666666665,3
547937012,0.024898305500000002,2
548531001,0.012483051125,8
548613003,0.008474576,1
548659003,0.014757062904761904,21
548696001,0.0140677965,2
549262001,0.010152542,1
549437014,0.018932204,4
549477002,0.042355932,1
549477005,0.042355932,1
549896007,0.019050848,1
549961019,0.02201695,1
549961021,0.018864406,1
550021002,0.0016779661,2
550021003,0.0026949153,1
550285005,0.018627118,2
550309001,0.01474858825,12
550309009,0.02201695,1
550888001,0.018627118,1
550969001,0.008457627,1
551044047,0.033881355,3
551044048,0.033881355,1
551044050,0.028661017499999997,2
551044051,0.023033898,4
551045079,0.015237289,1
551194005,0.030491525,1
551218004,0.015855932,2
551379001,0.0303627115,10
551504001,0.08376029285714286,7
551504010,0.10038700866666667,12
551504018,0.096028252,3
551566016,0.035704802,12
551943001,0.016949153,1
552041008,0.033881355,1
552346001,0.015990583444444442,9
552346013,0.012694915000000001,2
552346021,0.033881355,1
552346024,0.018627118,1
552370002,0.01184745735,4
552590001,0.00413559326,10
552617003,0.013542373,1
552716001,0.03310652645531915,470
552716012,0.032690292,11
553271002,0.042355932,1
553271004,0.039745763,1
553611023,0.015237289,1
553611028,0.013542373,1
554141001,0.016569007142857143,7
554141003,0.014145278285714285,7
554141022,0.01181356,1
554141032,0.016826741555555556,9
554450001,0.03318187448148148,297
554450004,0.032982730273584906,106
554450019,0.033319914,8
554450025,0.02126502381818182,11
554450026,0.033520338100000005,10
554450027,0.02947597377010309,97
554450035,0.032916335255319146,47
554450036,0.03327831751948052,385
554450042,0.0326016935,2
554450043,0.033631960714285716,7
554450046,0.0330338975,4
554450047,0.033812348,14
554450051,0.033881355,2
554477005,0.010152542,9
554477007,0.006289676527272727,11
554477020,0.008457626800000001,3
554477035,0.011793079458333333,24
554477037,0.0067342811387096765,31
554479001,0.007372881428571428,14
554541016,0.0383220335,6
554541032,0.0381186435,2
554541060,0.042355932,1
554546036,0.018627118,1
554546044,0.011847458,1
554546045,0.014112994333333332,3
554598001,0.016429840092788462,208
554598003,0.01641963096153846,91
554598009,0.011847458,1
554598038,0.016932203,2
554598047,0.01644403831896552,116
554598058,0.010152542,1
554598062,0.016301825115384614,26
554598063,0.0164135591,10
554598065,0.01651874660606061,33
554598066,0.01654454569230769,39
554598067,0.01674523275,32
554598070,0.01661371080597015,67
554598071,0.016413236261904763,42
554598077,0.01656271164,50
554598080,0.016338276625,48
554598081,0.016598150672727272,55
554598083,0.016585762493333333,75
554598086,0.01640949126,50
554598087,0.016361581706349205,63
554811020,0.006762712,1
554811021,0.010152542,2
555102001,0.01551977475,12
555353002,0.016559321,1
555353017,0.0043898304,1
555945002,0.033881355,1
556255001,0.009919055072794117,272
556255005,0.0221385415,23
556260001,0.030134759344262296,61
556260002,0.03352758005454545,55
556260004,0.030213019636363636,44
556260008,0.049817794750000005,4
556438001,0.016932203,1
556527018,0.05083051,2
556539001,0.004913062381034484,232
556539003,0.004948177432743363,226
556539010,0.004957852927333334,150
556539011,0.004928319072916667,48
556539014,0.004886722986666666,60
556539016,0.0049932636371794875,78
556539018,0.005058216452173914,23
556539023,0.004940179300000001,17
556539027,0.004952576440404041,99
556539028,0.004905176197297298,37
556539030,0.004995480060000001,15
556539032,0.004977068611764706,17
556539033,0.0046961257142857146,14
556539034,0.005047316183333333,24
556539036,0.005026075434615385,26
556539039,0.0048487612769230765,13
556539043,0.004876895463157896,19
556546001,0.0248983054,5
556560001,0.015632157364864865,37
556560005,0.016932203,3
556560009,0.015587752612903226,31
556560011,0.016014124166666668,12
556560012,0.015523949652173913,23
556677010,0.0389661,1
556677011,0.035457626,1
556849018,0.031944309571428575,7
557092001,0.0016779661,1
557241003,0.05083051,2
557599001,0.01674387922222222,9
557599022,0.01663805328091398,372
557599023,0.01662983022,100
557651002,0.02201695,1
557908004,0.02540678,6
557908018,0.01067514145,6
557908028,0.009364406875,4
557994003,0.03022727228030303,132
557994007,0.013144068,4
557994014,0.03024383136708861,158
557994015,0.030722087285714284,63
557994019,0.018627118,3
557994022,0.030237287749999998,12
558494001,0.02201695,1
558514022,0.031169491400000006,5
558514026,0.029816949200000005,5
558514027,0.033881355,3
558524013,0.0144745765,4
558868001,0.0265762715,2
558979004,0.011847458,1
559018001,0.016440678,1
559129008,0.042355932,1
559129018,0.042355932,2
559129020,0.0381186435,2
559139007,0.02201695,1
559139008,0.02201695,1
559139018,0.03892203365,20
559139019,0.04168926541666667,24
559139021,0.0371372878,10
559139026,0.042355932,1
559426002,0.015237289,1
559426006,0.012584746,2
559426008,0.015237289,1
559482010,0.011847458,4
559529001,0.0008474576,2
559575001,0.0318474571,10
559601003,0.013542373,7
559601010,0.013331846671052633,38
559601019,0.0208915261,10
559601021,0.020668281571428575,7
559607003,0.013542373000000002,3
559616001,0.015237289,1
559616002,0.02540678,3
559616013,0.025059195850746268,67
559616017,0.015725988875,24
559616020,0.02324105477777778,9
559630003,0.01249515745,14
559630008,0.015237289,3
559630019,0.00676271165,2
559630020,0.010152542,1
559630026,0.013329297914285713,35
559630027,0.02397948284210526,19
559630029,0.024891359032786886,61
559633008,0.0409771385116279,43
559633018,0.028372881333333332,3
559633019,0.036892655,3
559633020,0.0362542376,5
559633023,0.032680791333333334,6
559645002,0.014101695,1
559645005,0.0033728813,1
559649001,0.013542373,2
559717004,0.011847458,1
560047001,0.011716849517647059,17
560047002,0.012983051,10
560203001,0.02201695,2
560204001,0.011610169666666665,3
560213002,0.015237289,2
560214001,0.010152542,4
560216002,0.013542373,1
560221004,0.010152542433333333,3
560221006,0.013542373,1
560221012,0.01142372886,5
560389002,0.012694915,1
560389014,0.018627118,1
561274001,0.018842749861111112,18
561291001,0.01808674,17
561303001,0.015782082285714285,7
561303012,0.016932203,1
561307029,0.024265172516129033,31
561307036,0.024534550461538462,13
561307038,0.02540678,4
561370001,0.011847458,2
561706001,0.042355932,1
561730001,0.059305083,1
561797004,0.016932203,2
562144001,0.0033728813,1
562211012,0.004779661,1
562245001,0.02967441802325581,43
562245004,0.013542373,1
562245005,0.013542373,1
562245015,0.01505740914516129,62
562245018,0.016643203843949045,157
562245023,0.013542373,1
562245025,0.0192288139625,8
562245046,0.03281255030028329,353
562245050,0.02115678027083333,48
562245061,0.033881355,2
562245062,0.020236077178571427,28
562245064,0.013542373000000002,3
562245084,0.03236538115044248,113
562245088,0.023116547381443298,97
562245089,0.021369799999999998,11
562245090,0.033881355,1
562245093,0.03218643983333334,12
562245094,0.026506591222222223,18
562245096,0.033457626250000004,8
562245097,0.02829012938235294,68
562245098,0.030592009142857146,28
562245099,0.033193407844444446,90
562245100,0.02582511497727273,44
562245102,0.032227174945378155,238
562245103,0.03085183090322581,31
562245104,0.03284545394545455,110
562245106,0.03277899383146068,178
562245108,0.03243400581914894,94
562245112,0.032586083122807016,57
562252010,0.011700565000000001,3
562252028,0.02498305116666667,6
562252032,0.010152542,1
562252035,0.02201695,1
562252039,0.0074237287,1
562455002,0.00979661,1
562498002,0.018920904333333332,3
562498011,0.014866102400000001,10
562498015,0.025088983375,8
562613006,0.011847458,1
562613007,0.021271187166666667,51
562613010,0.021488266730769232,26
562613011,0.021925424399999997,5
562613013,0.012753026857142857,7
562613018,0.021191251310810812,74
562636002,0.015237289,2
562657001,0.009781779478125,32
562657006,0.010089367909090909,11
562657007,0.010083534857142858,14
562734021,0.013542373,1
562761001,0.005322034,1
562990012,0.017135594,1
563204001,0.013542373,2
563477019,0.02159322,1
563477022,0.018838983,2
563477024,0.02032768388888889,9
563519008,0.024834140714285715,14
563519013,0.013542373,7
563635003,0.011847458,1
563660002,0.01139548056,15
563814001,0.062694915,1
563993002,0.0050677964,2
564154001,0.006762712,1
564309020,0.008457627,2
564309022,0.016157653719047618,63
564309037,0.016932203,3
564309042,0.01671186422222222,9
564309046,0.014499999883333331,6
564309048,0.016620997805555555,36
564309050,0.016932203,2
564309051,0.016164648642857143,14
564310006,0.010152542,1
564310025,0.007915254100000001,5
564310026,0.018186440666666668,3
564310027,0.02201695,1
564310029,0.02193785366666667,6
564310030,0.0033728813,1
564310036,0.022016949999999997,3
564310037,0.0213750005,8
564310038,0.02178681808888889,45
564310039,0.021920097657142857,35
564310040,0.021533669864864866,37
564310047,0.021796611,10
564311002,0.02482891975,32
564311005,0.024241525666666666,12
564311019,0.023001994194117647,17
564311023,0.02455932225,16
564311035,0.024867231833333333,6
564311036,0.025055869703703704,27
564312033,0.011847458,1
564313003,0.024664223837837836,37
564313017,0.02430508475,4
564313022,0.010717514466666666,3
564313028,0.02378248616666667,12
564313029,0.02495896552631579,19
564334002,0.010152542,2
564358010,0.0313389825,2
564358012,0.03294852403703704,27
564358021,0.013542373,4
564358023,0.011847458,1
564358033,0.03243596916666666,36
564358039,0.012940678,2
564358050,0.013542373,1
564358051,0.029841807333333335,9
564358053,0.033881355,5
564358055,0.011847458,2
564358057,0.03363880696551724,29
564358058,0.032935969244444446,45
564358059,0.033110410914285716,35
564358060,0.033150120408163265,49
564358061,0.033500272677419354,31
564358062,0.033196712303030305,33
564375013,0.027440678,2
564417001,0.013542373,9
564786001,0.008457627366666666,3
565287001,0.016932203,2
565292012,0.0076101697,1
565379002,0.008457627,2
566140001,0.016842894076923076,26
566140009,0.010067796333333334,3
566140015,0.008457627,4
566140017,0.0033728813,2
566140025,0.004220339,1
566140035,0.004195254256,25
566320001,0.0080576272,5
566320006,0.008355932333333335,3
566320044,0.008457627,1
566486002,0.0037966103,1
566534014,0.016932203,1
566942002,0.012694915,1
567418047,0.013542373,1
567418048,0.0181186446,5
567418053,0.019451977999999998,6
567418054,0.02201695,9
567424042,0.05083051,1
567424043,0.05083051,1
567532004,0.031621469,3
567532015,0.04148354920588235,34
567532021,0.034728814,2
567532027,0.040237288999999996,2
567532029,0.04158551636363636,11
567532030,0.042355932000000006,24
567534020,0.030491525,1
567535019,0.019757062833333335,6
567636001,0.02540678,4
567638010,0.02201695,1
567638012,0.008457627,2
567638017,0.010246704,9
567657013,0.0142542375,1
567729004,0.0033728813,1
567731002,0.006762711766666668,3
568456008,0.0176949145,2
568456017,0.030491525,2
568456020,0.021771187,4
568478001,0.030491525,2
568570002,0.016932203,1
568572001,0.0033728813,1
568573001,0.013476459666666668,9
568593002,0.0223559324,5
568593005,0.0239728818,5
568593016,0.022755932,5
568594001,0.0043898304,7
568597006,0.041243621402135236,281
568597007,0.041410593249999995,200
568597023,0.04145832613402062,97
568597028,0.030491525,2
568597033,0.03740523890909091,11
568601006,0.04971503956370656,518
568601007,0.0496020382735426,223
568601023,0.0498079481986755,151
568601026,0.048942058767441864,43
568601030,0.04953753154135338,133
568601037,0.035576273,1
568601038,0.03465254275,4
568601043,0.04924568616972477,218
568601044,0.04983160969911505,339
568601045,0.05015819333333333,3
568652009,0.0033728813,1
568808001,0.04124039807339449,109
568808023,0.009050847,1
568838007,0.0144745765,2
568838009,0.021903148285714286,7
568869003,0.010152542,1
569246008,0.032402215846153846,26
569355012,0.010152542,1
569594001,0.012694915,1
569976003,0.021169491,1
569984001,0.016542741195652175,46
569984002,0.016458050675,40
569984019,0.0141457626,5
569984026,0.016682349293103447,58
569984028,0.015237289,1
569984035,0.016254237,3
569984043,0.016829566555555554,18
569984045,0.0165932202,5
569996004,0.011645763,10
570002001,0.013367414008064515,62
570002002,0.013387629415584414,77
570002048,0.01020000012,5
570002051,0.00811864425,4
570002054,0.006762712,3
570002073,0.006762712,1
570002074,0.013214324870967742,31
570002079,0.013542373,4
570002080,0.013391713888888887,9
570002081,0.0077118644,5
570002082,0.008457627,1
570002083,0.012931144125,16
570002085,0.0130463278,15
570002088,0.013542373,10
570002090,0.010152542,1
570002093,0.01136864425,4
570002094,0.01345762725,16
570002095,0.012638418333333333,3
570002096,0.01334101704,25
570002097,0.013250847599999999,5
570002099,0.012661017,1
570002100,0.013014124416666667,12
570003001,0.013147493765957446,47
570003002,0.01310144575,68
570003040,0.0050677964,1
570003054,0.006762712,2
570003056,0.012750978,13
570003065,0.005858757133333333,3
570003067,0.013542373,1
570003069,0.013288135625,8
570003070,0.013438070538461539,13
570003072,0.013393597055555555,18
570003073,0.013456416571428572,14
570003075,0.0121864408,5
570003076,0.0098700565,6
570003077,0.013542373,1
570003078,0.01334369125,36
570003079,0.013378096538461538,13
570003081,0.012987039058823528,17
570003082,0.0133400424375,16
570003083,0.013542373,1
570004009,0.014220338999999999,5
570004010,0.014055469927272728,11
570004011,0.010152542,1
570004069,0.016932203,2
570004105,0.0129353814375,16
570004106,0.014935593200000001,15
570004107,0.0118474575,2
570004108,0.009625251277118644,118
570004109,0.014813559,2
570004112,0.01015254225,4
570004115,0.01636723125,12
570004118,0.016748183666666666,21
570004119,0.016608385087719297,57
570004120,0.01640861181081081,37
570004124,0.016932203,5
570033001,0.010152542,1
570033020,0.006214689366666667,3
570189002,0.024753026857142858,28
570189003,0.024514931666666667,21
570189006,0.012694915,2
570268001,0.032175141666666664,3
570319001,0.020861325677272727,66
570319025,0.019919021222222222,9
570319043,0.013271186600000002,5
570319050,0.020372881928571427,14
570319054,0.021528100631578947,19
570333002,0.01761017,1
570384002,0.033881355,2
570428001,0.006762712,1
570900005,0.02540678,1
571041001,0.022593221200000003,5
571048002,0.017658595428571427,7
571092001,0.026254237333333333,3
571451001,0.0164169488,5
571452001,0.011847458,1
571473004,0.02540678,3
571484007,0.021169491,1
571538003,0.0031864408,1
571650002,0.033881355,1
571706001,0.021169107068181817,44
571706010,0.020384887708333334,24
571706012,0.02158305166666667,15
572127013,0.021249615545454546,11
572127018,0.0155762708,5
572507005,0.02540678,1
572791007,0.011779661285714286,7
572797001,0.011735876029166667,120
572797002,0.011593220632558139,86
572797041,0.01139830525,4
572797043,0.0117728816,5
572797044,0.011847458,1
572797046,0.0050677964,1
572797047,0.011847458,1
572797048,0.011847458,8
572797049,0.011732849428571428,42
572797050,0.01163124172972973,37
572957005,0.016932203,2
572957023,0.04154580071910112,89
572957024,0.041992829,26
572998001,0.04178818678989899,495
572998002,0.042355932,1
572998004,0.03409322025,8
572998005,0.04123986767391304,46
572998006,0.03811259057142857,14
572998007,0.041235020169014085,142
572998009,0.04140194120140105,571
572998012,0.0189635587,20
572998013,0.041598371401960786,102
572998016,0.04083829581081081,37
572998017,0.042355932,1
573071001,0.006762712,1
573085004,0.0217627115,4
573085005,0.022987674,11
573085020,0.011847458,1
573085028,0.03258997406382979,141
573085030,0.011847458,2
573085033,0.015803389600000002,5
573085034,0.016932203,1
573085038,0.01919209033333333,3
573085040,0.015237288,2
573085042,0.03318395946341464,82
573085043,0.033207236432515344,326
573085044,0.0319505645,12
573085045,0.023399515571428574,14
573085047,0.033435083915000004,200
573085052,0.03278734662790698,86
573085054,0.03312602441935484,62
573085055,0.032424406280000005,50
573085057,0.033881355,5
573152021,0.011847458,4
573152025,0.013421845666666666,9
573152032,0.02540678,3
573390001,0.01122555406153846,13
573605007,0.030322033666666665,3
573605026,0.029559321888888893,9
573605027,0.03011016875,4
573608013,0.016932203,1
573704001,0.013542373,1
573716012,0.02457757523076923,65
573716049,0.010152542,2
573716050,0.017779660500000002,2
573716052,0.014589830600000001,5
573856001,0.011986440899999999,35
573856023,0.011773416894736842,19
573856024,0.015237289,8
573937001,0.016852465136363636,44
573937005,0.02201695,5
574109011,0.024805742826484015,219
574109012,0.007492153092592594,27
574109025,0.024341808166666666,18
574109028,0.02450943420754717,53
574109029,0.024507415468750002,32
574109032,0.024830508681818183,44
574109035,0.0250893685,44
574109038,0.0146627117,10
574109039,0.025036596575510203,245
574109042,0.024976540854304636,151
574109043,0.02478608298757764,161
574198010,0.033881355,1
574399001,0.0043898304,2
574399003,0.007887947266666667,18
574401001,0.02540678,1
574594002,0.0036610168000000003,3
574715001,0.0016779661,1
574752003,0.016932203,1
575156026,0.020322034,1
575156027,0.024176271399999998,5
575156031,0.022864407,3
575347003,0.013230266460714285,140
575347011,0.013151047,34
575347014,0.01327101707,100
576050001,0.042355932,1
576104002,0.025826876714285716,14
576656004,0.027254237,1
576692001,0.016932203,3
576693001,0.008457627,1
576773018,0.013542373,1
576775001,0.023817797,4
576897001,0.0134618645,8
576897006,0.006762712,1
576897007,0.012364406750000001,2
577006014,0.013542373,1
577294042,0.0190254235,2
577327001,0.016932203,1
577359004,0.017271187,1
577393001,0.04079886973333333,15
577425011,0.00727118635,6
577425018,0.016932203,2
577425021,0.016675423449999997,20
577425022,0.016563559,8
577477003,0.02540678,1
577494012,0.015237289,1
577512001,0.047923729,2
577529002,0.01580226,3
577556001,0.030491525,1
578113001,0.030491525,2
578113002,0.02201695,2
578311009,0.02998305052173913,23
578311010,0.0302881352,15
578311015,0.024847457,1
578422004,0.008474576,1
578472001,0.07625423,1
578476001,0.04950866573669468,357
578478001,0.048264758551724136,29
578480002,0.084728815,1
578626003,0.050555086250000006,4
578626007,0.0194745765,2
578626012,0.05083051,2
578626019,0.049877120000000004,8
578626020,0.05083051,1
578630002,0.0333728805,10
578630003,0.03362182125,16
578630023,0.0199830515,2
578630025,0.03343573370833334,24
578630026,0.03366384091666667,12
578630029,0.033694329965517245,29
578630031,0.0318508469,10
578752001,0.027391948925,40
578752002,0.015736581791666666,24
578752003,0.030491525,1
579010033,0.013542373,1
579010034,0.013542373,1
579010037,0.010900726607142858,14
579010038,0.013542373,7
579010039,0.013295958423076923,13
579010041,0.013032687642857144,14
579302001,0.015459040166666667,12
579302004,0.016932203,3
579302015,0.013542373,1
579302018,0.033881355,1
579541001,0.016514226288536955,663
579541004,0.01642946135294118,68
579541011,0.016932203,1
579541026,0.010717514,3
579541072,0.016324858541666667,96
579541075,0.016589171477732794,247
579541076,0.016474340631944445,72
579541077,0.016272994146666667,75
579541086,0.01661426803267974,153
579541087,0.016546093121951218,41
579541089,0.01671965590047393,211
579692002,0.015237289,1
579695004,0.05083051,1
579695005,0.05083051,1
580102004,0.016932203,2
580145001,0.016932203,1
580301001,0.06777966,3
580301002,0.06777966,1
580684001,0.0068177967049999995,20
580684003,0.006508474625,4
580684015,0.006762712,2
580840001,0.0302362285,16
580853001,0.042355932,2
581051001,0.0194745765,2
581117007,0.011847458,1
581138002,0.05083051,1
581187004,0.023711864,1
581275009,0.010152542,1
581298005,0.013542373,1
581315001,0.012711864,1
581363001,0.006536723283333333,6
581588002,0.02435381375,8
581781008,0.04446704455555556,9
582216001,0.015237289,2
582245001,0.033881355,4
582258001,0.03019915225,4
582340003,0.0050677964,1
582480023,0.015237289,1
582480026,0.012350282266666665,3
582625006,0.042355932,1
583039001,0.02540678,1
583158008,0.016932203,1
583456006,0.0301620765625,16
583456007,0.0220169495,2
583534002,0.010152542,1
583776004,0.030491525,5
583933005,0.014389830333333332,3
583976001,0.016932203,4
584157003,0.013542373,1
584298001,0.033397093571428574,14
584298010,0.032745762,5
584298016,0.033881355,2
584298026,0.011847458,1
584298027,0.033881355,2
584298028,0.03256214633333333,6
584298031,0.033508476,1
584298032,0.03277966011111111,9
584298035,0.0330338975,6
584298036,0.03362711827272727,11
584298037,0.03319209066666667,3
584327002,0.011847458,1
584483003,0.006681356056666666,30
584631049,0.015378530758333333,12
584631051,0.006762712,1
584631054,0.006762712,1
584631056,0.011654111981481483,27
584631058,0.006762712,1
584631061,0.016932203,2
584631063,0.016932203,1
584631070,0.016932203,1
584631072,0.0165016946,20
584631077,0.016932203,2
584631078,0.016798393947368418,19
584891001,0.02540678,4
584915009,0.05083051,1
584927003,0.084728815,1
585000001,0.06777966,2
585094002,0.0228686445,4
585108001,0.06777966,1
585130004,0.015237289,2
585158003,0.008457627,5
585480001,0.015460765503703703,27
585480002,0.01646743944736842,38
585480003,0.014240113499999998,6
585612001,0.0050677964,1
585657002,0.033661015,1
586007001,0.016932203,1
586273001,0.013542373,1
586273002,0.0033728813,1
586310010,0.012694915,1
586333002,0.01359322,1
586518004,0.030491525,2
586795001,0.0418262715,4
586795002,0.05083051,1
586796003,0.0478644055,4
586796004,0.013542373,1
586797005,0.013542373,1
586896030,0.008457627,4
586955001,0.006762712,1
587026012,0.05083051,4
587026014,0.016853106916666666,12
587026020,0.015949152444444444,9
587026031,0.011847458,1
587026034,0.011847458,1
587026035,0.049813560800000004,5
587026038,0.016932203,1
587026040,0.013711864,1
587026041,0.016932203,1
587137009,0.027101696,1
587228002,0.006905441721052632,19
587229001,0.010152542,3
587231002,0.016932203,2
587524001,0.0305779656,10
587644001,0.033881355,1
587748001,0.029698305199999997,5
587759005,0.030491525,1
588156001,0.036706214,3
588184013,0.02858474525,4
588184015,0.033881355,3
588299001,0.027101696,1
588526002,0.10167797,3
588588004,0.0033728813,1
588608003,0.05083051,2
588689001,0.033881355,1
588689010,0.009711864,1
588771002,0.015237289,1
589017001,0.04216306231034483,29
589017002,0.021879237875,8
589017003,0.021911017625,8
589222001,0.033881355,1
589222003,0.024949152727272727,11
589222005,0.009950334723255815,43
589268002,0.027101696,1
589440002,0.05083051,1
589440005,0.030491525,2
589514001,0.03342702383333333,36
589514002,0.013542373,1
589520013,0.0251779665,4
589520019,0.02540678,1
589520020,0.024183616166666668,6
589521001,0.015237289,1
589521006,0.027440678,2
589521011,0.0291677964,10
589521024,0.024389831,1
589521026,0.027186439999999996,3
589526004,0.012694915000000001,2
589549011,0.02201695,1
589556013,0.02201695,2
589599001,0.011847458,4
589599010,0.015237289,2
589599031,0.015237289,2
589599033,0.012039548277777777,18
589599036,0.013542373000000002,3
589599037,0.011847458,2
589599042,0.013183615916666667,6
589599045,0.013542373,1
589599047,0.015237289,3
589722008,0.009305084500000001,4
589748001,0.014124576845,40
589748005,0.006762712,1
589748012,0.0099872882125,8
589829001,0.033881355,3
589832001,0.03275141166666667,3
589835001,0.016338982857142855,14
589835002,0.030491525,1
589896010,0.015872881000000002,6
590019004,0.023711864,2
590071011,0.02201695,1
590294001,0.016932203,4
590869003,0.012864407,4
590916002,0.020915255,2
590919006,0.022016949999999997,3
590919007,0.016932203,2
590928001,0.02945874188157895,76
590928022,0.029354990222222224,18
590928023,0.02922563528125,32
590928025,0.021949960333333334,21
591334003,0.0135423726,5
591334019,0.014849695952830188,53
591334023,0.015124293666666665,3
591334035,0.0165163435,28
591334037,0.014389830499999999,2
591334039,0.0152372881,10
591466002,0.006762712,1
591466024,0.014107344333333334,3
591466033,0.012545049289473684,38
591466038,0.0137351694625,8
591466042,0.013542373,1
591466047,0.015677965857142855,7
591836013,0.013542373,1
592039001,0.02201695,1
592180005,0.02879661,1
592743055,0.0167764828125,16
592743056,0.013330508349999999,4
592773001,0.025152542,1
592846001,0.00648305085,2
592932019,0.01325677975,20
592932021,0.0126652545,4
592986002,0.027661016,1
593049001,0.02201695,2
593968003,0.02201695,2
593970002,0.026677965999999997,2
594177009,0.014232665636363636,11
594177017,0.01981356,2
594177018,0.017728813,1
594177019,0.018666667333333335,3
594264003,0.02540678,1
594350003,0.015237289,4
594453001,0.042355932000000006,3
594453003,0.033881355,3
594541019,0.013484261285714286,21
594541020,0.0127076267875,8
594541033,0.009033898,1
594541041,0.016805084249999998,4
594541047,0.013590882396551724,29
594541048,0.014701271,8
594542027,0.0235916315625,32
594542028,0.018932203,2
594542039,0.0231461865,8
594542045,0.025245763,4
594542049,0.0235423732,5
594542050,0.02294761181818182,11
594543022,0.011288135,1
594543024,0.010915254,2
594543035,0.011847458,1
594543037,0.014110168999999999,2
594561001,0.029440679,1
594618001,0.011847458,3
594978001,0.00974576278,5
594978004,0.00981355935,2
594978005,0.007793528509090908,11
594987002,0.01046327685,6
594987010,0.006762712,1
594987012,0.008457627,2
594987016,0.006762712,1
594987017,0.0082711865,2
594987022,0.016666666666666666,3
594987023,0.016932203,4
594987024,0.016455538931159423,138
595147001,0.0033728813,1
595306003,0.02201695,1
595440015,0.02201695,1
595696005,0.00981129918,45
595696021,0.011847458,5
595696031,0.008457627,15
595773002,0.008265536566666667,3
596311001,0.015237289,2
596346001,0.02201695,1
596346002,0.02201695,2
596346003,0.021019068374999998,8
596346004,0.02201695,1
596365001,0.012966102,1
596400007,0.01428203391,50
596400008,0.01496219023076923,13
596400010,0.013542373,1
596400021,0.013343220499999999,4
596400026,0.0129491525,4
596400027,0.012751412333333332,3
596793001,0.030491525,1
596877005,0.04120739590909091,55
596877016,0.021169491,1
596950007,0.020932203666666666,3
596950008,0.015720339,2
596950009,0.014677966,1
597061001,0.084728815,1
597163001,0.0312033891,20
597510001,0.06777966,5
597510020,0.06777966,1
597524003,0.0099491524,5
597524009,0.00940678,1
597524015,0.0091355932,5
597524029,0.0093898305,4
597891002,0.014528913911764706,34
597891012,0.015237289,1
598423001,0.02540678,2
598457001,0.0252344635,6
598515003,0.011847458,1
598515006,0.0083502825,3
598515007,0.010152542,1
598515009,0.010152542,1
598515013,0.0060847457,2
598515015,0.006762712,1
598515020,0.008245762675,4
598515022,0.01678702991304348,23
598515024,0.016932203,1
598515028,0.016932203,3
598515030,0.016932203,1
598515031,0.015619854571428572,14
598515032,0.016079530384615383,26
598515033,0.016420701946428574,112
598755001,0.013246354085271316,129
598755002,0.0133370275,104
598755003,0.0133038137,40
598755011,0.013542373,2
598755015,0.010311066882352941,17
598755019,0.012595641809523809,21
598755031,0.013320730269230769,26
598755037,0.013298566,13
598755045,0.0132012713125,16
598755046,0.013303003385964912,57
598762002,0.059305083,1
598770001,0.010152542,1
598859001,0.027101696,1
598859008,0.059305083,1
598859009,0.027440678,1
599090026,0.010152542,1
599489001,0.040545021031249996,32
599502001,0.04526150257142857,7
599502014,0.014898305,1
599580012,0.01668220313888889,36
599580014,0.00412135596,25
599580017,0.016932203,4
599580020,0.006762712,1
599580024,0.008210922811111111,9
599580028,0.004949152500000001,3
599580036,0.011847458,7
599580038,0.016653585123076922,130
599580041,0.016932203,6
599580042,0.01588323891111111,45
599580044,0.013381515981132077,53
599580046,0.015420589962962963,27
599580047,0.009935443360294118,68
599580049,0.011645763,10
599580052,0.016700461945454544,55
599580055,0.016352247282608697,46
599580056,0.0083665253375,8
599580061,0.014515908201754385,57
599580067,0.0083802505,23
599580068,0.0118067794,10
599580072,0.016125635275,80
599580074,0.01660760115151515,66
599580076,0.013248073909090911,11
599580083,0.01670918794736842,19
599580086,0.01115466125,8
599716001,0.030491525000000002,3
599716002,0.024841807666666663,3
599718001,0.021880414166666664,18
599718002,0.025822803999999998,11
599718009,0.028105932125,8
599718012,0.030491525,2
599718015,0.030237287666666668,3
599718037,0.01492796675,4
599718043,0.01680387375,28
599718044,0.030491525,2
599718045,0.030491525000000002,3
599719001,0.011336157961111112,18
599719002,0.010152542,1
599719004,0.028796609600000002,5
599719019,0.027101694333333332,3
599719021,0.016663136125,8
599719023,0.010644068,1
599719029,0.031217917142857144,7
599719031,0.0270550845,4
599719038,0.033101697,1
599719041,0.03379472633333333,9
599719051,0.013542373,1
599719054,0.03378389775,8
599719055,0.033769975285714286,7
599719056,0.033620762,16
599742004,0.013542373,1
599893007,0.006762712,2
599903001,0.011847458,2
599945008,0.04938014642857143,7
599945010,0.022016949999999997,3
599945015,0.0455762716,5
599945019,0.05083051,3
599945020,0.05083051,2
600167001,0.015254238,1
600229001,0.0323898295,6
600229002,0.021774012,3
600372001,0.015237289,2
600372002,0.013542373000000002,3
600373001,0.008457627,4
600791001,0.03599999925,4
600791002,0.024989829800000002,5
600886001,0.02448551148387097,62
600886011,0.025406780000000004,11
600886022,0.019492177500000003,26
601128003,0.013542373,1
601595002,0.030491525,1
601728001,0.033881355,3
602409001,0.033881355,3
602409002,0.016932203,1
602673007,0.0494254249,10
602673015,0.045262713,6
602673019,0.030491525,4
602673021,0.05083051,1
602673022,0.05025605457142857,28
602673025,0.04800565083333334,6
602722001,0.013276836285714286,21
603026002,0.0018644067,1
603145001,0.0013728814,1
603145002,0.0030508474,1
603582001,0.009163841933333333,3
603584001,0.030548021666666664,3
603584013,0.02201695,1
603584018,0.011847458,1
603584019,0.011847458,1
603584020,0.011847458,1
603686001,0.010145009055555557,9
604068012,0.046310736,6
604068014,0.05043583671428571,7
604988011,0.030491525000000002,3
605094001,0.0026949153,1
605094028,0.0030338983,1
605106001,0.0050677964,1
605106006,0.012186441,1
605106008,0.006762712,1
605683003,0.023711864,1
605690001,0.009813559333333334,3
605690003,0.0033728813,1
605716003,0.030491525,5
605757002,0.02540678,1
606022004,0.015237289,2
606379001,0.0050677964,1
606395006,0.05879216964285715,42
606395021,0.0585847441,30
606395022,0.026254238,2
606395023,0.058456151826086954,23
606395026,0.055922033,5
606395030,0.059140434000000006,7
606696001,0.033881355,3
606710003,0.015237289,1
606800001,0.027669491249999997,4
606800002,0.04150847575,4
606800004,0.05422033825,4
606814001,0.04518079133333333,3
606814002,0.042355932,2
607030006,0.015237288,2
607030008,0.01646892633333333,6
607031009,0.011561440875,8
607154015,0.016932203,1
607224001,0.033881355,16
607224011,0.031443668294117655,17
607642008,0.013542373,2
607642009,0.025915254,1
607664003,0.02540678,1
607670001,0.0112796615,2
607670002,0.014858757666666667,3
607705002,0.015237289,3
607705005,0.033881355,1
607761001,0.018966101,1
607968004,0.016932203,1
608007001,0.02543023001369863,73
608007006,0.05083051,2
608007007,0.061338983400000005,5
608007014,0.033493219500000004,10
608007015,0.03343541693103448,29
608007017,0.0634915246,5
608013003,0.03823970928571428,7
608013005,0.013542373,2
608013008,0.027110171,2
608016001,0.011508474,1
608022001,0.04216949133333333,3
608028001,0.021451977666666667,3
608069011,0.016135593,5
608069034,0.016932203,1
608155001,0.02201695,4
608155004,0.030491525,1
608776002,0.012832105213768116,138
608776020,0.012867635285714284,21
608776021,0.012271186500000001,12
608776024,0.013107247353448277,58
608776025,0.012983798727941177,68
608943004,0.0167627115,2
608943015,0.025044068066666664,15
608943016,0.016508474500000002,4
608943026,0.02540678,1
608943027,0.014474576,1
608945001,0.015951271,8
608945008,0.016481234571428572,28
608945012,0.01662403681818182,11
608945019,0.011997709374324324,74
608945022,0.00608474585,2
608945023,0.016798565499999998,26
608945027,0.016444665764705883,17
608945028,0.01633399776470588,17
608945029,0.0097457624,5
608945030,0.016555555444444443,9
609025002,0.021169491,1
609170009,0.02688559325,4
609170010,0.0286271186,5
609182009,0.04031638433333334,3
609182010,0.03859322,1
609185019,0.016177966000000002,2
609206001,0.118627116,1
609301001,0.010152542,1
609332001,0.011847458,3
609332002,0.0074364407125,8
609405001,0.07625423,1
609483019,0.02540678,2
609483023,0.02540678,2
609483027,0.0243898308,5
609483028,0.02540678,1
609598006,0.0151581925,6
609737002,0.0028644067,1
609931001,0.050523306250000004,8
610053004,0.015237289,1
610179001,0.011847458,1
610184001,0.0033728813,1
610185001,0.008457627,1
610234006,0.033084746,1
610247001,0.0033728813,1
610602003,0.02540678,2
610602004,0.022016949999999997,3
610621004,0.0298135595,2
610776001,0.008296885078466076,339
610776002,0.00828104370904685,619
610776023,0.0050677964,2
610776028,0.008457627,2
610776033,0.0080169495,1
610776065,0.008084745703225807,31
610776068,0.008156697588387097,310
610776071,0.008221772429353234,201
610776072,0.008271699971212122,66
610776073,0.007686233880487805,41
610776074,0.00834606066098901,182
610776082,0.008089984545454546,55
610776083,0.008298166652040818,98
610776085,0.008413023984210526,19
610776087,0.008299576190000001,40
610776093,0.008251108160000001,65
610776103,0.008175722766176471,68
610776105,0.008312282959638555,332
610776106,0.008382042991891893,74
610776107,0.008356991459375001,32
611020005,0.029474576,6
611020010,0.027101696,1
611020015,0.0305084745,2
611020022,0.04308192066666667,6
611020024,0.031974575375,8
611020026,0.029802379787234042,47
611020027,0.029879237,8
611024001,0.01396610135,4
611024002,0.0050677964,1
611050001,0.01214148895652174,23
611050002,0.016932203,1
611151001,0.015247719115384615,26
611151002,0.016932203,2
611216002,0.006608865823076923,13
611221005,0.016932203,1
611235001,0.013542373,1
611415001,0.016664477659351144,524
611415005,0.016932203,1
611415007,0.016714471692307692,13
611415014,0.010152542,1
611415029,0.010152542,1
611415034,0.016645407333992095,253
611415035,0.01663609488850174,287
611415037,0.016868643625,8
611415038,0.012635593107142856,14
611415041,0.016822034,2
611503001,0.0065932204625,8
611503005,0.00641355948,5
611503032,0.005779661,2
611635003,0.029505084384615382,65
611899009,0.010152542,1
611910008,0.0035423729,2
612004001,0.009661017,1
612004006,0.013542373,1
612109002,0.09707748514285715,7
612358001,0.016932203,1
612481004,0.013542373,1
612536001,0.0050677964,1
612636001,0.013542373,1
612800009,0.03301146482352941,34
612800010,0.030491525,1
612800011,0.0186271195,2
612800016,0.024995762175,40
612800018,0.027666666333333336,3
612800020,0.014740741333333333,27
612935010,0.015237289,1
613133001,0.010152542,1
613246006,0.015237288999999998,5
613459001,0.006762712,6
613459003,0.00502330493125,16
613521001,0.06777966,3
614423001,0.038401131,3
614426001,0.042355932,1
614426002,0.042355932,4
614622006,0.10143220666666668,6
614622018,0.09320339,3
614622019,0.10167797,2
614854005,0.0166004234375,240
614854011,0.010152542,1
614854013,0.014268764857142858,7
614854014,0.01639518252368421,38
614854016,0.016265793238636365,88
615141001,0.012694915,1
615141002,0.013542373,1
615176001,0.09659322,1
615192004,0.011593221,1
615795001,0.05083051,1
615934009,0.016932203,1
615939001,0.013542373,2
615941001,0.016932203,4
615959005,0.015237289,6
616049002,0.00425423725,2
616049008,0.013542373,1
616049014,0.006423728849999999,2
616086002,0.0033728813,1
616123004,0.013542373,1
616225029,0.0060338983,1
616543006,0.0168849875,14
616543007,0.016784957375,16
616598002,0.04713983125,8
616598005,0.012864407,2
616598019,0.049861986571428575,7
616598022,0.02540678,3
616598025,0.04713113421052632,19
616708004,0.013711865,2
616708006,0.027369114666666666,9
616711001,0.02540678,1
616763002,0.016932203,1
616763007,0.016932203,1
616763008,0.013542373,1
616835005,0.011686441,8
616849012,0.004318486432558139,43
616849016,0.004983050716666667,6
616920001,0.029687651035714285,84
616920002,0.029651890115384612,26
617035003,0.0035084747,1
617081002,0.0026949153,1
617245002,0.033881355,1
617245003,0.010161017,2
617249009,0.010152542,4
617281001,0.030491525,2
617734001,0.059728813000000006,4
617878002,0.014593221,5
617878003,0.02183005110810811,37
617919021,0.011000000499999999,2
618180002,0.011847458,4
618287009,0.018556497041666665,24
618287010,0.018062146666666667,3
618287012,0.030289677181818183,11
618287014,0.02919114872222222,18
618287018,0.030915254375,8
618319001,0.014681356000000001,5
618319002,0.02201695,8
618319018,0.02201695,1
618319022,0.021956417142857145,7
618329005,0.02201695,1
618329014,0.011847458,2
618350005,0.011847457666666667,3
618360001,0.016932203,1
618726001,0.016932203,1
618757001,0.15052542,1
618800001,0.03278450292857143,14
618942001,0.015237289,2
618942004,0.015069680555555555,9
618942006,0.015279661666666666,18
619075001,0.011024213285714287,7
619075002,0.013542373,19
619176001,0.020322033666666666,3
619197001,0.041951977,6
619234011,0.013542373,1
619241001,0.013542373,1
619261001,0.027101696,1
619304001,0.03327871855555556,9
619502005,0.008457627,1
619601011,0.02540678,1
619739091,0.022016949999999997,3
619739092,0.011762712,1
619739093,0.02201695,1
619739094,0.02201695,1
619739097,0.020548023333333335,3
619739098,0.02201695,1
619764021,0.016932203,1
619764037,0.014672316333333333,3
619764038,0.01688347425,8
619764040,0.014898305,5
619764041,0.016932203,1
619822001,0.010152542,1
619881005,0.020322034,1
619884001,0.023090395811111112,9
619884019,0.021169491,1
619884020,0.015237289,2
620081001,0.0240644068,5
620134001,0.016932203,1
620168003,0.011652542666666666,6
620197056,0.011847458,1
620197059,0.010644068,1
620197063,0.006762712,1
620208001,0.010920904166666667,3
620208069,0.009677966,1
620208070,0.0081355935,1
620208073,0.010604520000000001,3
620208074,0.00913559335,2
620208076,0.010661017071428571,7
620208077,0.010446327666666666,3
620208078,0.013542373000000002,3
620208079,0.008957627,2
620208080,0.0118474575,2
620208082,0.013542373,2
620216017,0.00733220342,5
620216053,0.010152542,1
620216080,0.0073898304,1
620221009,0.033881355,2
620337034,0.011847458,2
620349001,0.02540678,2
620349002,0.019957627,2
620424023,0.0026949153,1
620424053,0.016254237,4
620424056,0.008457627,1
620424057,0.013542373,1
620424060,0.009872881,2
620424073,0.012044067459999998,5
620424074,0.0113347456625,8
620424077,0.010262712075,4
620425001,0.005982053797058824,34
620425012,0.00659322025,12
620425013,0.00321186438125,16
620425015,0.000957627125,4
620573005,0.008457627,1
620573006,0.006762712,1
620762008,0.021169491,1
620910001,0.014762711999999999,3
620933002,0.008214689233333334,3
620933003,0.0064802260666666665,6
620945001,0.0033728813,1
620963002,0.0050677964,7
621073001,0.006762712,2
621381001,0.03309584440707965,113
621381009,0.02201695,1
621381012,0.033212746413194445,288
621381014,0.03349030524460432,139
621381016,0.033083418504347824,115
621381020,0.033082711040000004,25
621381021,0.03304565818367347,49
621381022,0.033881355,1
621381024,0.032848148612244894,49
621381027,0.033097927722222226,54
621523003,0.004779661,1
621530001,0.032949151,4
621683004,0.011847458,2
621759002,0.013542373,1
621759009,0.013542373,1
622026002,0.032288135,2
622043008,0.02201695,1
622060002,0.013542373,1
622094008,0.018627118,1
622141005,0.030491525,1
622141008,0.030491525,1
622238004,0.011584746,4
622238007,0.01326694925,4
622314001,0.0067238286470588235,17
622314008,0.007125908107142857,14
622314010,0.0076474578,5
622314011,0.008399515714285714,7
622598001,0.016932203,1
622710001,0.02201695,2
622877003,0.030491525,1
622877005,0.015237289,1
622955001,0.0133305085,2
622955006,0.0560420795,58
622955007,0.059305083,1
622956001,0.050769977142857144,7
622958003,0.041300779999999995,63
622958016,0.0410768179032258,62
622961001,0.02201695,2
622962001,0.006762712,1
622963001,0.013542373,1
622963003,0.013542373,1
622963013,0.04840678072093023,43
622964005,0.008457627,1
622966014,0.03304386770588236,34
622969005,0.0247706570625,32
622969007,0.024675972382352942,34
622981021,0.02540678,1
623072001,0.015237289,4
623115001,0.042355932,1
623317001,0.0117118646,10
623745002,0.013542373,1
623745003,0.027949152499999998,2
623765037,0.039536723,6
623784011,0.030491525,1
623820001,0.013414043642857143,14
623859004,0.02540678,2
623934003,0.06777966,2
623980025,0.010152542,1
623980030,0.0110974575,4
623980032,0.01178813575,4
623980034,0.011844068000000001,5
624216001,0.00761864425,2
624216002,0.0049559322400000005,5
624251002,0.03168700506666667,15
624251007,0.033881355,3
624251011,0.010067796,1
624253002,0.012694915,1
624257001,0.0818983060877193,57
624257003,0.084728815,4
624257010,0.025196126142857145,7
624257028,0.08271187,1
624257030,0.041627118352941174,17
624262001,0.035576273,1
624383005,0.010881356,1
624443008,0.0163677963,10
624443012,0.016932203,1
624443016,0.0162055081875,16
624443022,0.016932203,1
624443028,0.015886198285714286,7
624443029,0.016084745666666667,6
624443037,0.015613559133333335,15
624444001,0.0033728813,1
624446002,0.013542373,1
624486001,0.013309841343873518,253
624486002,0.013542373,1
624486003,0.012785714407142856,28
624486005,0.013145763,5
624486010,0.01265254245,18
624486028,0.012952179267857144,28
624486049,0.013202259933333332,15
624486050,0.006762712,1
624486051,0.012864407,2
624486059,0.013092161125,16
624486061,0.013328813649999998,40
624486064,0.013048264823809524,105
624486068,0.013130571333333332,27
624486069,0.013379720596491227,57
624486076,0.013218001241379309,29
624486078,0.01331387335185185,27
624486081,0.013132386702702703,37
624486088,0.012977401166666666,12
624486089,0.0121864408,5
624486090,0.013342372974999999,20
624486091,0.01319525432,25
624486092,0.013067796703703704,27
624537003,0.0093898305,4
624537006,0.009552259558333333,12
624543015,0.006762712,1
624543023,0.010152542,1
624543030,0.013542373,1
624543057,0.016932203,2
624543060,0.016932203,1
624684001,0.05083051,19
624684003,0.049396075947368424,19
624684008,0.049686441625,16
624892001,0.025423728,1
624901018,0.015237287799999999,5
624959028,0.024610169888888887,9
624959029,0.022211865,2
624967002,0.02540678,1
625063001,0.02201695,5
625114005,0.033881355,1
625114031,0.033881355,1
625117004,0.009864407,1
625193003,0.0637118634,5
625193006,0.054220337,1
625216027,0.02540678,1
625216035,0.02540678,1
625216037,0.02540678,3
625216039,0.02540678,1
625280001,0.0132245765,8
625345004,0.023711864,3
625345005,0.023711864,1
625506029,0.016932203,1
625673002,0.011847458,1
625673006,0.011847458,1
625918007,0.039536722999999996,3
625939003,0.0016779661,1
626148001,0.0026440679,1
626148002,0.02540678,1
626393002,0.042355932,1
626568008,0.011847458,1
626587003,0.0372711855,2
626587004,0.05083051,1
626813002,0.010152542,4
626813003,0.013542373,1
626813004,0.010152542,3
626813010,0.011698305400000001,5
626815003,0.011847458,1
626816007,0.018627118,1
626894001,0.042355932000000006,3
627068004,0.030830508999999996,3
627147001,0.011847458,2
627147002,0.0033728813,1
627174002,0.018966101,1
627197001,0.008274952855555556,18
627197003,0.0144745765,2
627197005,0.015237289,1
627408001,0.02540678,1
627412001,0.042355932000000006,3
627554004,0.012853107444444444,9
627554037,0.011779661,2
627554040,0.010830509,1
627554041,0.012254237333333334,3
627569002,0.0050677964,1
628327005,0.016932203,1
628327006,0.015810169,5
628327014,0.010152542,1
628327018,0.016932203,1
628425001,0.0113559323,10
628425027,0.012864407,4
628466001,0.025345763,5
628593001,0.032691148,9
628722004,0.009685229714285716,14
628722005,0.010008474315,20
628816002,0.015237289,1
628927002,0.016932203,2
629011007,0.03218644,1
629381002,0.009751412000000001,3
629551003,0.0227023313125,16
629746002,0.006848870183333333,36
629746008,0.016932203,1
629758005,0.005169837246938776,49
629758013,0.01091525406,5
630210003,0.042355932,4
630210008,0.03370550775,8
630210011,0.042355932,1
630304002,0.018627118,1
630323041,0.016084746,2
630326001,0.002983051,1
630525001,0.010830509,1
630525052,0.013542373,1
630646001,0.008316384116666667,6
630659001,0.027101696,1
630675001,0.003813559225,4
630675002,0.0026949153,7
630701001,0.0126949155,2
630777013,0.014089830724999999,20
630777015,0.0133163845,6
630777016,0.02201695,5
630777017,0.02146327766666667,12
630777018,0.012815980857142858,7
630777024,0.021925142083333335,12
630956001,0.010046610000000001,4
630994001,0.0254067805,4
630994004,0.040888982875,40
630994006,0.03767796585714286,7
631059001,0.010152542,1
631399001,0.04167796666666667,3
631418001,0.008118644000000001,4
631418002,0.006762712,1
631418003,0.008457627,2
631427001,0.015237289,1
631427003,0.022016949999999997,3
631441002,0.011847458,1
631470001,0.008847457,1
631492005,0.013542373,2
631536015,0.006441807999999999,15
631536018,0.009491526,1
631536020,0.0064809323125,8
631536021,0.016332282023255814,43
631536023,0.016110169266666665,30
631536024,0.016270672606060604,33
631536026,0.016656562057692306,156
631536027,0.0165452886344086,93
631536028,0.016285714,28
631536030,0.016427965857142856,28
631536040,0.016932203,1
631536041,0.016261941222222222,99
631708001,0.042355932,1
631744003,0.008457627,1
631744004,0.014273793815384616,26
631744007,0.015448706189473685,19
631744011,0.015670143153846152,13
631870009,0.030491525,1
631878001,0.013542373000000002,6
632159002,0.0241186442,5
632159003,0.015986041529411767,17
632172003,0.015237289,2
632225001,0.05083051,1
632225005,0.047016951,4
632290002,0.011000000075,4
632307017,0.0026949153,1
632459002,0.0037966103,1
632523004,0.013542373,1
632642002,0.026542373,1
632642004,0.02484180866666667,3
632642005,0.05083051,1
632642006,0.030491525,1
632756007,0.033881355,1
632784001,0.0040478563,17
632803002,0.011847458,1
632803007,0.013542373,1
632803008,0.013542373,1
632832005,0.015237289,1
632832007,0.013542373,1
632872001,0.033881355,2
633152012,0.033229119144578316,83
633152021,0.03266646421428571,28
633152025,0.032103924421052636,38
633152027,0.03356580173529412,34
633162016,0.0217404665625,16
633162017,0.011423729,4
633162019,0.021859192384615384,13
633162020,0.015237289,1
633162021,0.006762712,1
633234003,0.027101696,1
633450001,0.02540678,1
633574001,0.030491525,1
633785042,0.009779661,1
633813005,0.0103932206,5
633917008,0.03033050825,4
633917009,0.030491525,7
633917010,0.030491525,1
633917012,0.029353107166666666,6
633918010,0.024885593625,8
633918011,0.02359938381818182,11
633918012,0.024861017200000002,5
633935003,0.006762712,1
634009016,0.0076101697,1
634013012,0.033881355,1
634013014,0.013186441,1
634016019,0.013915254,1
634016029,0.008118644,1
634016036,0.0103135595,2
634016041,0.010423729,2
634016046,0.012338983000000001,2
634068001,0.018627118,1
634153003,0.013542373,1
634249002,0.022016949999999997,3
634426008,0.0236525426,10
634541001,0.010218455444444446,18
634541002,0.01522623504347826,23
634541003,0.008485388612931036,116
634563001,0.02177966,1
634608001,0.020079096,3
634669008,0.012271186,1
634701002,0.016932203,1
634727001,0.06777966,1
634744010,0.08058073068421052,19
634744016,0.084728815,1
634744018,0.042355932,2
634744019,0.084728815,2
634754001,0.020915255,2
634789007,0.050830507500000004,2
634789009,0.0664470325,8
635040002,0.0326711858,5
635040004,0.029816948399999998,5
635049001,0.011490528676470588,17
635049002,0.02201695,5
635049003,0.013542373,1
635050002,0.010717514400000001,6
635050003,0.016932203,4
635147001,0.10167797,2
635164001,0.06612241,9
635164007,0.06745762571428572,7
635164009,0.06777966,4
635168002,0.04099757842857143,7
635168008,0.042355932000000006,3
635168010,0.042355932,1
635168014,0.042355932000000006,6
635168015,0.042355932,2
635222001,0.015237289,1
635222003,0.030491525,1
635346001,0.02794915325,4
635420001,0.015237289,2
635579001,0.030491525,2
635689002,0.027440678,1
635789001,0.016932203,3
635838001,0.02540678,6
635895003,0.02461017,1
635895004,0.020322034,3
636093001,0.041508476,2
636096002,0.041011770027777776,36
636140003,0.015237289,2
636207001,0.03224795905555556,54
636207005,0.032867665346153846,26
636207006,0.03275899063414634,123
636207010,0.0332399508,70
636207011,0.033038134802631576,76
636207014,0.03363074969047619,42
636207015,0.033881355,1
636323001,0.016473089212573098,342
636323002,0.016791901703703704,54
636323003,0.016932203,1
636323004,0.016745762416666667,24
636323018,0.013542373,1
636323026,0.016932203,1
636323027,0.01681016915,20
636323034,0.015425611777777777,9
636392005,0.010152542,1
636407001,0.0245593222,5
636505001,0.04541488673913044,23
636505003,0.031116222428571427,7
636935001,0.027101696,1
636996005,0.041745763,2
637073001,0.033881355,6
637255001,0.02540678,13
637348002,0.018627118,1
637411009,0.03383502733333334,15
637411013,0.031199999666666665,15
637411014,0.033457626250000004,8
637411016,0.0336254231,10
637411017,0.033881355,2
637549002,0.007101695,1
637566007,0.02540678,4
637912002,0.015237289,1
637940005,0.06777966,2
638039001,0.006762712,1
638242031,0.0075932202,5
638629002,0.025245763,6
638655003,0.013542373,1
638777001,0.010152542,1
638899001,0.030491525,1
638980001,0.027101696,2
639258001,0.10167797,3
639344004,0.013542373000000002,3
639448001,0.04900419298924732,279
639448011,0.04953236995121951,205
639469013,0.023822402608695652,23
639469014,0.02431719157142857,7
639496004,0.020322034000000003,2
639511001,0.024694914999999998,2
639558003,0.013542373,1
639573001,0.011847458,1
639627002,0.021169491,1
639656004,0.013542373,1
639670002,0.02201695,1
639670003,0.016932203,1
639672001,0.02183293042857143,7
639672002,0.02257627,1
640001018,0.016932203,1
640001026,0.02201695,1
640001027,0.020348023,15
640001033,0.021000000736842106,19
640021011,0.049304912897959186,98
640021012,0.047869401857142856,112
640021013,0.05083051,1
640021017,0.049673124619047625,21
640021018,0.049656232705882354,85
640021019,0.04987133355913979,279
640021023,0.04857208089247312,93
640021024,0.050087366536363635,110
640029002,0.030491525,5
640029003,0.029338982800000003,5
640054005,0.010152542,2
640108005,0.02201695,2
640131007,0.042355932,1
640141001,0.05083051,2
640156004,0.02879661,1
640156006,0.02540678,2
640159003,0.013542373,2
640174002,0.033449922181818185,11
640174006,0.03305508405,20
640202001,0.016932203,1
640259001,0.010152542,2
640291001,0.016932203,2
640331001,0.016932203,1
640331005,0.013481356,5
640539001,0.015237289,1
640539002,0.021406780333333333,3
640539013,0.02238418066666667,3
640542002,0.03245645744827586,29
640542005,0.0033728813,1
640605005,0.025169492,3
640613003,0.016932203,3
640664005,0.015237289,2
640664011,0.016932203,1
640675002,0.022958569444444445,9
640745006,0.03320339,1
640769003,0.033881355,1
640807001,0.05083051,4
640807002,0.05010411771428571,7
640807003,0.05083051,1
641008005,0.016932203,1
641071001,0.035576273,1
641187003,0.0362542368,5
641187004,0.029644068,1
641804002,0.0318474568,5
641855002,0.010661017,2
642051004,0.0262542375,2
642105001,0.013542373,1
642105002,0.02116525475,12
642296002,0.0092372885,1
642437014,0.016932203,1
642498010,0.0160677964,5
642498012,0.0160847455,4
642671003,0.013542373,1
642675002,0.06551977333333334,3
642675003,0.06777966,1
642687001,0.059305083,2
642910008,0.033881355,3
642931001,0.0033728813,1
642960001,0.030491525,1
643145003,0.0241355935,4
643160028,0.007572881220000001,5
643192003,0.025915254,1
643199011,0.015237289,1
643329001,0.016932203,1
643588001,0.015237289,2
643588006,0.0165084745,4
643588007,0.021076923615384616,13
643588008,0.02540678,2
643678028,0.016932203,1
644288001,0.029856779299999997,40
644465001,0.011847458,1
644797005,0.059305083,1
644797006,0.013559322,1
644797007,0.054361580666666666,3
644797008,0.04066102,5
644797009,0.0401864415,2
644797010,0.05041243077777778,18
645426001,0.028593219750000003,4
645426003,0.0304915255,2
645891001,0.012694915,1
645930004,0.030491525,1
645930005,0.013542373,1
645971002,0.008457627,1
645971003,0.008457627,1
645988001,0.006762712,2
646015010,0.02540678,1
646020002,0.02201695,1
646101001,0.02201695,1
646101002,0.013711864,1
646186002,0.02540678,1
646490017,0.03012429333333333,3
646490018,0.02804331422222222,9
646490020,0.03328248519047619,21
646676003,0.0504813568,5
646676005,0.0506144075,4
646845001,0.011508474,1
646851002,0.020322034,1
646958001,0.07625423,3
646960001,0.013542373,1
646962003,0.016576272,1
647000001,0.02201695,2
647207001,0.016447941714285715,14
647207015,0.016705932,20
647207017,0.016552542,10
647338001,0.06677966,8
647338003,0.0553686425,4
647338010,0.06777966,2
647338016,0.06618644000000001,2
647781010,0.013542373,2
648256003,0.011847458,1
648300001,0.0135423725,2
648300002,0.02201695,1
648300003,0.010661017,1
648448001,0.047440678,1
648842002,0.004495762741666667,12
648904001,0.0034976886818181814,11
648904002,0.0043898304,4
649098002,0.016801825,13
649098003,0.01644804686956522,23
649098006,0.016932203,2
649308001,0.022016949,2
649397011,0.022016949999999997,3
649397014,0.016932203,2
649439001,0.015920097285714287,7
649439005,0.021496148454545453,11
649440012,0.010152542,1
649440023,0.008457627,1
649440034,0.011169491,1
649440035,0.008996088538461539,13
649440036,0.0160847455,6
649440037,0.006481355999999999,5
649440042,0.0164338982,15
649440044,0.016932203,3
649440055,0.016367231666666666,6
649507006,0.02201695,4
649551007,0.0097457624,5
649662002,0.027101696,1
649677002,0.0033728813,1
649684001,0.0033728813,1
650104001,0.014548022666666667,3
650122001,0.07792009714285715,14
650122002,0.0845169505,10
650122003,0.06777966,1
650122004,0.03981355875,4
650122005,0.027101696,1
650370002,0.0109559318,10
650511003,0.03341525345192308,104
650534001,0.06777966,3
650534002,0.06325988566666667,3
650614001,0.013542373,1
650614003,0.042355932,5
650672002,0.016932203,3
650693001,0.02201695,1
650699001,0.021949152666666666,3
650790002,0.016932203,1
650798002,0.013542373,1
650951002,0.015237289,1
651030015,0.01761017,2
651244001,0.0033728813,1
651244003,0.0050677964,1
651244004,0.008457627,1
651272002,0.0120508475,1
651273002,0.009135594,1
651337004,0.016932203,4
651456013,0.008457627,1
651456014,0.0094999995,2
651591001,0.024423728892857145,28
651687001,0.016932203,1
651687002,0.016932203,3
651697002,0.015237289,1
651862008,0.016932203,1
652016002,0.0016779661,1
652035002,0.0050677964,1
652356011,0.0271101685,2
652356014,0.015237289,1
652356015,0.015237289,1
652356026,0.015237289,2
652356044,0.033881355,4
652356046,0.032853106666666666,3
652356055,0.016505553,29
652356059,0.033881355,6
652356063,0.03317079461538462,13
652356065,0.03359886916666667,12
652356069,0.031974575375,8
652356074,0.031056496666666666,3
652356076,0.033881355,1
652356081,0.03340254125,4
652356082,0.03241404278571429,14
652365012,0.033881355,1
652367003,0.015237289,2
652367004,0.02201695,1
652377024,0.016932203,8
652377025,0.016932203,2
652591001,0.027101696,1
652616001,0.020322034,1
652617001,0.033881355,1
652730004,0.049010504915492956,71
652730010,0.016233051000000002,4
652730012,0.03392090366666667,3
652730013,0.04955437995833334,24
652731028,0.05040678,1
652742004,0.02540678,1
652776001,0.0303220336,5
652924004,0.040835860605263154,38
652924008,0.0151144075,4
652924010,0.026882248052631577,19
652924011,0.042355932,2
652924014,0.042355932,4
652924023,0.016084746,2
652924041,0.042306967833333334,18
652956001,0.016475181357142855,28
652956002,0.015437852875,36
652999001,0.025915254,1
653084002,0.042355932,1
653145006,0.0213389832,5
653145007,0.0506118655,10
653145010,0.050491526833333335,12
653188002,0.011557045558208955,67
653188023,0.011420339259999999,40
653188024,0.004940677783333334,6
653188025,0.0109322034,5
653188026,0.00481355935,2
653188027,0.0050677964,2
653188031,0.011829205076923078,13
653188032,0.01141525425,4
653208001,0.009564164614285716,7
653208004,0.008457627,1
653208011,0.0081927965,8
653234002,0.020322034,1
653275005,0.016540719097560976,41
653275006,0.01648426119047619,21
653275007,0.016837140391304347,23
653275008,0.008457627,1
653275035,0.016895812147058823,34
653275038,0.016338983,4
653275042,0.016205383529411765,17
653275047,0.016300564733333335,15
653275048,0.016777541875,8
653638004,0.013542373,2
653666001,0.008457627,1
653706022,0.021152543,2
653706030,0.020779662,1
653706036,0.021033899,4
653706039,0.021707628,4
653706041,0.0216711872,5
653716007,0.016932203,2
653716011,0.014220338599999998,5
653762001,0.014330508749999998,2
654100006,0.016295668333333332,9
654266006,0.022016949999999997,3
654266010,0.0093559325,1
654407002,0.01981356,1
654410023,0.0237288136,5
654410024,0.022564165142857143,7
654410031,0.015237289,6
654410033,0.02540678,3
654590001,0.02990842708333333,72
654590006,0.029897245437499997,16
654590007,0.0282372875,2
654757001,0.002779661,1
654854001,0.030491525,2
654854002,0.021602906,7
654940003,0.04066102,1
655035001,0.07625423,2
655045001,0.038724576,4
655267005,0.013542373,1
655287002,0.010830509,1
655710008,0.0166144065,4
655710010,0.018627118,1
655784001,0.03289446016804124,97
655784007,0.014107344666666667,6
655784014,0.011847458,2
655833001,0.02540678,1
655833002,0.02540678,2
655833003,0.02391101725,4
656048001,0.011718694970149254,67
656048002,0.015237289,2
656048003,0.0125254235,2
656048004,0.013542373,1
656367001,0.024338983,1
656368001,0.0313389825,4
656491003,0.05083051,3
656677019,0.010152542,2
656677020,0.009135594,2
656677022,0.011847458,1
656677026,0.011123266854545455,11
656749007,0.018627118,1
656763001,0.011847458,1
656868001,0.042355932,1
657014001,0.01761017,1
657014002,0.020317412090909093,11
657014004,0.022016949999999997,3
657097003,0.013542373000000002,3
657159001,0.013542373,1
657165010,0.02201695,1
657165014,0.013542373,1
657165021,0.015237289,1
657617001,0.016033897999999998,2
657731001,0.0355762704,5
658030001,0.04405084866666667,6
658030005,0.015237289,1
658030006,0.049851224444444446,9
658030011,0.04929676276785715,112
658030016,0.050413007183673475,49
658030017,0.05020722494047619,84
658030020,0.049062357345679014,81
658030023,0.049898305625,8
658030027,0.048772398,7
658030029,0.04856591472222222,54
658162005,0.016932203,1
658287001,0.05083051,1
658287002,0.02638983,1
658298001,0.017658368453125,64
658298002,0.030491525,1
658298007,0.021757376796296298,54
658298008,0.023786640235294115,17
658329018,0.017912647,13
658329019,0.015237289,1
658329021,0.011847458,1
658329028,0.02201695,2
658329031,0.011847458,1
658329032,0.021887006333333334,3
658495001,0.015661017,2
658495004,0.0240508476,5
658601049,0.016932203,1
659046002,0.022864407,1
659132001,0.010152542,4
659132003,0.0097288134,5
659132013,0.010152542,3
659132015,0.006622079813513513,37
659132021,0.009022598666666668,6
659132022,0.0168389825,4
659302004,0.042355932,2
659315001,0.0590237274,5
659330001,0.0330983046,5
659333001,0.029440679,1
659381001,0.01580226033333333,3
659453003,0.018711865,1
659460001,0.05083051,1
659460003,0.02879661,1
659550004,0.0303389825,2
659550005,0.05083051,1
659573001,0.021282486666666666,3
659808003,0.020231638666666666,3
659808017,0.021398306,2
659832001,0.016385593,4
659832004,0.0032033898,4
659832007,0.00255932205,2
659832014,0.008457627,2
659854010,0.016932203,4
659854013,0.016932203,2
659854016,0.016932203,5
659854018,0.014435028,3
660126001,0.011847458,1
660282001,0.027949152166666668,6
660308001,0.006084745700000001,6
660308016,0.006762712,3
660308017,0.008457627,1
660495001,0.015237289,1
660497005,0.02540678,2
660497006,0.0099322031,10
660497007,0.013344965205882353,17
660497010,0.010152542,3
660500002,0.008457627,1
660541009,0.027440678,2
660541014,0.029423728333333333,3
660541015,0.030491525,2
660541017,0.029813558999999996,9
660541022,0.024957627333333333,6
660599016,0.018627118,1
660618003,0.0050677964,1
660726005,0.008457627,1
661023004,0.0083502825,3
661023005,0.00799948631818182,33
661023007,0.007872881275,8
661084003,0.06325988566666667,3
661306005,0.013542373,1
661306008,0.010152542,1
661333002,0.020824153,8
661675001,0.02201695,1
661794001,0.10083050733333333,3
661794002,0.09825423,1
661794005,0.11741602300000001,11
661794006,0.1062584725,4
661851003,0.009898305,1
662321002,0.016932203,1
662369003,0.010152542,2
662369017,0.018627118,1
662369018,0.015237289,1
662369024,0.015237289,1
662369025,0.033669490625,8
662369056,0.030152541799999998,5
662369064,0.033881355,1
662369072,0.032186440250000004,4
662418001,0.02752542325,4
662476001,0.06777966,2
662592007,0.004220339,2
662592008,0.015887711625000002,8
662696002,0.0296440675,2
662696003,0.042355932,1
662879008,0.02540678,1
662879009,0.02540678,1
662888007,0.02537023334375,32
662894005,0.006762712,3
662948009,0.02879661,1
662948012,0.02201695,1
663007017,0.03868886171428571,14
663009009,0.033881355,5
663010006,0.04112711858333334,12
663275003,0.03456913389473684,19
663275004,0.036766949,4
663276004,0.033396185625000005,8
663282006,0.011625578181818181,11
663282007,0.011847458,1
663354001,0.01981356,2
663378005,0.15252542,2
663384004,0.084728815,5
663384005,0.084728815,1
663396001,0.049682888193548394,31
663406004,0.08365423699999999,5
663406006,0.10167797,1
663434001,0.030128329,7
663443013,0.02201695,1
663463005,0.012864407,4
663465002,0.016932203,1
663466001,0.033881355,1
663472005,0.030491525000000002,3
663477003,0.021661017666666667,3
663516001,0.030491525,1
663518002,0.010152542,1
663518004,0.008275423575,4
663519001,0.015983050695652173,23
663519004,0.0096440675,4
663568006,0.0171016945,2
663568007,0.0168033894,5
663581019,0.0231355935,2
663792001,0.05083051,1
663793001,0.021677966400000002,5
663793010,0.02540678,1
663942005,0.011847458,7
664074001,0.016396468690833332,240
664074007,0.016649335486486488,74
664074030,0.016662372619999997,50
664074039,0.016690386564885494,131
664074057,0.010152542,1
664074059,0.016533584212962964,108
664074060,0.011739599727272726,11
664074061,0.01671847140677966,59
664074067,0.011847458,1
664074069,0.011847458,1
664074071,0.01507457624,25
664074072,0.01644302286163522,159
664074077,0.009571186130000001,10
664074078,0.016511630351724135,145
664074079,0.01647440652,100
664099001,0.011847458,1
664133001,0.0403993641875,16
664133002,0.018627118,1
664133003,0.042355932,10
664196001,0.014847457,1
664319001,0.024785310999999997,15
664319005,0.013542373,1
664390004,0.013542373,2
664405002,0.012957712812121212,99
664461007,0.0389661,1
664647001,0.04798006076470589,17
664647004,0.049776837375,24
664647006,0.013135593,1
664647026,0.05083051,9
664647029,0.050124295388888886,18
664647030,0.050293634,37
664647032,0.048359699722222226,18
664647035,0.021203390363636363,11
664647037,0.0213495769375,16
664871001,0.022807909666666668,12
664904001,0.028457627,1
665044007,0.011423728,1
665089008,0.006762712,1
665095004,0.011881356,1
665223001,0.011847458,3
665228002,0.040881354,1
665303001,0.010152542,1
665477011,0.008457627,1
665481011,0.045124729564102566,39
665481012,0.025864407,25
665481013,0.04122598966666667,15
665532001,0.02201695,1
665542011,0.030491525,1
665542015,0.027440678,2
665542017,0.030491525,1
665542020,0.030491525,2
665817003,0.09433333691666668,12
665817004,0.097796613125,16
666223001,0.0030338983,1
666223002,0.0033728813,1
666319003,0.033881355,1
666354006,0.013542373,1
666382005,0.008457627,2
666382008,0.011847458,1
666382015,0.011847458,1
666392016,0.01913559316666667,6
666392017,0.0415,6
666392018,0.01680720425,8
666392019,0.0378644072,5
666444001,0.013033898444444445,9
666444002,0.01253775049090909,11
666617007,0.016932203,1
666656001,0.02540678,1
666656002,0.012694915,1
667096006,0.012764595185185187,27
667258001,0.059305083,3
667258003,0.0581627108,5
667301001,0.0016779661,1
667357002,0.029644068,1
667387001,0.042355932,1
667409001,0.0030282486,3
667409012,0.0035840395125,24
667409014,0.0028983052,1
667416002,0.0291355928,5
667770003,0.009135594,1
668012011,0.006762712,1
668012013,0.008457627,2
668012014,0.00770338965,2
668135002,0.030135593,3
668598005,0.02540678,2
668598006,0.02201694933333333,3
668628001,0.006762712,1
668728002,0.02201695,1
668879001,0.00491694902,10
668956001,0.025074404186440677,59
668956002,0.022786640294117647,17
668956003,0.02540678,6
668956004,0.025221076173913042,46
668956005,0.025015384876923077,65
668961003,0.015237289,1
669091001,0.03303552278082192,73
669091003,0.03313342876595745,47
669091018,0.03240751582608696,23
669091021,0.026987287750000002,4
669091027,0.03275141166666667,3
669091028,0.03117372875,8
669091036,0.0292542385,2
669091042,0.033881355,4
669091044,0.0330967978,45
669091045,0.033620338166666666,30
669091046,0.033382850617647064,34
669560001,0.020644068,2
669708001,0.015237289,3
669710003,0.011847458,3
669710006,0.02201695,1
669747001,0.032186440250000004,4
669786001,0.011010430361538462,13
669786002,0.012136723213333334,15
669893002,0.016084746,2
669895010,0.02540678,3
669950003,0.0152237288,5
669993018,0.039536722999999996,3
669999001,0.016436911222222222,9
669999008,0.016932203,3
670334012,0.02201695,1
670334024,0.042355932,1
670334025,0.042355932,1
670334030,0.04009604566666666,3
670435012,0.008457627,1
670674007,0.012186441,2
670698003,0.04078553654666666,75
670698004,0.010858757333333335,3
670698020,0.04114030114814815,54
670698021,0.04162403690909091,22
670698022,0.04161542960344827,58
670942007,0.012694915,1
670942008,0.012864407,2
670954001,0.0076101695,2
670983006,0.013542373000000002,3
671077001,0.013542373,1
671596001,0.006565954434782608,23
671607001,0.012963309764705881,85
671636001,0.03276271,1
671646003,0.016932203,1
671693002,0.07625423,1
671777035,0.010152542,1
671777036,0.006585956499999999,7
671777037,0.008457627,1
671777038,0.0087966105,2
671777040,0.016428571285714285,14
671777042,0.016932203,7
671809013,0.044474578,2
672448002,0.013542373,1
672460002,0.012694915,1
672460006,0.018627118,1
672460009,0.012694915,1
672598001,0.008370459857142857,7
672625008,0.032186440999999996,2
672625009,0.015237289,1
672793005,0.016932203,1
673214001,0.0041864407,1
673214003,0.0033728813,1
673281001,0.05049094220689655,29
673281004,0.05083051,1
673281010,0.040173730000000005,4
673281013,0.0494745772,5
673281014,0.05083051,1
673281015,0.03388135666666667,3
673281017,0.02540678,4
673281020,0.050156781,4
673281021,0.04984745878,50
673281022,0.05083051,3
673281023,0.05009908830769231,13
673281024,0.049241527,8
673396002,0.01325574723994253,348
673396015,0.013102071666666666,135
673396017,0.0050677964,2
673396020,0.0050677964,1
673396021,0.0050677964,1
673462004,0.03370415954545455,11
673462007,0.03341404314285714,7
673475001,0.008457627,1
673638007,0.013203389500000001,3
673677002,0.024826452295731705,656
673677004,0.024564480695652174,46
673677010,0.0253728816,5
673677011,0.008038135500000002,4
673677012,0.017036722833333334,12
673677015,0.0237118645,4
673677022,0.02477401155555556,54
673677023,0.024819209275641026,156
673677024,0.024780353081632654,49
673677026,0.024626597400000002,65
673677027,0.025011299708333334,24
673799002,0.018627118,1
673813003,0.0033728813,1
673900001,0.033881355,7
673900010,0.0232033902,5
673900014,0.016932203,1
673911003,0.013542373,1
673922001,0.022016949999999997,3
673983002,0.0063841808333333335,3
674002003,0.006762712,1
674052006,0.033474576,1
674052013,0.03364648823809524,21
674052015,0.033881355,2
674059003,0.013542373,1
674065003,0.1002526262857143,21
674085001,0.05896186296428572,28
674085002,0.04946545038461539,13
674180008,0.0250542377,10
674180009,0.02540678,3
674180010,0.02540678,1
674606024,0.033881355,1
674606025,0.009002532521839081,87
674606026,0.009607410181395349,43
674606044,0.010152542,1
674606047,0.0230338978,5
674606048,0.033240952,37
674606049,0.03347676248387097,31
674606050,0.013542373,4
674606051,0.0331322026,25
674606052,0.03335984269230769,13
674606057,0.016878934714285716,7
674606061,0.0108305082,5
674606062,0.02201695,5
674606068,0.032710770129032264,31
674606070,0.032811440000000004,8
674606074,0.01035593192,25
674606075,0.0148389836,20
674606079,0.025137476333333336,9
674886011,0.030491525,2
674886018,0.02820338975,4
675068001,0.022694915599999997,5
675068002,0.010152542,1
675069005,0.011847458,2
675070002,0.015237289,1
675070013,0.013398305125,8
675070015,0.0135169493,10
675203009,0.008197522765384616,26
675245001,0.02540678,1
675465002,0.08455932349999999,10
675662004,0.041243807051282055,39
675662023,0.042355932,1
675662032,0.0418491526,10
675662033,0.040992736571428566,7
675662035,0.04144011273333333,30
675662038,0.0414279662,20
676052007,0.006762712,1
676111001,0.02540678,12
676207001,0.007971751233333333,3
676207004,0.0072344632,6
676207007,0.0073050845,2
676512001,0.027101696,1
676512008,0.021288136,2
676512009,0.02201695,1
676540002,0.015237289,1
676592001,0.02201695,8
676900001,0.030491525,1
676979002,0.016932203,2
676979009,0.016087166857142857,7
676979010,0.015207627250000001,4
676979011,0.015975346636363633,11
677076001,0.024884746,5
677119001,0.030491525,1
677172006,0.0211694915,2
677172014,0.016932203,1
677224004,0.05083051,4
677236002,0.02540678,3
677351003,0.011847458,3
677417001,0.0043050847,1
677459005,0.016932203,1
677478003,0.0043898304,3
677488001,0.0050677964,1
677917001,0.024540899391304348,23
677917002,0.024827118999999998,25
677917007,0.02498305116666667,12
677930005,0.01674387922222222,9
677930023,0.01660603281349206,504
677930031,0.016686553399999998,75
677930037,0.016616307555945946,370
677930060,0.016410690692307692,13
677930062,0.015886440600000003,10
677930066,0.01656555591724138,348
677930070,0.014389831,1
677930077,0.016660493997797357,454
677930078,0.01635432872972973,74
677930085,0.01648536172727273,11
677930086,0.01666273938852459,305
677999001,0.06601937000000001,7
677999006,0.06551977305555556,18
677999012,0.01512897969512195,41
678086001,0.011423728,1
678086002,0.013542372999999998,3
678157011,0.042355932,1
678157013,0.041720337999999996,2
678342001,0.006722181408695652,23
678342002,0.0033728813,1
678342028,0.006732203517777777,45
678415006,0.013542373,1
678518004,0.0076101697,1
678624011,0.042355932,4
678624012,0.03569491475,4
678642019,0.05083051,2
678687001,0.0050677964,1
678687011,0.0026949153,1
678696014,0.018627118,1
678707005,0.03343369841176471,17
678707012,0.033881355,6
678942001,0.01656029725827338,695
678942016,0.007355932,1
678942026,0.016932203,2
678942032,0.016305866796153846,130
678942036,0.016565336129032257,31
678942037,0.016368258727272725,11
678942039,0.016425722588235294,34
678942042,0.016932203,1
678942047,0.011847458,1
678942054,0.01637807431986532,297
678942055,0.01668173222222222,9
678942057,0.016523415020231216,346
678942058,0.01665758386919831,237
678942059,0.0165999105,76
679280001,0.005779661,2
679280002,0.00481355935,2
679280005,0.003949153,1
679284001,0.02161083055844156,77
679285016,0.008949152,1
679287002,0.0050677964,1
679287003,0.012694915,2
679525004,0.038118645,2
679525016,0.04122599,3
679630001,0.084728815,2
679687020,0.013542373,1
679687024,0.010830509,1
679687033,0.013542373,1
679687040,0.013542373,1
679709032,0.010152542,1
679709033,0.006762712,2
679709036,0.006762712,1
679709038,0.013069790764705883,17
679709039,0.012799435222222221,18
679709044,0.013203389999999999,4
679709045,0.012186441,2
679709046,0.0101525425,2
679709047,0.013542373000000002,3
679853001,0.01448171257894737,19
679853003,0.0046440679,2
679853010,0.008457627,2
679853011,0.015496105999999999,37
679853013,0.011847458,1
679853020,0.011261251027586206,29
679853026,0.008276029007142858,14
679853030,0.01633372268965517,29
679853033,0.008457627,2
679854001,0.016618107430379746,79
679854005,0.0164881354,30
679854007,0.016119773666666667,15
679854009,0.016932203,7
679854011,0.008457627,1
679854018,0.015932203,2
679854023,0.008325945130769232,13
679854025,0.0166178735,22
679854031,0.016696125714285713,14
679854038,0.016932203,1
679854039,0.004262265773684211,19
679854042,0.016446973214285714,35
679948011,0.033881355,1
679948012,0.0304474574,5
679954001,0.06777966,1
679954005,0.06550848,1
679976001,0.02201695,1
679977002,0.05072111072727273,11
679977003,0.050313560199999996,10
680188001,0.025101695,1
680262001,0.011847458,1
680327001,0.013542373,1
680374001,0.016932203,1
680388008,0.0050677964,7
680388009,0.00803389835,2
680389002,0.015796611,1
680391002,0.01643131774626866,134
680391003,0.013542373,1
680391012,0.013615012,7
680391016,0.007898306,1
680391017,0.0125593218,5
680391018,0.00882627105,4
680391023,0.016690148,32
680391027,0.016736201333333336,39
680391030,0.016590486322580644,93
680391032,0.016685028083333334,12
680393001,0.010152542,1
680396012,0.009644067666666667,3
680441002,0.011847458,1
680441005,0.023711864666666665,3
680441017,0.024500188488888887,45
680441019,0.024454059,19
680441020,0.025145762999999998,5
680441024,0.02540678,3
680492005,0.025745763333333335,3
680511001,0.027949152499999998,2
680846001,0.015661017625,8
681174015,0.008457627,2
681176046,0.0118114410625,8
681179001,0.01566101725,4
681179002,0.013542373,1
681179011,0.018627118,2
681179018,0.016932203,1
681180003,0.005830508516666667,6
681180013,0.0033728813,1
681182005,0.010152542,1
681373020,0.004237288,1
681373026,0.0162580035,18
681381003,0.0050677964,2
681475010,0.033881355,1
681561001,0.02201695,4
681592001,0.010152542,1
681657002,0.021706215333333334,3
681845001,0.021683616,3
681845002,0.019974576,2
682236001,0.02461244126804124,97
682236023,0.025336472370370372,27
682238003,0.03224127570588236,17
682238015,0.033881355,2
682238020,0.033245761875,8
682238025,0.033881355,2
682238028,0.033881355,1
682238030,0.033881355,4
682238031,0.033881355,4
682238032,0.033881355,2
682238034,0.03199757814285714,7
682238037,0.03359887,3
682238038,0.031962711,5
682254004,0.010152542,1
682261004,0.00801937035,14
682261020,0.0078463982625,16
682267014,0.04913559,1
682289009,0.033881355,1
682289010,0.059305083,5
682289011,0.05703389725,4
682289012,0.057131524,50
682289013,0.059305083,4
682290002,0.047440678,2
682334002,0.033898305,1
682369002,0.010152542,2
682509001,0.015237289,1
682511001,0.0298135592,5
682511002,0.05083051,1
682550001,0.032731701875000005,88
682550002,0.032904994809210525,152
682550010,0.03312805944444444,9
682550018,0.0322542368,15
682550040,0.0328535586,25
682623022,0.016932203,1
682670002,0.021284224923076925,13
682771001,0.016932203,1
682813005,0.013298305166666666,15
682854005,0.0033728813,1
682953001,0.016932203,2
683001009,0.005836610131999999,25
683001010,0.011466102,4
683001012,0.0049406778750000005,8
683001014,0.008457627,1
683001016,0.016419901419354836,31
683001017,0.005883667113636363,22
683001019,0.016512106339285713,56
683001020,0.01644558649726776,183
683001021,0.016431476742857144,35
683001022,0.016581530931034483,29
683001025,0.016503631714285715,14
683001026,0.014548022666666667,3
683001028,0.016524988820512822,39
683001029,0.016396378715909092,44
683123014,0.0050677964,1
683123018,0.015237289,1
683123023,0.030491525,1
683267005,0.002016949135,2
683396001,0.030830508,10
683396005,0.027370056166666667,6
683396006,0.029361582333333334,3
683399001,0.02201695,1
683413003,0.030491525,1
683413004,0.030491525000000002,3
683522001,0.0169322035,2
683619001,0.023033898,1
683864001,0.042355932,4
683995004,0.042355932000000006,3
684021053,0.010967985155555556,9
684021054,0.01161929623076923,26
684021057,0.005658192116666666,6
684021058,0.010420904066666667,6
684021060,0.010152542666666667,3
684021062,0.0112542375,2
684021063,0.008067797,1
684021064,0.0101525425,2
684021068,0.011781544611111111,18
684021069,0.011847458,8
684021070,0.011438002089473685,38
684021073,0.0067627117,2
684021074,0.0060847457,1
684021078,0.011391713888888889,9
684021080,0.011847458,4
684021081,0.010152542666666667,3
684021085,0.0050677964,1
684021086,0.008457627,1
684021092,0.011847458,7
684021095,0.00900847475,8
684021098,0.0117796612,5
684062001,0.015616948966666665,30
684062010,0.005423729,1
684062020,0.0156881353,10
684193001,0.02201695,1
684206001,0.0050677964,1
684209004,0.025194915583333335,12
684209012,0.02540678,3
684209013,0.020190324458333336,48
684209019,0.02212578047368421,19
684209020,0.0239971755,6
684209025,0.024832681692307693,39
684209026,0.014050848,8
684209027,0.025131558,21
684209032,0.024465160333333333,9
684209038,0.010152542,6
684212001,0.015802260433333333,3
684238003,0.025018490303030303,33
684272001,0.006262146924444443,45
684277001,0.006762712,1
684282001,0.009644068,2
684340001,0.016084746,2
684340002,0.016932203,2
684340003,0.016932203,1
684341001,0.010020339159999999,5
684341002,0.011847458,12
684758001,0.01472881328,5
684824006,0.04765786493023256,43
684886001,0.023711865,2
684886002,0.02540678,1
685009006,0.011706214999999999,6
685017007,0.011847458,2
685044005,0.02540678,1
685143010,0.016932203,1
685347001,0.016932203,1
685347011,0.006762712,1
685429006,0.013542373,1
685468001,0.0310542371,10
685468002,0.016932203,1
685470002,0.006762712,1
685600001,0.016841807533333333,15
685600019,0.008101695,1
685601024,0.008365348333333335,9
685601030,0.011847458,1
685601031,0.011768361666666666,6
685601034,0.0126949155,2
685601036,0.02540678,6
685602001,0.011847458,5
685602005,0.02122402404347826,23
685602031,0.010152542,3
685604026,0.011847458,1
685604048,0.02540678,6
685604049,0.02540678,2
685604051,0.011271186,1
685604062,0.008457627,2
685604063,0.010152542,1
685604070,0.013496368142857143,7
685604080,0.02540678,1
685604081,0.013245763,8
685604086,0.010840194057142857,7
685604093,0.02540678,1
685604094,0.0125,2
685604095,0.008457627,1
685605001,0.02482033925,20
685605002,0.011633637615384615,13
685605009,0.02540678,2
685605011,0.02540678,1
685606010,0.015130751357142857,7
685606015,0.032694913,1
685616008,0.021853108,3
685616009,0.02161864475,4
685616010,0.02201695,1
685783001,0.018627118,1
685811001,0.01600125525925926,27
685811002,0.01612159143478261,23
685811003,0.01086440675,4
685811004,0.0151525424,10
685811006,0.0126084743,10
685811007,0.014331278545454545,11
685811015,0.015720338666666667,6
685811018,0.011115254599999999,5
685811022,0.01664891007142857,14
685812001,0.026670142769230774,13
685812003,0.023372881,5
685812004,0.0237118638,10
685813001,0.016546716855339805,515
685813002,0.016254995940298507,67
685813003,0.01645431493678161,174
685813005,0.01632203366,40
685813006,0.016433698588235294,17
685813007,0.01593491504,25
685813016,0.016932203,5
685813018,0.016532990066964286,224
685813023,0.010152542,4
685813024,0.0164802256,15
685813027,0.008457627,1
685813028,0.016536924625,56
685813037,0.01660331956342183,339
685813039,0.01647735603174603,189
685813040,0.016520996485074626,134
685813041,0.016872881,8
685813042,0.016505791235521237,259
685813043,0.01655128261146245,253
685813045,0.016932203,1
685814001,0.033169877848287115,613
685814002,0.033677965250000004,4
685814003,0.03297008072651934,362
685814005,0.03324331624161074,298
685814006,0.03344233894117647,51
685814007,0.031236722466666665,30
685814022,0.03292463939784946,372
685814023,0.033881355,1
685814033,0.03315771410626703,367
685814047,0.033881355,1
685814048,0.03311327734934498,458
685814059,0.033881355,1
685814061,0.0333112986952381,210
685814062,0.03323982977,200
685814063,0.03339246109589041,219
685814064,0.033881355,1
685814065,0.03297539292893401,197
685814069,0.03259647249494949,99
685815001,0.0330895875,14
685815003,0.0329661005,4
685815004,0.030975786142857144,7
685815005,0.033881355,5
685815008,0.033881355,1
685816001,0.008195753331868132,182
685816002,0.008244144513592233,309
685816003,0.008457627,5
685816004,0.008250357308433735,83
685816007,0.008209039500000001,3
685816008,0.007873446266666667,15
685816011,0.008072419036363637,11
685816017,0.008324558163829788,94
685816023,0.0083516948375,8
685816024,0.008392437976923076,13
685816030,0.008457627,1
685816036,0.00736490525882353,17
685816037,0.008257037504347827,115
685816038,0.008268104722727272,22
685816039,0.0052711865666666665,3
685816041,0.008457627,4
685816043,0.008457627,1
685816044,0.008357344558333334,12
685816045,0.008457627,3
685816046,0.008287167022857143,70
685816047,0.0076101695,2
685816048,0.008309842347368422,57
685816049,0.008294915178,50
685816050,0.008457627,4
685816051,0.004220339,1
685816052,0.008457627,18
685816053,0.008248093166250001,80
685816054,0.008307468146875,64
685816059,0.008375192513636364,22
685816061,0.00833317182,35
685816066,0.007680790900000001,12
685816076,0.00842372869767442,43
685817001,0.009737288,2
685817002,0.009983050666666667,6
685912002,0.06777966,1
685942001,0.03230750542857143,14
685942002,0.042694915,1
685942004,0.006762712,1
685944001,0.006762712,1
686129007,0.02201695,1
686129014,0.05083051,1
686129017,0.046593222,3
686137012,0.031322032,1
686137014,0.033881355,1
686564001,0.033881355,3
686564003,0.011847458,1
686564010,0.031057626999999997,5
686564012,0.033881355,1
686564013,0.0330107337,30
686564021,0.03358192,3
686564022,0.033881355,1
686564026,0.033881355,2
686564027,0.033881355,9
686564028,0.03269491436363636,11
686564030,0.03350201685714286,21
686564031,0.03285824263636364,22
686585001,0.06777966,2
686585008,0.06212994333333333,6
686585009,0.06438983000000001,5
686720008,0.06777966,3
686895001,0.0278677964,5
686895008,0.030491525,1
686895009,0.030491525,1
687034015,0.022864407,2
687034022,0.02442894423076923,13
687034023,0.024447197153846155,13
687034024,0.02540678,2
687041002,0.0062033897,1
687347001,0.0124124295,6
687347002,0.012818402071428573,7
687524001,0.025065100431818185,44
687524012,0.02540678,1
687524014,0.012694915,1
687524018,0.024932203689655173,29
687539003,0.06777966,1
687571004,0.02540678,2
687571005,0.02540678,2
687602001,0.006423728849999999,2
687602003,0.0060847457,2
687602007,0.008457627,1
687635001,0.01602824833333333,6
687635002,0.016932203,1
687635004,0.014326271375,8
687635010,0.014389830499999999,6
687635016,0.014416195888888891,9
687635017,0.016367231666666666,3
687635018,0.008457627,2
687635019,0.016284147411764704,17
687635020,0.016711864333333333,3
687635021,0.013457627125,8
687635022,0.011847458,1
687704001,0.06566352708641976,81
687704002,0.06411536293548388,31
687704009,0.0636338974,10
687704012,0.05789467228571429,28
687704019,0.06777966,1
687704022,0.06657218619277108,83
687704027,0.06551977333333334,3
687704028,0.0659361905882353,17
687704030,0.06456021331578947,19
687704031,0.058423729,5
687704039,0.06553784466438357,146
687704040,0.0649194912,20
687707002,0.058686439,2
687707003,0.059305083,1
687720001,0.015237289,1
687734001,0.05002905685714286,14
687734004,0.048288137,2
687734011,0.05083051,1
687734012,0.027101696,2
687734014,0.05014211315384616,13
687948001,0.042355932,1
688055008,0.0082542375,1
688055010,0.00802542359,10
688105002,0.008602080020454546,44
688105003,0.014847458333333332,6
688105007,0.013663750774193548,31
688105010,0.033881355,1
688105011,0.029391186120000003,25
688105012,0.03332129621739131,23
688105013,0.01974944752173913,23
688105016,0.010135593,3
688326005,0.08042894346153846,13
688326021,0.08404802299999999,6
688341001,0.0112542375,2
688341002,0.016932203,1
688341004,0.011847458,1
688430002,0.04098305,1
688430003,0.033881355,1
688430004,0.05083051,2
688430014,0.042355932000000006,3
688432001,0.024963982875,8
688464001,0.020915255,8
688464003,0.022016949999999997,3
688464005,0.02008898375,4
688464031,0.02201695,2
688464044,0.02201695,4
688537001,0.0080381355,4
688537004,0.016660617847058825,85
688537005,0.005406779666666667,3
688537010,0.014763653255555556,18
688537011,0.013701271265625,32
688537019,0.015237288,3
688537020,0.010152542,2
688537021,0.01574185123076923,26
688537026,0.016377824666666665,24
688537029,0.011847458,4
688537035,0.008457627,4
688537036,0.004220339,1
688558001,0.016490135844262295,122
688558002,0.016695892807692306,52
688558018,0.006444915325,4
688558021,0.015931073333333334,15
688558022,0.016642763738461536,65
688558025,0.01628406764,25
688692006,0.04857521309375,32
688692007,0.05083051,1
688692008,0.050067797500000004,8
688704003,0.042355932,1
688704004,0.039855931750000004,4
688728001,0.010152542,2
688728003,0.02540678,3
688728009,0.02498305116666667,6
688728018,0.025026483375,16
688728022,0.02540678,5
688728023,0.024754059762237764,143
688761001,0.026508475,1
688796001,0.008457627,1
688873002,0.0033728813,1
688916025,0.010152542,1
688916056,0.014084746,1
688916065,0.022864407,2
688916074,0.0203644075,4
688916075,0.02540678,1
688933007,0.02540678,3
689005001,0.016932203,1
689005002,0.016932203,1
689009001,0.013203389999999999,4
689009002,0.01131864423,10
689011001,0.029926553499999998,6
689011007,0.0292711862,5
689011010,0.03033757025,12
689011021,0.026423728999999996,3
689011030,0.030491525,1
689011045,0.02941404342857143,7
689014001,0.04025958968421053,19
689014002,0.03640772122222222,18
689014007,0.042355932,2
689014008,0.03910734488888889,9
689014010,0.02201695,1
689014011,0.020548023333333335,3
689014016,0.039399075,11
689014019,0.03971186475,4
689047004,0.05428096361538462,26
689071002,0.013542373,1
689073002,0.05083051,1
689096001,0.015177966833333334,6
689109003,0.008180791,3
689118002,0.033881355,1
689134001,0.008497507405882353,34
689180002,0.013169492,1
689365042,0.024290960333333333,6
689365045,0.013840042218750001,32
689365046,0.02540678,1
689365048,0.02540678,2
689365049,0.013542373,1
689365050,0.011858540048076923,52
689365051,0.02540678,1
689389004,0.024991525750000004,12
689389033,0.015237289,1
689389047,0.024600080952380955,42
689389048,0.024849451941176468,34
689389058,0.008740112999999999,3
689814008,0.0033728813,1
689866001,0.0030434321812500002,16
689986002,0.061,1
690054006,0.027973365285714286,7
690054007,0.03315819166666667,3
690093001,0.00947457644,5
690093002,0.009474576,1
690108001,0.033881355,2
690108005,0.0216779665,2
690193007,0.015237289,1
690222007,0.033881355,1
690222008,0.03346892566666667,3
690449006,0.06401694833333334,3
690449013,0.0305593216,5
690449022,0.06735593125,16
690449024,0.033881355,6
690449028,0.038118646,1
690449035,0.04143220272222223,18
690449036,0.0366355923125,16
690511001,0.013542373,4
690511004,0.0033728813,1
690513001,0.041379237125,24
690513006,0.02540678,2
690513007,0.02540678,7
690541004,0.014288135666666667,3
690545001,0.084728815,2
690545002,0.059305083,3
690545006,0.084728815,1
690644001,0.0124576272,5
690644002,0.010127118333333334,6
690644003,0.006500000108333333,12
690644004,0.013542373,1
690734003,0.020322034,1
690800001,0.03418952227272727,11
690933001,0.011451977666666667,3
690933002,0.015237289,1
690933004,0.018627118,1
690933005,0.010065253975,20
690935007,0.0216483055,4
690936001,0.0482254248,10
690936002,0.04766586078571428,14
690936003,0.05064561,11
690936006,0.049038137,8
690936007,0.027101696,1
690936013,0.05003389977777778,18
690936014,0.04814285828571429,7
690936021,0.04998305233333333,12
690936023,0.049686887842105266,19
690936026,0.0249830512,15
691072014,0.02455932233333333,3
691072018,0.02540678,4
691162001,0.011728814,2
691162003,0.013542373,2
691252001,0.018050848,1
691254007,0.019220339,2
691255005,0.035576273,1
691300004,0.012186441,1
691300006,0.011847458,1
691440008,0.0155016946,5
691458001,0.0145677965,2
691463002,0.021881356571428572,7
691470003,0.030056496666666665,3
691479001,0.015237289,1
691695011,0.013542373,2
691695025,0.013542373,2
691704002,0.02201695,1
691713005,0.010152542,1
691799002,0.05083051,1
691799005,0.016932203,1
691809001,0.016932203,1
691809006,0.02477966,1
691834001,0.013542373,1
691855003,0.012186441,1
691855005,0.010152542,3
691855006,0.015237289,2
691855012,0.03346224884848485,33
691855013,0.023994350416666668,12
691855016,0.02201695,1
691861002,0.010152542,1
692002006,0.008457627,1
692155001,0.0790211875,8
692155003,0.033881355,1
692709001,0.016932203,2
692709002,0.016932203,4
692721001,0.00676271165,2
692721005,0.011847458,1
692840011,0.013542373,1
692844015,0.010152542,1
692844022,0.010152542,1
692846012,0.033881355,1
692972001,0.01761017,1
693235001,0.009033898,1
693235003,0.011288135,1
693235012,0.010152542,1
693235018,0.0139322035,2
693235019,0.013542373,1
693235020,0.0122677966,5
693235022,0.013720837352941176,17
693235023,0.016932203,1
693235024,0.01097881325,4
693235025,0.014125423500000001,10
693242002,0.0050677964,1
693242013,0.032807395295454546,44
693242014,0.018161016250000002,4
693242015,0.017549637357142857,14
693242016,0.018279660500000003,2
693242018,0.0182542366,5
693242019,0.0050677964,1
693243002,0.0101525425,2
693243015,0.02540678,5
693243016,0.025148631384615386,13
693243017,0.015237289,2
693246007,0.0266974586,20
693246008,0.020750606,7
693246009,0.02650094255555556,9
693246011,0.026129237875000003,8
693304001,0.059305083,3
693322007,0.008457627,1
693331002,0.0419898304,5
693479005,0.0406556642631579,19
693485002,0.006338983,1
693497001,0.0163025423,20
693574009,0.010152542,1
693575002,0.008457627,1
693575005,0.008457627,2
693577002,0.010694915,1
693605001,0.015237289,1
693682001,0.004936030483870969,31
693911011,0.0071864408,1
693915001,0.0342203392,10
693944001,0.07116948666666667,9
694046016,0.016932203,3
694046020,0.023717514,3
694046027,0.02540678,2
694111005,0.042355932000000006,3
694111006,0.033881355,4
694119007,0.055632766666666666,6
694127001,0.016178907333333332,9
694153002,0.011847458,1
694220005,0.022016949999999997,3
694220007,0.03307156238888889,18
694236005,0.021169491,1
694236008,0.041569007357142855,14
694287001,0.06777966,1
694291002,0.029644068,1
694298007,0.024045198,12
694298008,0.02325665885714286,7
694298034,0.02540678,4
694298035,0.02443297409090909,11
694298036,0.0239420905,12
694298037,0.023691776777777777,27
694298040,0.020951573857142858,7
694298043,0.024677966500000002,4
694298044,0.024274268363636362,11
694344001,0.02201695,1
694349002,0.0204703395,4
694659037,0.010830509,1
694659044,0.00410169475,2
694659045,0.012186441,2
694662006,0.006525424,1
694662009,0.008457627,1
694665011,0.0068474575,1
694726001,0.0016779661,1
694726005,0.007366101680000001,5
694736010,0.02540678,1
694739051,0.006762712,1
694741010,0.010711865,1
694741021,0.011847458,2
694821002,0.06777966,1
694848001,0.03291283214285714,14
694848003,0.030370944,35
694848006,0.02244491525,4
694848008,0.030079824612903226,62
694848010,0.030445558935999997,125
694848016,0.03068940288617886,123
694968010,0.03275141166666667,3
694968013,0.0203101694,10
694968014,0.01727542375,4
694968016,0.033881355,3
694968019,0.0241101695,2
695166001,0.011433898080000001,5
695166021,0.0050677964,1
695166030,0.005802259841666667,12
695166032,0.016932203,3
695166037,0.016166409545454546,11
695322004,0.031197739500000002,12
695322013,0.012186441,1
695323001,0.08340215727272728,22
695323003,0.0834250326923077,13
695323005,0.08455932375,4
695324007,0.008457627,1
695324011,0.031969785826086956,23
695324013,0.03320130300000001,65
695324014,0.03332303,17
695324015,0.032414312111111114,9
695325014,0.006762712,3
695325020,0.023423729,8
695326005,0.013542373,1
695341004,0.05083051,1
695341009,0.0467627136,5
695389002,0.0043898304,1
695411001,0.0026949153,1
695420001,0.06777966,1
695421003,0.008355932200000001,5
695421021,0.008457627,3
695421023,0.008457627,3
695421029,0.012152542,1
695457003,0.011,1
695457004,0.02201695,1
695540001,0.013542373,1
695544002,0.023559323,1
695545001,0.013394673214285713,14
695545002,0.0151864415,12
695545007,0.015576271999999999,17
695632001,0.03257225285185185,135
695632002,0.032444551276190475,105
695632099,0.01790446781818182,11
695632101,0.01549529188888889,9
695632107,0.032874025891891895,37
695632111,0.03231920816666667,30
695632113,0.018627118,1
695632115,0.018627118,1
695662008,0.016932203,4
695662009,0.01683050825,8
695662010,0.015804143,18
695662014,0.015237287875,8
695682006,0.0282090395,6
695802001,0.016932203,2
695802003,0.01608898275,4
695802005,0.015237289,1
695802007,0.015536016875,8
695802009,0.016932203,2
695803002,0.008457627,1
695803009,0.00792863507894737,19
695803011,0.00809322025,8
695803012,0.0079131356375,8
695871001,0.05083051,1
695887006,0.013542373,1
696125001,0.011808996403846155,52
696125003,0.033881355,3
696142003,0.061,1
696142004,0.07625423,1
696178011,0.010152542,1
696178017,0.010152542,4
696209001,0.0149661023,5
696209004,0.013542373,4
696209007,0.010152542,1
696356022,0.008288136,1
696356026,0.011056497333333333,3
696500001,0.019474577,1
696527001,0.02201695,1
696527003,0.013542373,2
696533001,0.0043898304,7
696533008,0.008203390000000001,2
696587001,0.0115455506875,16
696594003,0.014259886833333332,12
696594018,0.0050677964,3
696631001,0.05083051,1
696738001,0.011847458,1
696780001,0.0043898304,2
696782001,0.016932203,4
696788001,0.0016779661,2
696789001,0.0022033898,1
696796001,0.0016779661,1
696942001,0.033327682750000004,12
696942002,0.030203391,2
696991034,0.006762712,1
696991035,0.012847458,1
696991059,0.016254237285714287,7
696991060,0.01619854692857143,14
696991061,0.016932203,1
696991062,0.013655367333333333,6
696991069,0.0159999998,10
696991083,0.014749152399999998,5
697050008,0.013542373,1
697050011,0.010152542,1
697054003,0.0251228815,4
697054014,0.02471787890322581,31
697054047,0.024769976142857142,7
697054053,0.016932203,1
697054054,0.018627118,1
697054060,0.0239355934,5
697054088,0.013672316999999998,3
697060013,0.010152542,4
697060014,0.01363371,18
697082008,0.03920338955555555,9
697082009,0.04041101703571428,28
697082011,0.042355932,2
697082013,0.04023728775,4
697091002,0.016511299166666667,12
697201002,0.011774446230769231,13
697489001,0.006762712,1
697498001,0.04168738222222222,9
697516001,0.042355932,5
697516002,0.04955932333333333,6
697564001,0.006762712,1
697564004,0.008457627,1
697564006,0.0164606535,56
697564010,0.016407268340384615,104
697564011,0.016834882161290324,31
697564040,0.014107344666666667,6
697564042,0.016758345863636365,66
697564045,0.016733984169491525,59
697564046,0.009967854827586206,29
697564056,0.0050042371375,8
697564057,0.016864406476190478,21
697564059,0.016076639347826088,23
697564061,0.013564674157894738,19
697564062,0.01654673831818182,66
697564063,0.016683615333333332,3
697564066,0.009983050666666667,6
697639001,0.00472881365,2
697780002,0.013542373,1
697834002,0.012379661140000001,5
697920002,0.02201695,1
697920006,0.0506000008,5
697920010,0.04892373,4
697920021,0.050748024,15
697920035,0.040661018,3
697920040,0.05083051000000001,5
697920042,0.050614408125,8
697920045,0.04994915342857143,7
697920053,0.04937772571428572,7
697920055,0.05067712,20
697920059,0.049130751857142864,14
697920065,0.05039661120000001,5
697920067,0.0485084755,4
698055001,0.005966102,1
698255001,0.010604519766666667,3
698255003,0.013542373,2
698270002,0.022762712,1
698276004,0.04902276185714286,35
698276006,0.0489883485625,16
698276007,0.04800565111111112,9
698276009,0.04802776291379311,58
698283001,0.009079096046666667,15
698286004,0.024545941421052632,38
698286006,0.02380791,6
698286007,0.02540678,1
698387001,0.04168032005555555,36
698387002,0.033881355,4
698387003,0.042241525125,8
698387005,0.033504236375,8
698387013,0.04213135575,4
698387015,0.0835889839375,16
698387016,0.084728815,3
698387022,0.08392313504385965,114
698434001,0.015237289,3
698436002,0.015237289,1
698440001,0.016457627,1
698440002,0.015237289,1
698452001,0.006762712,1
698470006,0.008457627,1
698776002,0.06777966,1
698794001,0.010152542,1
698954001,0.07625423,1
699075005,0.015237289,2
699077002,0.006762712,1
699077006,0.005067796649999999,2
699080001,0.02946941756521739,23
699081001,0.024706066289473683,38
699082001,0.013542373000000002,3
699082006,0.0033728813,1
699261001,0.083898306,1
699270001,0.04186682814285714,7
699303001,0.030491525,2
699325003,0.010152542,1
699361002,0.0026949153,3
699361003,0.0021355932,2
699361009,0.0057796612,1
699423001,0.010636804185714286,14
699424001,0.008457627,1
699426003,0.017355932825,4
699453001,0.016932203,3
699453002,0.013542373000000002,3
699454002,0.006762712,1
699454003,0.006762712,1
699570002,0.0108050845,2
699598004,0.02467984951111111,45
699598007,0.025177627440000003,25
699598008,0.02485447127586207,29
699601001,0.02201695,7
699618001,0.118627116,5
699620002,0.0297655365,6
699623004,0.08272881,1
699623006,0.084728815,6
699731006,0.006779661,1
699755019,0.04112005633333333,12
699755029,0.042355932,4
699755032,0.042355932,1
699755051,0.04103177925,8
699755054,0.04083050733333333,3
699755058,0.042014830749999996,8
699755061,0.037059321,2
699755063,0.033881355599999996,5
699755064,0.0416779656,5
699755066,0.042355932,2
699755068,0.042355932,5
699755071,0.04141646470408163,98
699755072,0.04139171362962962,54
699755073,0.04143369901960785,51
699755075,0.04150223010526316,19
699755078,0.041227015878787875,33
699755081,0.04163209285869565,92
699755087,0.041382500972972976,37
699755089,0.042355932,1
699798001,0.06777966,2
699923008,0.016932203,6
699923014,0.0081355935,1
699923068,0.016932203,2
699923092,0.010152542,1
699923097,0.012694915000000001,2
699923098,0.010576271,4
699923099,0.011847458,3
699923101,0.016932203,2
699923102,0.0167584745,4
699923103,0.015915254333333333,3
699923104,0.008457627,4
699923106,0.016254236999999998,5
699923109,0.010669492,2
699923112,0.0166366523125,16
699923113,0.013953995142857141,7
699923114,0.013799031285714285,7
699923115,0.016441619277777778,18
699923119,0.016644067692307692,13
699923120,0.01674576225,4
699923121,0.016654772210526313,19
699923130,0.016932203,3
699923143,0.016188054714285714,21
699924001,0.012694915000000001,2
699924003,0.0166271182,5
699924005,0.016932203,1
699933001,0.013542373,1
700294001,0.008457627,1
700294003,0.008457627,2
700326001,0.015080872285714286,35
700427001,0.10022034,2
700511001,0.027101696,1
700688001,0.008457627,1
700701001,0.024566512833333335,132
700701002,0.02457670233898305,118
700701003,0.02394790655882353,68
700701005,0.02494113635135135,74
700701006,0.024825350326086956,92
700714001,0.0043898304,1
700722006,0.016932203,1
700737001,0.00888135585,2
700737006,0.011492937958333333,12
700746001,0.011847458,1
700758001,0.02126000240101523,197
700758014,0.02201695,1
700758016,0.02140598274117647,85
700758017,0.02138197668292683,123
700761001,0.0043050847,1
700761006,0.0022881357,1
700765001,0.02477835312080537,298
700765009,0.02515980660150376,133
700765010,0.02477037961904762,42
700771002,0.033830507625,8
700787001,0.008457627,1
700817001,0.021451977666666667,3
700817008,0.011511864600000001,10
700912001,0.02201695,1
700933001,0.011508474,1
700933002,0.016932203,2
700933005,0.015867796400000002,5
700944002,0.013711864,1
701046001,0.016484261238095238,21
701046002,0.01639015021698113,53
701057005,0.0016779661,1
701057007,0.0028644067,1
701057008,0.008032485841666668,12
701085019,0.010775423775,8
701085020,0.013542373,1
701085021,0.0112406779,5
701085022,0.010830509,1
701085023,0.012709443285714286,7
701085025,0.013351695,4
701134017,0.0033728813,1
701134021,0.0033728813,1
701134023,0.0033728813,1
701134029,0.0033728813,1
701135018,0.0315211855,8
701135023,0.03343879377777778,9
701135024,0.033881355,3
701135025,0.015237289,1
701153001,0.013542373,1
701228005,0.03461985414285714,7
701259001,0.027101696,1
701265002,0.016932203,1
701265003,0.015237289,1
701348002,0.0400118643,10
701472004,0.006667922274074074,27
701472005,0.007327683666666667,3
701701001,0.0047288137,1
701701005,0.02540678,5
701701012,0.024430993,7
701701017,0.024680387714285715,7
701701018,0.024390890125000002,16
701701019,0.0242813562,5
701735001,0.020837773142857143,14
701735009,0.021471586,17
701735014,0.020796611,2
701735016,0.021761300208333334,24
701738003,0.024317191428571427,7
701760012,0.011847458,1
701853001,0.016932203,1
701853010,0.02201695,1
701985004,0.022016949999999997,3
702043001,0.015963680142857144,7
702072001,0.02517248288235294,17
702118003,0.007067797,1
702159001,0.016932203,1
702196004,0.009728814,1
702208004,0.0297966095,2
702213002,0.013542373,1
702228001,0.016932203,1
702249001,0.06729660750000001,2
702368001,0.030108359943820225,89
702368005,0.02201695,1
702368007,0.014672316999999999,3
702368013,0.03013767435087719,57
702368016,0.02953813525,8
702368018,0.029936360377358487,53
702369001,0.02540678,2
702623004,0.015237289,1
702657002,0.0033728813,1
702712002,0.018627118,1
702762001,0.013542373,1
702762006,0.006593220425,4
702802003,0.013542373,1
702834001,0.041118643999999996,7
702927001,0.042098613,11
702927002,0.04175706133333334,3
702932001,0.02467180290909091,11
702932002,0.025029152840000003,25
702932003,0.0246542374,5
702932004,0.025257768666666666,24
702932008,0.010079095666666668,3
702932009,0.024035311,12
702932022,0.02540678,1
702932030,0.02540678,1
702932033,0.024501695400000002,5
702932035,0.016932203,1
702935001,0.008457627,1
703152001,0.02201694933333333,3
703162004,0.0126949155,2
703163002,0.006762712,1
703251001,0.0103322033,5
703279001,0.016318401714285714,14
703284013,0.042355932,2
703294003,0.012186441,2
703314007,0.016932203,1
703559002,0.016932203,2
703559003,0.02187570683333333,6
703559005,0.018915255,1
703672008,0.018627118,1
703672011,0.02201695,1
703761001,0.011847458,3
703761004,0.0317627115,2
703761009,0.02540678,2
703761010,0.030491525,1
703805001,0.013711864,1
703806003,0.018627118,1
703826005,0.020115819833333333,6
703991001,0.02508474614285714,7
703991003,0.02540678,2
703997001,0.016932203,1
704126002,0.016932203,1
704126005,0.03359886916666666,6
704126009,0.03267683536666667,30
704148001,0.006084745700000001,3
704148007,0.0060847457,2
704148008,0.006762712,1
704299003,0.012937853333333332,3
704630001,0.019050848,1
704630003,0.023711864,2
704630005,0.027101696,1
704658013,0.010152542,1
704658014,0.010152542,1
704658019,0.008457627,2
704658026,0.008457627,1
704754001,0.01661475692857143,133
704754002,0.016636009721311476,61
704756001,0.026819208333333334,12
704758015,0.013542373,2
704758016,0.013542373,1
704758017,0.0121228815,4
704758027,0.01303389825,4
704758040,0.010830509,1
704760008,0.00557627115,2
704760014,0.006762712,1
704762002,0.013542373,1
705021001,0.008457627,1
705021003,0.0155762708,5
705045001,0.0298813556,10
705115009,0.02540678,1
705115012,0.02540678,3
705242017,0.014508475,1
705244002,0.0389661,1
705416001,0.014874091928571429,14
705732002,0.018627118,1
705734002,0.010152542,1
705786001,0.04066102,2
705788001,0.013542373,1
705805001,0.02540678,1
705805002,0.013542373,1
705824003,0.015237289,1
705841003,0.017779661500000002,2
705854001,0.008423729,1
705865001,0.013559322,1
705878001,0.045745765,2
705937001,0.065752542,5
705937008,0.033881355,1
705937009,0.067584745,4
705955002,0.02484180822222222,9
705955003,0.016358539461538462,13
705955004,0.033881355,1
705979002,0.015847458,1
706016001,0.03319949127670623,1348
706016002,0.03316890963428572,350
706016003,0.03325078009969789,662
706016004,0.03303488011594203,69
706016006,0.03317198608888889,360
706016007,0.030064248372093025,43
706016009,0.033881355,2
706016010,0.019033898,1
706016011,0.016932203,14
706016015,0.03316944782531646,395
706016019,0.033341581831288346,326
706016022,0.02540678,1
706016025,0.031082929035714284,28
706016028,0.03244256066666667,9
706016029,0.03286132440909091,22
706016033,0.0334954795,30
706016034,0.033881355,6
706016035,0.032235404244444446,45
706016036,0.02529508923076923,78
706016038,0.033319440905882354,340
706016039,0.033183706129032264,31
706016050,0.033018802203125,64
706016053,0.033168731895522385,67
706016062,0.03351564802645503,189
706020015,0.008477400966666666,6
706020017,0.010152542,1
706020018,0.010152542,1
706020026,0.010152542,2
706104007,0.040051977466666666,15
706104009,0.042355932,2
706104010,0.042263482181818184,22
706268032,0.0026949153,1
706271013,0.00270847462,5
706271015,0.0043898304,2
706271020,0.0026949153,1
706271023,0.0048697033375,16
706271026,0.004129943366666667,3
706271027,0.0045000000499999995,2
706271028,0.0043898304,3
706271029,0.004686440716666666,6
706271030,0.00291949155,4
706271031,0.00454745763,10
706271032,0.0048305084333333335,36
706271033,0.0046453714807692306,26
706271037,0.004864406754761905,42
706271039,0.00574576285,2
706371001,0.030491525,1
706371002,0.0302067792,5
706371005,0.030377589055555557,18
706509001,0.02201695,1
706509007,0.021856336476190476,21
706590001,0.028463276666666665,3
706654004,0.016932203,1
706670001,0.02201695,9
706837006,0.03684167019512195,41
707075008,0.07399434666666667,3
707100003,0.021998035492753622,69
707135012,0.021278506083333332,132
707135013,0.02139678471794872,39
707135017,0.021326299180645162,155
707194001,0.011288135,1
707235007,0.057610169,2
707235011,0.06438983000000001,2
707269001,0.02201695,2
707269003,0.03290172001520913,263
707269004,0.033168885482142856,56
707269005,0.02201695,2
707269007,0.03328046312105263,190
707269011,0.032478144,19
707373003,0.013542373,1
707373005,0.0330847445,2
707488001,0.014600754037037035,27
707569003,0.016440678,1
707681001,0.016932203,1
707699002,0.013881356374999999,8
707704007,0.010152542,1
707717005,0.016718643999999998,5
707717006,0.015924670333333335,9
707717007,0.016932203,2
707735005,0.02201695,1
707738003,0.027101696,1
707743003,0.008457627,1
707743007,0.0150440682,5
707772009,0.0045593223,1
707777006,0.042355932,1
707777011,0.015237289,2
707851002,0.006762712,1
708021001,0.016932203,4
708021006,0.006762712,2
708090002,0.021635594,4
708090007,0.008457627,4
708111001,0.018627118,1
708129001,0.015237289,1
708132001,0.016542373,1
708138002,0.06588982965714286,70
708138009,0.06607148776237624,101
708138013,0.06383421515625,32
708138021,0.067584745,12
708138023,0.06657775701754386,57
708138024,0.035576273,3
708138025,0.0649579947826087,23
708138026,0.066770512989418,189
708138027,0.052525423,1
708138029,0.026254238,2
708138037,0.06554861685526316,76
708191001,0.012186441,1
708217002,0.04066102,2
708217003,0.04066102,2
708291001,0.023906780000000002,2
708311001,0.05022266652941177,51
708311004,0.0251631363125,16
708311006,0.0162966098125,16
708311010,0.012864407,4
708311011,0.02186546675,32
708311016,0.0168474573,20
708311018,0.042355932,5
708311019,0.02201695,1
708311020,0.050511866,5
708311021,0.02540678,8
708311023,0.03331638483333333,12
708311024,0.016555555222222223,9
708311026,0.023711865,2
708311027,0.049140678800000004,10
708311029,0.0282033895,2
708311030,0.020322034,5
708345013,0.010152542,1
708394001,0.0117542375,4
708394002,0.009716707142857144,7
708394005,0.010152542,1
708394008,0.015094916,10
708429001,0.010152542,1
708429002,0.006762712,1
708430002,0.020924671222222222,9
708430007,0.042355932000000006,6
708456010,0.002983051,1
708459007,0.010152542,1
708459009,0.010152542,1
708464005,0.013542373,1
708464006,0.011847458,1
708471001,0.02540678,1
708471006,0.010152542,1
708472003,0.015237289,1
708478001,0.010152542,1
708485001,0.011847458,1
708485003,0.02499322,5
708485004,0.013796610166666667,6
708488006,0.02540678,2
708489007,0.0101525425,2
708492004,0.0218220345,2
708492005,0.0096101694,5
708495001,0.013542373,1
708499001,0.0050677964,2
708609001,0.0016779661,1
708705001,0.07512429666666667,3
708739002,0.015254238,1
708740005,0.0304915255,2
708740018,0.03246489035714286,42
708740021,0.03303389748148148,27
708740022,0.03218644,5
708755001,0.016932203,1
708770003,0.023711864,1
708770005,0.016932203,2
708845001,0.05083051,1
708845002,0.06715254100000001,4
708896002,0.0014576271,2
708985001,0.02540678,1
709023008,0.020322034,1
709036001,0.05083051,2
709138001,0.038316382555555556,9
709177001,0.016932203,1
709178001,0.013055084925,4
709187001,0.020322034,2
709248007,0.0050677964,1
709264001,0.02201695,1
709269003,0.030491525,1
709300001,0.0046186440999999995,2
709332001,0.05083051,1
709332002,0.05083051,2
709338002,0.033881355,1
709346001,0.00483050845,2
709437001,0.001,1
709746001,0.0215084746,5
709749003,0.047440678,5
709987008,0.01901695,1
709987009,0.0500169504,5
709996001,0.027101696,1
710056003,0.011282485666666668,3
710056010,0.0050677964,3
710058001,0.016932203,2
710085006,0.021516503789473684,19
710194001,0.011731235285714287,14
710194002,0.008457627,2
710194003,0.008457627,2
710194005,0.013480226166666666,6
710278003,0.015237289,2
710278004,0.02502730727777778,18
710317002,0.030491525,1
710389001,0.0218440686,5
710554004,0.0060847457,1
710676001,0.010152542,4
710682003,0.024955167064516132,31
710682008,0.02540678,2
710695001,0.013542373000000002,3
710695014,0.013542373,2
710695015,0.013143775637931034,29
710695022,0.013355932333333334,3
710708001,0.015237289,1
710708004,0.013542373000000002,3
710728001,0.0144745765,2
710876001,0.041591807625,24
710876002,0.04181450066666667,18
710876008,0.041638418133333334,15
710876010,0.0408237288,5
710876018,0.013542373,1
710876019,0.04230816618181818,22
710876020,0.010152542,1
710876022,0.033881356,2
710876024,0.042355932,2
710876030,0.018627118,1
710876031,0.042355932,1
710876035,0.04163983038888888,36
710876036,0.041170550781249995,32
710877001,0.010152542,1
710877019,0.042355932,2
710931001,0.0381186435,4
710936001,0.0218276845,6
710936004,0.020548023333333335,3
710954001,0.011847458,1
711022001,0.030491525,1
711053003,0.0131198030997151,351
711053004,0.013542373,5
711053005,0.013233972086956522,46
711053007,0.013255593320000002,50
711053009,0.013329545568181818,88
711053026,0.013171396011235955,89
711053027,0.013050847542682927,82
711053036,0.013259296820895522,67
711053037,0.01300211875,32
711106001,0.017271187,1
711190002,0.013542373000000002,3
711235012,0.024389831,1
711235018,0.029932203,1
711235019,0.030491525,2
711235020,0.0274593221,10
711235023,0.028748587500000002,6
711235024,0.026944915,4
711239006,0.084728815,1
711399004,0.02125847525,4
711403004,0.013542373,1
711416001,0.033881355,3
711416002,0.02201695,1
711416003,0.023387409571428572,14
711416004,0.08336128526315789,19
711440001,0.027101696,1
711582001,0.005016948952380953,21
711582007,0.0050677964,1
711582010,0.013542373,1
711593004,0.02540678,1
711593006,0.0389661,1
711596001,0.027915253666666667,3
711649001,0.0238305086,5
711649002,0.025359843846153845,13
711649004,0.02498891814102564,78
711823004,0.016932203,1
711823008,0.015237288,3
711919001,0.030491525,1
711957003,0.03338983,1
712104008,0.027101696,1
712216001,0.006970244933333334,45
712216004,0.014847457,1
712216005,0.01160805125,8
712216008,0.00844350275,12
712216009,0.010152542,2
712216010,0.008457627,2
712216011,0.011,1
712216012,0.011847458,1
712406006,0.042355932,1
712547002,0.02201695,2
712587004,0.013542373,1
712660002,0.05083051,2
712660006,0.05013220475555556,45
712675001,0.06777966,1
712712012,0.016932203,1
712846002,0.0389661,3
712915001,0.013542373,1
712924003,0.011847458,1
712924012,0.016541666333333333,48
712924014,0.0163677962,10
712924016,0.013523809619047618,21
713183001,0.0101302405,19
713199001,0.02201695,8
713199002,0.02201695,1
713199006,0.029043867764705883,17
713199009,0.03208686375,8
713253003,0.024842197793103447,29
713336003,0.008644068,1
713336005,0.008644068,1
713380007,0.02540678,1
713380014,0.02540678,2
713380022,0.02540678,1
713380023,0.024644067999999998,5
713380027,0.024892655666666666,3
713445003,0.0025254237,1
713533008,0.02201695,4
713578002,0.05083051,2
713699001,0.015237289,2
713699002,0.00829661025,2
713699005,0.009255367233333334,15
713707001,0.015237289,2
713774025,0.013542373,1
713774043,0.02201695,1
713774047,0.02201695,2
713774055,0.013542373,1
713774057,0.02201695,2
713774058,0.020612994833333332,6
713774059,0.021881356625,8
713774060,0.020852080636363637,11
713774065,0.02201695,4
713802001,0.016932203,1
713807001,0.010152542,1
713824040,0.016932203,1
713824046,0.016508474333333332,6
713824047,0.016084745666666667,3
713824048,0.016671446846153844,13
713824054,0.016932203,1
713850002,0.0569322015,2
713934002,0.05912076125,8
713934010,0.059305083,2
713937002,0.06777966,1
713986001,0.09880064904761905,21
713986005,0.09030508766666667,6
713986008,0.059305083,3
713986015,0.10060339333333333,15
713986016,0.10007119,15
713986017,0.10167797,5
713986023,0.10167797,6
713986024,0.10153390166666666,6
713991001,0.05083051,1
713991002,0.101216105,4
713993005,0.0016779661,1
713993019,0.013542373,1
713993022,0.0060847457,1
713993037,0.0043898304,1
713993038,0.0060847457,1
713993041,0.006762712,1
713993061,0.013542373,8
713993063,0.012839924722222222,9
713993064,0.01286864425,4
713993069,0.013542373,1
713993071,0.0071977402083333334,12
713993075,0.0129389832,5
713993080,0.0133050848,5
713993081,0.012415254,2
713995001,0.09704771240740742,27
713995003,0.10167797,16
713995004,0.09213898666666667,15
713995007,0.09818220687500001,16
713995018,0.09722881625,8
713995022,0.10167797,6
713995024,0.096593222,5
713997002,0.00829872873125,16
713997006,0.008288135540000002,20
713997013,0.004491525200000001,2
713997023,0.008077481742857143,14
713997029,0.0043898304,1
713997031,0.0083423727,5
713997039,0.008203389790909092,11
713997040,0.008457627,7
713997049,0.007774818342857143,7
713997057,0.008457627,2
713997059,0.00803389835,2
713997060,0.007633898259999999,5
713997062,0.0031440678,2
713997068,0.00761016946923077,13
713997074,0.008083615740000001,15
713997077,0.008050847336363636,11
713997080,0.004242937933333334,3
713997084,0.00431779655,4
713997085,0.0076101695,2
713997087,0.008344965005882353,17
713997089,0.008306295321428571,14
713997093,0.00821903510769231,13
713997100,0.0083569291,17
714026001,0.048661788409090904,22
714026002,0.018627118,1
714026003,0.030491525,4
714026005,0.05056497308333333,12
714026012,0.05044794314285715,21
714026013,0.04942372996428572,28
714026016,0.05041808011111112,9
714026019,0.050001696000000005,10
714026020,0.024954367846153847,13
714029001,0.045745764,1
714029002,0.04898022733333333,6
714032001,0.049946611425,40
714032002,0.0481886527826087,23
714032003,0.05065177336363636,22
714032007,0.047864408125,16
714032017,0.0488233732631579,19
714032018,0.05007677088235294,17
714032020,0.050233052,8
714189001,0.06777966,4
714384006,0.015237289,1
714493002,0.013542373,1
714493005,0.03293785244444444,9
714493006,0.03373343527272727,11
714493007,0.013542373,2
714620005,0.008651468029577464,71
714620007,0.0217355938,5
714650001,0.017192090666666666,3
714650002,0.016932203,1
714650003,0.018627118,1
714650006,0.008457627,1
714714005,0.031169490857142858,7
714714014,0.033881355,1
714718002,0.014966102413793104,29
714750001,0.01981356,1
714750003,0.030491525,1
714790001,0.05083051,1
714790003,0.049308008413793104,29
714790008,0.04919527717021277,94
714790017,0.0498586997253886,193
714790020,0.04947836795596755,863
714790021,0.049340833354545456,110
714790024,0.04973589190877194,285
714790028,0.04997589369318182,528
714790033,0.048970183111111114,54
714803006,0.02540678,1
714803007,0.013097234736842106,19
714803008,0.021540209829787233,47
714803009,0.021510016,11
714807003,0.028708231928571432,14
714807004,0.030493065727272728,11
714827004,0.006762712,2
714828004,0.042355932,1
714927002,0.0813697043125,16
714927003,0.042355932,1
714927004,0.084728815,3
714927006,0.081233051875,8
715001005,0.02201695,1
715024004,0.029798947586206895,29
715024011,0.030248586999999997,6
715060001,0.027101696,1
715099003,0.016932203,1
715099004,0.03346033828,25
715116002,0.013542373,1
715138003,0.006762712,2
715158001,0.02201695,1
715209002,0.025194915,2
715247004,0.02540678,1
715248001,0.0066045198,3
715255007,0.024675290157894738,38
715255012,0.0250559325,10
715255013,0.025051487320754715,53
715303007,0.013542373,1
715343003,0.04043759621212121,33
715343007,0.041250343324324326,74
715403001,0.041555932,5
715404001,0.02201695,2
715404002,0.02201695,2
715410001,0.014915254,1
715424002,0.015237288500000001,4
715424003,0.020891042000000002,7
715469001,0.10167797,1
715524002,0.016932203,2
715537001,0.016932203,1
715624001,0.024930858150417828,718
715624002,0.024960752776595745,282
715624008,0.0244547336097561,41
715624010,0.02490068641219963,541
715624011,0.02433983075,20
715624012,0.024918962156250002,96
715624013,0.025095319857798167,436
715624050,0.02512777076923077,13
715624051,0.02499562271523179,151
715624052,0.025046535236686387,338
715624053,0.02488615951805054,554
715624062,0.02443825692857143,14
715652001,0.0033728813,1
715665001,0.015237289,1
715679009,0.020322034,1
715828011,0.03324939385714286,28
715828013,0.033417580590673575,193
715828015,0.03335318286486487,74
715828016,0.02201695,1
715828017,0.03329397934482759,116
715828026,0.03275423661538462,26
715828028,0.03319628868918919,74
715828029,0.03306679885294118,34
715828037,0.032732319620689655,58
715903001,0.011847458,2
716075002,0.02540678,2
716110002,0.016932203,3
716115001,0.022215717090909092,11
716185002,0.012694915,1
716348001,0.013271186600000002,5
716348002,0.011847458,1
716348008,0.02540678,2
716379001,0.14262712,2
716498001,0.05083051,2
716513001,0.084728815,1
716545007,0.05083051,2
716545008,0.03375028156666667,30
716581003,0.013542373,1
716590001,0.0114163844,30
716590007,0.0033728813,3
716590022,0.0033352165222222223,9
716654002,0.016932203,2
716654003,0.02201695,4
716654007,0.016932203,3
716670007,0.040782059481132074,106
716670009,0.041040086031746026,63
716671001,0.0188728815,4
716672001,0.019831164162983427,181
716672003,0.022595987632653063,49
716672014,0.0141322038,35
716672015,0.01338512221111111,18
716672018,0.023495884014285717,70
716672019,0.01498063007142857,14
716753006,0.033881355,1
716868002,0.024776579636363635,11
716947002,0.010152542,2
716947004,0.03263596091304348,46
716947008,0.029673123285714285,7
716947009,0.008421059582677167,127
716950001,0.009169492,1
716958001,0.010283292714285715,14
717066001,0.008457627,1
717067002,0.015186441,1
717085001,0.030135593,2
717085003,0.033881355,1
717092001,0.014872882,2
717140002,0.009135594,1
717148002,0.008067797,1
717157001,0.0031864408,1
717180001,0.0155329565,9
717213005,0.027101696,1
717213006,0.027101696,2
717251001,0.016261170695454543,22
717251006,0.00843220325,4
717315002,0.008457627,1
717365002,0.016932203,1
717370001,0.028904131040625,32
717370006,0.01670261918181818,11
717445001,0.030491525,1
717464001,0.008261835116091954,87
717464002,0.008065585773913045,46
717464007,0.008172698010810811,37
717464010,0.008275423665,20
717490001,0.00827881352,20
717490002,0.008035593140000002,10
717490003,0.0045593223,1
717490007,0.008215496342857143,7
717490008,0.008334809308108109,333
717490010,0.008269940115808824,272
717490017,0.008245762675,4
717490018,0.008257318945454546,11
717490024,0.0083305085,2
717490057,0.00831701535083799,179
717490058,0.008148465934177215,79
717490059,0.008272775390625,32
717490060,0.0083749999375,16
717490064,0.008309948772781066,338
717490065,0.00835593225,4
717490070,0.008296359794514768,237
717490071,0.008269443944392524,214
717490075,0.008360774733766235,77
717490076,0.00815847454,40
717490079,0.008457627,4
717490081,0.008241666606666666,120
717490083,0.008309322000000001,12
717507001,0.027101696,1
717570001,0.030491525,1
717578001,0.004065913392592592,54
717580001,0.00642372893111111,45
717640001,0.015237289,1
717668001,0.011135593,1
717673004,0.016508474500000002,4
717673006,0.016932203,3
717679011,0.019706215333333332,3
717679012,0.04744067799999999,3
717679013,0.033793527545454546,11
717683009,0.0214661025,4
717695002,0.006762712,1
717727011,0.024177966250000002,8
717727013,0.016701159315789475,19
717727014,0.011814089296874998,96
717773001,0.013307319906593406,91
717773003,0.013404661125,16
717773004,0.013374050431034483,29
717773009,0.013542373,2
717773028,0.013542373,1
717773046,0.013271186499999999,12
717773047,0.013542373,1
717810005,0.010830509,1
717810006,0.011423728,1
717811002,0.05083051,1
717816001,0.025143861414634146,41
717816003,0.024309322416666668,12
717816005,0.024994482023255812,43
717849001,0.04405084633333334,3
717849003,0.06777966,1
717885001,0.00845762715,2
717885002,0.015237289,2
717930003,0.016932203,1
717938003,0.016762711,1
717942001,0.012745763,1
718076027,0.0058135595,1
718076035,0.0043898304,1
718076040,0.0058135595,1
718081001,0.010152542,1
718081020,0.006762712,1
718086003,0.0506892645,6
718086004,0.024559321999999998,2
718086005,0.05745127,8
718086008,0.07136911444444445,9
718086009,0.0635423725,4
718086010,0.0655864397,10
718189001,0.033881355,4
718189003,0.033881355,2
718227001,0.011847458,1
718262008,0.0050677964,1
718278001,0.008207590864957265,117
718278002,0.008279095973333334,45
718278004,0.004880921174358975,39
718278005,0.0050677964,1
718278009,0.0076101697,1
718278019,0.00780508475,4
718292001,0.011847458,1
718321001,0.010186441000000001,2
718438002,0.0033728813,1
718449001,0.0060847457,1
718501001,0.023711864666666665,3
718634001,0.0096010429,13
718716002,0.013542373,1
718731001,0.038211863,2
718731009,0.03876271,3
718761004,0.033881355,1
718908002,0.027101696,2
718936005,0.06777966,3
718942001,0.033881355,1
718942003,0.020322034,1
718968001,0.012731234785714285,7
718968002,0.013291902111111111,9
718982001,0.004888619683333334,42
718982002,0.004981167425925926,27
719010001,0.027101696,1
719062001,0.02201695,1
719128004,0.03648587616666667,6
719128007,0.031338983,2
719128009,0.041584745,2
719203004,0.021610169,1
719203008,0.011491525399999999,5
719203009,0.012937853333333332,3
719209003,0.027101696,1
719250005,0.024677966,1
719256002,0.016932203,1
719271001,0.013542373,2
719271002,0.011847458,1
719300004,0.006762712,3
719308003,0.030491525,1
719319001,0.013389830571428571,7
719328003,0.0200000005,2
719348002,0.016932203,2
719450001,0.030491525000000002,6
719463001,0.030491525,1
719484004,0.020322034,5
719523016,0.015237289,1
719530003,0.033375140435555554,225
719530004,0.0266027536875,16
719530006,0.013542373,2
719530007,0.01673288128,25
719530008,0.023033898,2
719530014,0.03346651428048781,82
719544002,0.0176423732,10
719544003,0.020909605083333335,12
719579038,0.013220339,3
719579039,0.013542373,2
719579042,0.013542373,2
719629018,0.015802260333333335,3
719629023,0.011847458,3
719629024,0.006762711775000001,4
719629025,0.011,2
719629028,0.010152542,1
719629032,0.025231638833333334,6
719629037,0.02540678,1
719655001,0.02157980126150121,413
719655007,0.0050677964,1
719655009,0.008457627,1
719655010,0.006338983,2
719655011,0.013542373,4
719655014,0.02156982647887324,71
719655016,0.02032203475,4
719655019,0.014653041352941177,17
719655024,0.021518177985507248,138
719686001,0.026966102999999998,2
719941001,0.033128960304347824,23
719941003,0.033881355,2
719941011,0.028512711250000003,4
719941014,0.0329237275,2
719941015,0.033881355,3
719941016,0.033881355,1
719957003,0.0125254235,2
719957006,0.021858959535714286,28
719957017,0.021523041,64
719957018,0.0210084745,4
719957020,0.021630306341880342,117
720071001,0.033881355,1
720100003,0.02201695,2
720120001,0.038122881,4
720125001,0.03334984146753247,231
720125003,0.006694915399999999,4
720125004,0.008457627,1
720125007,0.033251665556179776,178
720125039,0.03300897235294118,102
720125040,0.030739694024691358,81
720125041,0.023377644931891893,185
720125042,0.017794615676470588,17
720125043,0.03325748706849315,73
720125048,0.033580036666666674,9
720125051,0.013542373,1
720441001,0.084728815,1
720446001,0.06777966,1
720459001,0.02540678,2
720473001,0.008693131115789475,19
720473004,0.0279491525,2
720504001,0.03280108220833333,72
720504002,0.03331996623170732,82
720504004,0.03285694848,25
720504005,0.03274434958333333,12
720504007,0.03327884007526882,93
720504008,0.033228150765625,128
720504010,0.03318536043312102,157
720504011,0.03338887043396226,53
720577025,0.00333220332,5
720629003,0.030491525,2
720647001,0.05083051,1
720647002,0.024559321999999998,2
720654001,0.01259322,1
720758001,0.084728815,1
720770001,0.008457627,1
720799001,0.0050677964,1
720810001,0.018627118,1
720810011,0.05674091985714286,7
720810018,0.059305083,3
720861001,0.0501394082,40
720861003,0.02540678,1
720996003,0.02540678,1
721006001,0.011966102,1
721008001,0.01096610175,2
721057001,0.015237289,1
721063006,0.016932203,2
721063007,0.015627118500000002,2
721107003,0.0409440675,10
721135003,0.025666666777777777,9
721136005,0.016932203,1
721148001,0.011353107500000001,6
721266001,0.08211470302325581,43
721266002,0.08270570227272728,11
721266003,0.06777966,4
721266004,0.06617769170967742,31
721266008,0.06321751333333334,12
721267002,0.05083051,1
721268001,0.024841808333333337,3
721268006,0.06777966,1
721269001,0.050105933500000005,4
721270005,0.05083051,4
721270012,0.05083051,1
721270015,0.05083051,1
721270016,0.05083051,1
721270019,0.012881356,1
721270020,0.05083051,1
721273001,0.02540678,1
721287002,0.013131356125,8
721287003,0.01396610175,8
721287004,0.015237289,6
721366001,0.013542373,1
721366002,0.006762712,1
721390001,0.032531729604651165,43
721390002,0.033095827,26
721390003,0.033463275875000004,24
721390004,0.031914311833333334,18
721390005,0.03321512315384616,26
721390009,0.0304915255,2
721390017,0.033881355,6
721403002,0.10732204,1
721426001,0.015237289,1
721433004,0.02540678,1
721435002,0.02540678,1
721435005,0.02540678,2
721481003,0.033881355,3
721609001,0.029564971666666665,3
721609002,0.02487086380952381,21
721683002,0.008457627,1
721683003,0.006762712,1
721683010,0.013542373000000002,6
721762001,0.02906026333333333,9
721805001,0.021737288,2
721805010,0.048416103050000006,20
721932001,0.044050846,1
721949001,0.0160847455,2
721990001,0.011807909683333333,6
721990004,0.00806673720625,16
721990006,0.02074710156842105,38
721991002,0.008423729,1
722022001,0.0304915255,2
722137001,0.018627118,1
722151002,0.02540678,2
722165001,0.030491525,1
722165006,0.0313389825,2
722169001,0.015237289,1
722177006,0.014864407,1
722232001,0.018683616333333333,3
722292001,0.008457627,1
722436001,0.015237289,1
722437001,0.008457627,1
722437003,0.00761016965,2
722439001,0.013542373,1
722475006,0.022864407,1
722475007,0.014977401666666668,3
722475008,0.02540678,1
722520001,0.026525423,1
722633002,0.0033728813,1
722633011,0.011847458,1
722639007,0.011847458,1
722803001,0.014268765857142858,7
722803002,0.011847458,3
722803003,0.03203351234090909,44
722803004,0.013542373000000002,3
722832001,0.033881355,3
722832002,0.033881355,2
722887001,0.01528813575,4
723078003,0.032372880666666666,3
723078004,0.03332940226086956,23
723084001,0.011699152875,8
723084002,0.006762712,2
723084003,0.007830508442857143,7
723087001,0.008457627,1
723104002,0.021547726,19
723104004,0.0220254245,2
723104009,0.026477402166666667,6
723104013,0.0211423736,5
723151001,0.011847458,1
723158001,0.006762712,1
723167001,0.009910411285714285,7
723167002,0.02201695,1
723167003,0.033881355,1
723173001,0.0062397095714285715,7
723173004,0.007903954999999999,3
723173006,0.008457627,3
723173009,0.00486122868125,16
723190001,0.02201695,1
723347001,0.013542373,2
723349001,0.01593961826875,16
723349002,0.01669007242857143,7
723349003,0.008629074296153847,26
723367001,0.006762712,9
723367004,0.008280871671428571,7
723368001,0.010017655125,24
723370002,0.010152542,1
723371001,0.008415254135,20
723371002,0.008457627,16
723380002,0.013542373,1
723433001,0.024693785566666668,30
723469001,0.024742929988472624,347
723469002,0.02475830981818182,77
723469010,0.0144745765,2
723469018,0.024836424990566038,106
723529001,0.024664407057142856,35
723529005,0.022581921,3
723621001,0.016298305,5
723621004,0.0165084745,4
723621006,0.016932203,2
723621008,0.016084746,2
723675002,0.008457627,1
723677004,0.015237289,1
723874003,0.011847458,2
723882001,0.02540678,2
723882002,0.02201695,2
723890002,0.013542373,1
723912003,0.016932203,3
723926001,0.02540678,5
723926002,0.016932203,1
723928001,0.02201695,2
723930001,0.031460047857142855,7
723930008,0.033542371875000004,8
724075001,0.020322034,4
724075002,0.026677965999999997,2
724180002,0.0043898304,2
724399001,0.011162568895774647,71
724399002,0.01032203415,16
724486003,0.02201695,1
724626002,0.030491525,1
724723004,0.010152542,1
724729001,0.03363502744444445,45
724773004,0.05534976754545455,11
724773005,0.05788861853571429,28
724904002,0.06649735096875001,32
724904009,0.06764164535714286,14
724904010,0.06777966,1
724905002,0.013542373,2
724905008,0.05083051000000001,5
724905009,0.049031356825,40
724905016,0.05083051,6
724906003,0.03307627075,4
724906006,0.06602408464473684,76
724906007,0.06485525873015874,63
724906009,0.06579176660714285,28
724906018,0.06581305283582091,67
724906019,0.06516039301470589,136
724977002,0.016932203,1
724977003,0.033881355,1
724979001,0.038699758571428565,14
724979004,0.05009009963157895,19
725178001,0.08402373020000001,5
725334003,0.013542373,1
725358003,0.02180000073333333,15
725358008,0.021372882000000003,14
725631004,0.0033728813,1
725661001,0.015435028766666666,6
725662001,0.016932203,6
725662002,0.00931164544516129,31
725663001,0.011847458,8
725663002,0.004977224400000001,32
725711001,0.011720991153846155,13
725802005,0.02540678,2
725893001,0.0299237285,2
725904001,0.027101696,2
725929001,0.004108213830769231,13
725951001,0.042355932,1
726098001,0.0635423735,2
726115010,0.012694915,1
726177001,0.016932203,2
726226002,0.017249021846153848,26
726292001,0.0033728813,1
726416001,0.013542373,1
726443001,0.046689265833333334,6
726516001,0.016932203,3
726516003,0.008457627,6
726537005,0.027101696,1
726537006,0.025864407,1
726537008,0.06753026571428572,7
726759002,0.0195254235,2
726759003,0.020322034,1
726764001,0.042355932,2
726768004,0.05083051,2
726876001,0.025144633000000003,15
726876002,0.02540678,5
726876003,0.02425334552631579,19
726923001,0.013327683666666666,3
726923003,0.012089588471428572,7
727004001,0.008593220260000001,5
727029001,0.00845762715,2
727061003,0.03218644,1
727180001,0.016932203,1
727414001,0.015067797272727272,11
727539001,0.013065063148387098,31
727593002,0.0033728813,1
727611001,0.013542373000000002,3
727611004,0.014241525375,8
727640004,0.013542373,1
727642002,0.020322034,1
727697001,0.010491525466666667,3
727704001,0.018118644,1
727706002,0.032966103,1
727808002,0.006101695,1
727808007,0.04252542366666667,6
727808008,0.021694915,1
727808010,0.027101696,2
727808014,0.027440678,1
727808015,0.033542372,1
727808018,0.027101696,2
727832004,0.0241118648,10
727880001,0.015847457279999998,25
727880002,0.006762712,1
727880003,0.0162542369,10
727880008,0.006762712,1
727880026,0.006578305164,25
727880035,0.006617992269230769,13
727880037,0.0076101695,2
727937005,0.024841807666666663,3
727947003,0.01150847466,5
727947005,0.0040677967,2
727948001,0.0120169491,3
727948005,0.016177966000000002,4
728156001,0.04790211975,80
728156006,0.04957846800000001,193
728156007,0.05083051,1
728156013,0.042355932,1
728156014,0.025897414,19
728156018,0.04966230785869565,92
728156023,0.0492504249,40
728156024,0.04683462810280374,107
728156025,0.049809624058064515,155
728156028,0.05083051,3
728162001,0.0071525425,1
728162002,0.007016949,2
728162005,0.0050677964,1
728613001,0.013542373,1
728703002,0.041912646615384616,13
728703011,0.042072033583333335,12
728876010,0.0115677969,10
728876011,0.01128050872,20
728877001,0.0050677964,1
728877002,0.00803389835,2
728988002,0.015237289,2
729006001,0.011282486,3
729006003,0.013542373,2
729095001,0.016516949,2
729603001,0.033190677,4
729609004,0.06777966,1
729816002,0.016932203,1
729827001,0.0076101695,2
729860001,0.022242938666666667,15
729860002,0.015101837458158997,239
729860004,0.042355932,1
729928001,0.024490570823943663,142
729928002,0.0016779661,1
729928012,0.013151001727272727,11
729928018,0.02540678,2
729928022,0.006762712,2
729928024,0.014107344666666667,3
729928025,0.011664452897972973,148
729949002,0.02540678,1
730012002,0.022016949999999997,3
730012004,0.011847458,1
730013001,0.015237289,1
730013002,0.024298305333333332,15
730153001,0.02995197708333333,12
730153002,0.02540678,1
730292001,0.016932203,1
730295002,0.02540678,2
730412005,0.007073446333333334,3
730454051,0.020661017555555557,9
730454060,0.018710169800000002,10
730454061,0.020915255,2
730454067,0.017985876166666668,6
730454071,0.02201695,2
730454073,0.02076694975,8
730566001,0.023711864,1
730566005,0.023711864,1
730570022,0.033881355,2
730570029,0.023715938836538462,104
730570031,0.025818465828947368,76
730570043,0.02159322,1
730570045,0.02540678,1
730645009,0.015237289,1
730683001,0.040944253140625,128
730683012,0.035576273,1
730683014,0.026322033,1
730683019,0.040285813657534246,146
730683021,0.039194435622641514,53
730683036,0.041299744643835616,73
730683039,0.042355932,2
730683040,0.03388135566666667,3
730683041,0.0412661014,10
730683050,0.04170398554557292,768
730683052,0.0416722932244898,245
730683054,0.04132968824731183,93
730683062,0.04168084123809524,336
730683064,0.042355932,1
730685001,0.0500355946,30
730863005,0.04970468386440678,118
730863012,0.05067885944736842,38
730863014,0.04848370407692308,13
730863018,0.049024978631578946,19
730863027,0.049877120000000004,8
730863033,0.048981511454545455,11
730863038,0.05083051,8
730863039,0.050605012521739136,23
730863040,0.0485268375,24
730863043,0.05045267404615385,65
730889001,0.013542373,4
730901001,0.0092711864,5
730901002,0.0031468926333333334,3
730901004,0.0035084747,1
731086001,0.008457627,1
731119002,0.015802259555555555,9
731119005,0.0014576272,1
731146001,0.02509272211764706,17
731160002,0.042355932,4
731160004,0.08452825083333333,6
731160005,0.07154011393333333,15
731160007,0.037508473,1
731160021,0.0635423735,2
731160028,0.07848438947368422,19
731383001,0.0050677965333333335,3
731383003,0.0033728813,1
731383005,0.008457627,1
731383009,0.008457627,3
731383010,0.008276836116666667,6
731383011,0.0062033897,1
731407007,0.006762712,1
731425002,0.015237289,6
731512001,0.016932203,3
731512003,0.016254236999999998,5
731512004,0.016262711625,8
731512005,0.0163834745,16
731512006,0.015816384,24
731512007,0.0159796608,15
731520001,0.016134723794871794,39
731520002,0.01629661,16
731520003,0.016013096909090908,22
731520004,0.015710972210526315,19
731520005,0.0166406776,15
731521006,0.023576271,4
731523008,0.016932203,1
731525009,0.040237288,3
731525010,0.04084261514285714,7
731616001,0.013327426954545453,22
731616003,0.013203389999999999,4
731661001,0.02201695,1
731710001,0.02540678,1
731851001,0.00816779661,10
731851002,0.008457627,3
731889001,0.01540678,1
731889005,0.02201695,1
731960001,0.010121468583333333,6
731996001,0.016819208666666665,3
731996004,0.008457627,9
732017001,0.02138167048148148,54
732017011,0.02201695,2
732060001,0.030402541999999998,8
732060009,0.029983050999999997,2
732060013,0.030491525,1
732060014,0.030491525,2
732081002,0.041711863,1
732188001,0.033559321153846154,26
732188002,0.031416024,11
732188004,0.03343785233333333,6
732188005,0.03261016875,4
732188010,0.033881355,1
732206001,0.02486849118072289,83
732206004,0.024606403333333336,9
732294004,0.032775199894736845,19
732311003,0.016778119909090908,11
732311010,0.01608898325,4
732311029,0.016720339,2
732374001,0.015237289,1
732409001,0.013338982999999999,2
732409003,0.013086360023809524,21
732409036,0.012186441,1
732409041,0.013374422272727272,11
732409048,0.01283427511111111,9
732409049,0.013132768555555556,18
732409050,0.013277705461538463,39
732409061,0.01320339,13
732409066,0.013372881416666668,12
732412002,0.01580226033333333,3
732418001,0.00937288114,5
732429001,0.050225989666666665,6
732429003,0.024740856631578947,38
732429004,0.050406781000000005,8
732429007,0.05083051,2
732429008,0.05184745638461538,13
732582008,0.008457627,1
732671001,0.042355932,1
732671003,0.016932203,2
732671007,0.042355932,4
732671008,0.04023728775,4
732705001,0.0050677964,1
732725002,0.04859322,1
732729001,0.038824858,3
732781003,0.016542373,1
732842001,0.06595286443809524,105
732842002,0.06460470125806453,62
732842003,0.018627118,1
732842004,0.0642662005882353,17
732842008,0.06611556181818182,11
732842009,0.0562745756,5
732842011,0.06777966,2
732842014,0.06576547465217392,92
732842015,0.06102905457142858,14
732842021,0.06696035007142857,56
732842022,0.064386651875,16
732873003,0.05083051,2
732874001,0.023711864,3
732874003,0.0127542375,2
732986009,0.007706214566666667,3
733027006,0.013542373,4
733029019,0.008220339,1
733043001,0.006762712,1
733044003,0.014844068499999998,5
733064001,0.0054745763,1
733064002,0.0060847457,1
733067001,0.01643277763559322,118
733067004,0.016485875483333332,30
733076002,0.02659745825,4
733077001,0.042355932,1
733089002,0.0050677964,1
733090001,0.04118644,1
733094003,0.015237289,1
733097001,0.016309927157894737,133
733097008,0.01589986936923077,65
733097009,0.01652467011111111,45
733098015,0.008457627,2
733098016,0.008457627,2
733098017,0.016932203,1
733098018,0.016213385282051282,39
733098022,0.0096440675,4
733099001,0.0065932203333333335,3
733100006,0.008457627,1
733101002,0.0061101695,2
733101004,0.016932203,1
733106001,0.016932203,1
733106004,0.014728814,3
733112002,0.016932203,1
733112005,0.02540678,1
733123004,0.012476997771428572,7
733237003,0.02540678,1
733248004,0.027101696,1
733253008,0.018932204,4
733267002,0.02201695,1
733267003,0.02201695,2
733267005,0.02540678,1
733308002,0.021796611000000004,3
733310002,0.025042373,2
733319002,0.021169491,1
733323001,0.033881355,2
733361003,0.02201695,1
733378002,0.018627118,1
733386002,0.05083051,1
733386003,0.06777966,2
733386004,0.06679322000000001,5
733419002,0.027101696,1
733424001,0.01981356,2
733438001,0.010152542,1
733441001,0.02540678,6
733441002,0.018627118,1
733441003,0.021927361428571428,7
733557001,0.033881355,1
733569002,0.039632770000000005,3
733656001,0.027101696,1
733749001,0.004774576165000001,20
733749003,0.0026949153,2
733749010,0.005049306454545455,11
733749011,0.0050677964,3
733749012,0.004954802155555556,9
733749014,0.0050677964,1
733749024,0.0050677964,1
733749025,0.0050677964,5
733768001,0.09850000375000001,8
733768002,0.04066102,2
733803001,0.012946504374999999,32
733803009,0.006762712,1
733803011,0.013542373,1
733803014,0.013542373,1
733854002,0.118627116,1
733935001,0.016932203,1
733935003,0.015237289,1
733936001,0.011847458,2
733936002,0.008457627,1
734024003,0.020322034,1
734027003,0.031169490857142858,7
734027004,0.033881355,1
734027013,0.0304915255,2
734027017,0.032186440250000004,4
734027018,0.03306214666666667,3
734027019,0.032186440250000004,4
734027020,0.030186440000000002,2
734077001,0.02540678,1
734112002,0.019305085,2
734127001,0.02201695,1
734179002,0.032457627,1
734215001,0.010152542,1
734215002,0.026243644,16
734282003,0.016932203,1
734287001,0.011847458,1
734303001,0.049674886,11
734378001,0.042355932,1
734435004,0.030491525,15
734435005,0.024559322333333335,9
734459002,0.0050677964,1
734460014,0.0050677964,1
734461002,0.0323813552,10
734461004,0.031508474200000004,5
734461007,0.018627118,1
734461012,0.03367707315789474,19
734512001,0.042062146999999994,3
734569001,0.015237289,2
734569002,0.02201695,1
734569003,0.020228814,4
734592001,0.023317796249999998,12
734623003,0.02201695,1
734715001,0.006762712,1
734896001,0.024841807666666663,3
734914002,0.04066102,1
734914009,0.011847458,1
734914012,0.054220337,1
734915001,0.021677965,1
734916001,0.045745765,2
734917003,0.035576273,1
734918001,0.035576273,1
734922001,0.021079096733333334,15
734932001,0.030491525,1
734940003,0.016932203,1
734940012,0.015237289,1
735094002,0.015237289,1
735094006,0.02540678,1
735121001,0.03857627,1
735123003,0.05083051,2
735154001,0.006649717641666666,12
735366005,0.010152542,1
735371001,0.016932203,2
735439001,0.04202998692307692,13
735452003,0.010152542,1
735533001,0.0050677964,1
735573001,0.059305083,1
735574001,0.03176271,1
735600006,0.054220338,5
735600008,0.06777966,1
735600010,0.06777966,8
735607002,0.007779661,2
735608002,0.008627119,1
735617002,0.030491525,1
735622003,0.020322034,2
735724008,0.00985593235,4
735730001,0.06777966,1
735730002,0.0563389825,2
735737003,0.030491525,1
735751005,0.04333128,11
735829009,0.01741949105,20
735840002,0.005694915,1
735840004,0.011847458,11
735840006,0.010152542,1
735945001,0.012694915000000001,3
735945002,0.018627118,1
736046001,0.015423729,1
736049001,0.024779017620253162,79
736049002,0.024461195631578947,19
736049005,0.024831007205882355,34
736102005,0.05083051,1
736102009,0.05083051,1
736102011,0.05083051,2
736114001,0.021135594,5
736114004,0.022016949999999997,3
736114006,0.01981356,4
736114007,0.020548023333333335,6
736198016,0.010152542,1
736198018,0.0060847457,1
736198024,0.006762712,1
736198026,0.010152542,1
736198029,0.0050677964,1
736198032,0.008118644,1
736213001,0.0043728811900000004,10
736213002,0.0049796608400000004,10
736218002,0.025915254,1
736385001,0.04167621272413793,29
736385016,0.041225988,3
736489002,0.02540678,1
736489003,0.04091891875675675,37
736489013,0.03834463266666666,6
736489020,0.011847458,1
736489021,0.018627118,1
736489022,0.04161228809375,32
736511001,0.0050677964,1
736530001,0.015237289,1
736530006,0.02540678,7
736530007,0.025127119,22
736530016,0.01794491475,4
736530017,0.012694915,1
736531001,0.007379044727272727,11
736531005,0.00998305055,20
736531006,0.010152542,2
736573001,0.0030338983,1
736581001,0.011847458,3
736592003,0.010435028550000001,6
736593002,0.0045084745999999995,2
736593004,0.006531073533333333,3
736624001,0.02201695,1
736631005,0.03256308777777778,9
736631006,0.03218644,4
736672002,0.03218644,2
736677002,0.011745763,3
736681002,0.008457627,3
736681003,0.0118474575,2
736681007,0.011847458,2
736700001,0.009960452033333332,3
736767014,0.012186441,1
736767015,0.014107345,3
736767017,0.016932203,1
736769002,0.008118644,1
736769013,0.008457627,1
736769034,0.016932203,2
736769042,0.006762712,1
736779001,0.008847457,1
736779005,0.013542373,1
736783001,0.01516101775,20
736783004,0.020046426130434784,23
736784001,0.013542373,1
736785001,0.0317999994,5
736870001,0.016560507323834198,386
736870002,0.016816948800000002,5
736870005,0.013542373,1
736870017,0.016182203125,40
736870020,0.016398165950819672,61
736923003,0.016582670784232364,241
736923009,0.016647245514204545,176
736923010,0.01660787480349345,229
736923011,0.016608485529801324,151
736944005,0.02540678,1
736944009,0.0422519772,15
736944010,0.0419491528,5
737040003,0.023758800846153845,13
737040007,0.023386624179729733,74
737040012,0.0048305085,1
737040014,0.015802259333333336,3
737040015,0.020743708363636364,33
737040017,0.024860954444444444,54
737134001,0.008457627,1
737137003,0.02201695,1
737137005,0.0217372885,2
737137007,0.0154661015,2
737169001,0.004380414222222222,9
737169003,0.0033728813,1
737221008,0.01644011279,150
737221009,0.01659718222077922,77
737221010,0.01667739611764706,119
737221011,0.01666557010447761,67
737222001,0.0026949153,1
737222006,0.0043898304,1
737224001,0.011847458,2
737224003,0.011847458,1
737311003,0.032413559,5
737311005,0.03275141166666667,3
737311011,0.033881355,1
737311013,0.033881355,2
737358001,0.015237289,1
737432001,0.027101696,1
737483002,0.011,2
737486001,0.0043898304,1
737489004,0.008669491599999999,4
737543001,0.0135423735,2
737614001,0.118627116,1
737800001,0.028288136583333335,12
737800008,0.02201695,1
738113001,0.019757062000000002,3
738184001,0.015237289,1
738184002,0.017050847,1
738184004,0.029372882,1
738215001,0.018627118,1
738236002,0.015237289,1
738298001,0.028312348428571426,7
738404001,0.013542373,1
738417001,0.033881355,1
738480001,0.02540678,1
738567002,0.019050847,2
738567003,0.0239661019,10
738567009,0.04091837639473684,38
738571002,0.024559321999999998,2
738590005,0.027783051800000003,5
738590006,0.063542371875,8
738593001,0.033881355,1
738593002,0.042355932,1
738612007,0.007576271,1
738612008,0.006762712,1
738627001,0.009474576,1
738628004,0.011644068,2
738672001,0.011847458,1
738710001,0.013542373,1
738713011,0.042355932,1
738713021,0.0337203385,2
738713022,0.04183898283333334,6
738713023,0.03917796625,4
738713024,0.042355932,2
738713026,0.041459430170212766,47
738713029,0.04150062306617647,136
738713035,0.041842856971428574,70
738713036,0.041357626833333334,30
738713037,0.04136319625974026,77
738713038,0.04162650229090909,55
738713039,0.041508474625,8
738713040,0.04113702272289156,83
738713042,0.04136723146666667,15
738731006,0.02201695,1
738810004,0.008457627,1
738859002,0.025152542,1
738859013,0.02540678,2
738859014,0.0250169495,8
738873012,0.04013260170588235,17
738873014,0.041542374,1
738873016,0.04023728775,4
738881001,0.015237289,1
738883001,0.04215593199999999,10
738884001,0.042172881,5
738943001,0.0186271195,2
738943002,0.015525424,1
738943004,0.0292033898,5
739020001,0.026927967,4
739020004,0.033881355,1
739065001,0.027101695999999998,3
739092004,0.01954721580952381,21
739092005,0.01806026422222222,9
739092006,0.016947942285714286,14
739092007,0.0203093225,4
739092032,0.0171016955,3
739092037,0.02201695,1
739092039,0.013694915666666668,3
739092042,0.0158745768,5
739092043,0.02201695,1
739144004,0.00977777751388889,72
739144005,0.006423728849999999,2
739144006,0.006762712,2
739150001,0.016932203,1
739181001,0.053405238181818186,11
739239001,0.031354872125,16
739239004,0.013542373,1
739239006,0.033881355,2
739239010,0.03355932142857143,14
739243001,0.015661016,1
739247006,0.0218559325,4
739247007,0.0216652545,4
739265003,0.016084746,2
739265016,0.016932203,1
739265017,0.010661017,1
739265020,0.016932203,1
739268001,0.04308232542857143,7
739268003,0.03459887066666667,3
739296005,0.042355932,1
739300001,0.061,1
739301001,0.020322034,2
739334001,0.059305083,1
739347002,0.008782082428571428,7
739348005,0.015237289,1
739348006,0.010152542,1
739362001,0.029336044906666667,75
739362008,0.030186440307692304,26
739362009,0.029326876224489793,49
739362012,0.029279162117647056,17
739363001,0.029321348787878787,99
739363006,0.011847458,1
739364001,0.029806986857142857,49
739364010,0.0287966105,2
739495002,0.018627118,1
739501003,0.030491525,1
739529001,0.01116949181818182,11
739529002,0.00828813554,5
739529007,0.006762712,1
739529009,0.006762712,1
739533002,0.03342231575,12
739533003,0.06390018811111112,9
739533004,0.027101696,5
739533008,0.06647780361904762,21
739533009,0.06777966,7
739575001,0.006762712,1
739590018,0.015968361286666666,15
739590022,0.00868538111875,16
739590023,0.016932203,2
739590024,0.0134847456,5
739590027,0.01670415991818182,110
739590030,0.0115966106,5
739590031,0.0152745762,10
739590032,0.0164679075,61
739590033,0.0125254234,10
739590036,0.016932203,11
739590037,0.006720339,2
739590038,0.011892438375,52
739590040,0.013881356000000001,5
739590041,0.016759720470588237,17
739610002,0.016364406999999997,2
739612001,0.00827118645,6
739618001,0.017461864,8
739618002,0.015434434157894736,19
739659027,0.0048548727750000005,16
739659031,0.0058792372875,8
739659032,0.006762712,2
739659036,0.0059152542,2
739659037,0.00545974585,8
739659039,0.004474576,1
739679002,0.0152372885,4
739679006,0.006762712,1
739679014,0.01422881375,4
739679019,0.006762712,1
739687001,0.021355933,1
739819002,0.014107344666666667,6
739819009,0.0133728815,8
739819010,0.0117476625,116
739821009,0.0043898304,1
739821010,0.0037203388499999998,2
739825020,0.008118644,1
739825022,0.013542373,1
739863004,0.033881355,1
739898009,0.011847458,1
739900001,0.010152542,1
739901006,0.018627118,1
739908009,0.011847458,1
739925002,0.0015932204,1
739933002,0.0033728813,1
739939001,0.010830509,1
739939003,0.04122598833333333,3
739941006,0.047440678,1
739944002,0.0588559315,2
739945003,0.0304915255,2
739953002,0.016932203,8
739953003,0.020775424125,8
739974006,0.011363196428571429,7
739987001,0.006762712,1
740121001,0.010152542,1
740208004,0.027101696,1
740210001,0.036,1
740210004,0.06777966,1
740211001,0.020440678,2
740211002,0.084728815,3
740213001,0.07625423,3
740213002,0.0759203326,10
740213003,0.07434745125,8
740247006,0.018627118,1
740412001,0.059305083,3
740412006,0.059305083,1
740412009,0.059305083,1
740412011,0.057327682666666664,3
740412015,0.055915253,2
740415001,0.010152542,1
740415002,0.011847458,1
740425001,0.017248587166666666,3
740425010,0.018627118,4
740425011,0.03496892666666667,6
740429001,0.00777966088,5
740450001,0.013542373,1
740450006,0.0059152542,2
740466003,0.083915256,1
740466004,0.08426553666666665,3
740498006,0.013542373,1
740498011,0.041915253,1
740519002,0.04975314002777778,216
740519006,0.049242737464285716,28
740717004,0.006762712,1
740720001,0.010152542433333333,3
740720002,0.0033728813,1
740723001,0.02540678,1
740725001,0.016932203,2
740812004,0.02540678,3
740812005,0.02540678,4
740820001,0.020322034,1
740832001,0.010067796,1
740902005,0.006762712,1
740922001,0.02461803690443686,293
740922005,0.024347457875,8
740922009,0.024817428434782608,92
740927007,0.017780871,14
741040001,0.04972021492118226,203
741040003,0.020322034,1
741040004,0.040661018,3
741117006,0.033881355,1
741220002,0.016174334000000002,7
741220004,0.016401936714285713,7
741261001,0.010152542,1
741261005,0.009457627,1
741276002,0.030491525,1
741356001,0.014107344666666667,6
741356002,0.033244668387096776,62
741356004,0.013746892733333332,15
741356008,0.03227517370588235,17
741356009,0.016561440375,16
741387001,0.0097457624,5
741387002,0.0050677964,1
741417007,0.05083051,2
741417008,0.05083051,1
741466006,0.008457627,1
741478003,0.012186441,1
741478004,0.02201695,20
741587002,0.030491525,1
741615007,0.015237289,1
741827001,0.0031525423,1
741834003,0.008457627,1
741843002,0.012220339,1
741848001,0.016275749480769233,26
741862001,0.021859565,7
741862002,0.013542373,2
741932002,0.006762712,1
741985001,0.024843773260869565,23
741985005,0.02540678,1
741985006,0.02540678,1
742038001,0.013542373,2
742038002,0.010152542,1
742083005,0.0106355935,2
742084001,0.0101186437,10
742084004,0.021805085000000002,2
742084007,0.02201695,1
742087002,0.02540678,1
742161002,0.018627118,1
742172006,0.0050677964,1
742172010,0.013542373,1
742172021,0.006762712,3
742177015,0.0071864408,1
742185001,0.05083051,3
742188005,0.042355932,1
742196001,0.024211864875,8
742204004,0.013711865,2
742204007,0.027101696,1
742217001,0.021841808666666667,3
742217003,0.021169491,1
742217004,0.02170339,2
742258006,0.025966102,1
742258023,0.033881355,3
742258025,0.03300788258914729,129
742258027,0.03305445883606557,61
742258030,0.033352541575,80
742400027,0.003678424151351352,37
742400033,0.0035318952072727274,55
742400040,0.0036534840111111114,9
742400042,0.00360010590625,32
742400043,0.0037984933833333334,18
742400046,0.00356779657,10
742429001,0.02540678,1
742472001,0.02540678,2
742561001,0.06697094328571429,21
742561002,0.04918911829824562,57
742561003,0.06265159944444446,9
742561004,0.0504101707,10
742725002,0.006762712,1
742735001,0.016932203,4
742735002,0.0093352165,9
742735003,0.0054745763499999996,2
742739001,0.010152542,1
742772002,0.02201695,1
742772006,0.020812256307692307,13
742772007,0.021135594,5
742911001,0.016410169199999998,5
742911005,0.016932203,4
742911006,0.014322034,1
742912002,0.0033728813,6
742924003,0.008457627,1
742925001,0.0022711863,1
742925003,0.003393220273333333,15
742925004,0.0025988700166666664,6
742933002,0.011847458,2
742947001,0.0016311922592274677,233
742947002,0.0009854721571428571,7
742982003,0.013542373,1
743024002,0.06599229545454545,11
743024003,0.032468925833333336,12
743037001,0.013542373000000002,6
743086003,0.010587570666666666,3
743098001,0.00811304610733945,109
743098002,0.008317736836619719,71
743113001,0.015237289,2
743113003,0.0131084746,5
743113004,0.015237288999999998,5
743123002,0.013542373,1
743160001,0.05083051,1
743205003,0.015237289,1
743214003,0.01060452,6
743214004,0.013220339000000001,2
743214005,0.02201695,2
743215001,0.02446186475,4
743218008,0.013542373,9
743218009,0.013542373,1
743218011,0.013020581142857143,14
743234003,0.00545762715,2
743245001,0.004779661,1
743359001,0.008457627,1
743444001,0.015237289,1
743444002,0.016932203,2
743444003,0.016084746,2
743483002,0.023711864,3
743530001,0.01372457625,4
743530002,0.0124271185,10
743530003,0.014309322,4
743530004,0.0140016948,10
743530037,0.013226694875,8
743606001,0.006661017,2
743616001,0.08109084049438202,89
743616002,0.0304915255,2
743616009,0.08313091840689656,145
743630001,0.010830509,1
743633001,0.04964467439285715,84
743633005,0.04966101809803922,51
743633007,0.047440678,2
743633008,0.0507274025,12
743641001,0.011288135,1
743644002,0.008457627,1
743722002,0.0209661023,10
743722004,0.011686441,4
743737001,0.022016949999999997,3
743737002,0.013542373,5
743737005,0.016932203,2
743790004,0.03276765479166667,24
743790005,0.033881355,1
743790006,0.033881355,4
743791002,0.03922034,1
743791006,0.038308851000000005,9
743791007,0.039813559,8
743791008,0.0410169488125,16
743803004,0.013542373,1
743840001,0.033146004128571424,70
743840002,0.0249152537,10
743840004,0.033713897480000005,25
743840007,0.013203389999999999,4
743840009,0.033035309916666665,12
743840010,0.029977400333333334,9
743840011,0.033881355,2
743840014,0.033881355,3
743840017,0.0336559315,10
743840018,0.03309634173684211,19
743840026,0.032601042192307694,26
743840027,0.03238062897142857,35
743904003,0.013258474499999999,4
743904014,0.013050847625,16
743904015,0.01266623223076923,26
743904016,0.012833184789473684,19
743904017,0.013542373,1
743904019,0.012412943204545453,44
743905003,0.013542373,2
743907001,0.008457627,1
743907002,0.013542373,1
743907020,0.0121593222,5
743907021,0.012912429500000001,12
743907023,0.011593220666666668,6
743907027,0.012142857285714287,7
743908001,0.0076101695,2
743908016,0.0060847457,1
743909014,0.02055447985714286,7
743909015,0.020033899,4
743909016,0.020348228727272728,11
743910002,0.013542373,1
743910009,0.0201288138,5
743910011,0.020115255000000002,5
743913001,0.02168644,2
743914001,0.022864407,1
743914014,0.021949153,2
743914016,0.027242130642857142,14
743914017,0.028457627,3
743915001,0.010231638433333334,3
743932009,0.0393288136,5
744036001,0.015237289,1
744036003,0.01580790933333333,9
744036005,0.0016779661,1
744072002,0.020322034,1
744111001,0.006762712,1
744117017,0.029742373,5
744117018,0.0301737285,4
744117020,0.033881355,2
744118003,0.009474576,1
744119001,0.013711864,1
744126002,0.016932203,1
744141006,0.020322034,1
744141009,0.011847458,2
744215002,0.07625423,2
744215003,0.084728815,4
744242002,0.014949152,1
744242003,0.016932203,2
744242011,0.042355932000000006,3
744242012,0.04104661025,8
744242013,0.04072033875,8
744272001,0.05083051,1
744272002,0.024966102,5
744276001,0.05083051,6
744284001,0.025915254,1
744287001,0.013542373,1
744306001,0.014107345,3
744306002,0.014943502666666665,3
744306003,0.02201695,2
744306004,0.02201695,2
744306008,0.02201695,2
744337001,0.035576273,1
744355011,0.01761017,1
744355012,0.02201695,1
744355017,0.020030509000000002,5
744394001,0.015237289,12
744394002,0.013542373324999999,4
744394003,0.015237289,1
744491001,0.02540678,4
744491002,0.02211356,10
744532002,0.02540678,1
744600001,0.04066102,2
744600003,0.06777966,8
744600004,0.06285053836363637,11
744668001,0.0303050845,2
744786001,0.02201695,4
744786002,0.011508474,1
744787002,0.0033728813,1
744787003,0.0033728813,1
744892001,0.008457627,1
744892002,0.02540678,1
744893005,0.035576273,1
744918002,0.0026271187,1
745058001,0.012627118,1
745073002,0.02201695,4
745155001,0.021169491,1
745186001,0.016468927166666668,3
745186003,0.013542373,2
745219001,0.015237289,1
745219003,0.006762712,3
745232001,0.025186738315789475,57
745232002,0.025323917555555558,9
745232005,0.024789676727272728,22
745247002,0.008457627,1
745250002,0.013542373,2
745298001,0.010152542,1
745312001,0.016932203,1
745397001,0.015237289,1
745397009,0.019576271383333333,6
745432004,0.013542373,1
745475023,0.016932203,1
745476011,0.025960451,3
745477001,0.011847458,1
745477002,0.011847458,1
745552004,0.011847458,1
745686008,0.029697648709677418,31
745736001,0.116548025,3
745737001,0.084728815,2
745737002,0.07625181685714286,7
745962001,0.013542373000000002,3
745973002,0.01340677975,4
746011005,0.016555555222222223,9
746067001,0.011847458,1
746067003,0.009991525250000001,4
746069001,0.06606842351851852,27
746069002,0.02201695,1
746069005,0.022016949999999997,3
746069006,0.06606505796923078,130
746070001,0.06620265239130435,23
746070002,0.06148426071428571,7
746070007,0.066423728,5
746073001,0.033881355,4
746073003,0.015237289,1
746087002,0.033881355,1
746144003,0.038406778,1
746144009,0.035067795,2
746144011,0.0389661,1
746145001,0.030491525,1
746260001,0.015736722866666667,15
746260002,0.01648228009090909,11
746260015,0.014681732666666666,9
746260017,0.015372881199999999,5
746260018,0.014701694799999998,5
746260023,0.015726602608695652,23
746300007,0.027474576333333334,12
746300010,0.026423728999999996,3
746300011,0.028457627,3
746300013,0.0259548025,12
746308016,0.0050677964,2
746309004,0.0209661025,4
746309006,0.020963842333333333,15
746313001,0.030491525,1
746314001,0.0186271195,2
746314003,0.02201695,1
746322001,0.021169491,1
746330004,0.04216203364,25
746392001,0.023711864666666665,3
746454001,0.010152542,1
746505001,0.03926553926666666,15
746547001,0.0016779661,2
746558001,0.0105572037625,8
746558002,0.010152542,2
746603001,0.013542373,2
746603002,0.013542373,1
746627002,0.015237289,1
746627003,0.016932203,2
746775001,0.00957288106,5
746775002,0.00943389828,5
746775003,0.008457627,3
746775004,0.008457627,1
746775005,0.008457627,1
746775008,0.0135423725,2
746824001,0.014389831,1
746861002,0.013542373,1
746869003,0.014915254,2
746871002,0.015237289,1
746951003,0.030491525,1
746951004,0.030322033999999998,2
746994001,0.032915252500000006,2
746994002,0.01501694975,4
746994009,0.011847458,4
746994013,0.01010847426,25
747080001,0.0033728813,1
747080004,0.035576273,1
747085004,0.02201695,1
747196002,0.02540678,1
747196003,0.0166056494,15
747196004,0.008186441,1
747197003,0.0148220345,2
747198001,0.02540678,1
747198003,0.006220339,1
747216002,0.013542373,1
747216004,0.008847457,1
747229001,0.05083051,2
747240001,0.0050677964,1
747263001,0.0272711865,2
747346003,0.059305083,1
747376003,0.011847458,1
747395001,0.006762712,1
747415001,0.027101696,1
747485007,0.018627118,1
747528003,0.0304915255,2
747533002,0.0375550845,4
747533003,0.0337220332,5
747534002,0.0050677964,1
747534003,0.0050677964,1
747558002,0.011050847,1
747560001,0.011847458,1
747563005,0.019423729,1
747564009,0.013542373,1
747591006,0.059305083,4
747591007,0.055350281333333334,3
747637006,0.030491525,4
747637008,0.023711864,3
747723002,0.016745761999999997,2
747786004,0.02201695,2
747786006,0.0218711872,5
747786008,0.009813559333333334,3
747807001,0.010152542,1
747899001,0.033881355,1
747939003,0.008406779325,4
747967001,0.013542373,1
747984001,0.025257062416666667,12
747984002,0.029688670526315786,19
747986004,0.011847458,1
747990004,0.059305083,1
748136001,0.011847458,3
748140001,0.011847458,3
748140002,0.016932203,1
748140003,0.006762712,2
748236001,0.013542373,1
748269003,0.013276836333333333,3
748269009,0.02487213394117647,68
748269010,0.015237289,1
748284001,0.013542373,5
748354001,0.05083051,2
748355002,0.02150853272881356,295
748355003,0.021700927346020762,578
748355006,0.02201695,1
748355011,0.02201695,1
748355012,0.021631294049261087,203
748355018,0.021278390575,40
748419001,0.022016949999999997,3
748419003,0.02201695,2
748438005,0.016480226,3
748516001,0.033881355,1
748566023,0.040661015999999994,2
748566027,0.04180881073929961,257
748566030,0.042355932,4
748566031,0.04100941577777777,9
748566033,0.04151654538095238,42
748582001,0.06443451372727273,11
748582008,0.04560048371428571,7
748588001,0.027890772222222224,9
748588003,0.030491525,2
748595001,0.030491525,1
748595002,0.049645128375,16
748595003,0.06467535774358975,39
748651005,0.030491525,1
748651010,0.029511864199999998,10
748651011,0.0289661015,4
748723002,0.06777966,1
748748008,0.033881355,1
748748011,0.03275141166666667,3
748748012,0.030586440700000002,10
748749007,0.020504237875,8
748749008,0.019960452666666666,6
748749009,0.02201695,1
748751004,0.01761017,1
748751010,0.02201695,1
748755002,0.054220337,1
748816001,0.008118644,1
748816005,0.013542373,1
748853001,0.039247590352941175,51
748888002,0.018627118,1
748961001,0.024593221,1
749030005,0.023711865,2
749030007,0.02540678,4
749032004,0.015872881,2
749044017,0.0033728813,1
749073001,0.008627119,1
749084001,0.016932203,2
749097001,0.016932203,2
749099006,0.012847458,1
749102003,0.012186441,1
749175004,0.042355932,2
749175008,0.016932203,1
749175014,0.038118646,1
749175015,0.033881355,1
749175016,0.0416355935,2
749176008,0.02879661,1
749176010,0.033881355,1
749180001,0.020915255,2
749215001,0.02201695,1
749268006,0.042355932000000006,3
749268007,0.035576273,1
749297017,0.02540678,1
749334003,0.0316186445,2
749358001,0.017105932,8
749358003,0.016932203,4
749395001,0.014101695,1
749407002,0.0050677964,2
749415002,0.010152542,2
749421001,0.006762712,1
749421002,0.00801694925,4
749484015,0.006762712,1
749488003,0.0050677964,1
749509001,0.006762712,1
749516001,0.02201695,1
749570001,0.059305083,3
749615001,0.05030741243137255,51
749615002,0.02201695,1
749615004,0.046310734,3
749615006,0.018288135666666667,3
749615009,0.030357498672268907,119
749615010,0.04747094542857143,14
749615012,0.025153056303030302,33
749636001,0.0016779661,1
749650001,0.05083051,1
749650003,0.02201695,1
749651008,0.028983051000000003,2
749656002,0.013542373,1
749656003,0.0163220335,2
749665003,0.030250001,4
749674004,0.047924941428571434,7
749674005,0.05083051,2
749699001,0.024860966240601502,133
749699002,0.02477401155555556,162
749699008,0.010152542,11
749699017,0.010152542,4
749699019,0.009813559,1
749699023,0.010152542,3
749699024,0.025023928470588236,17
749699026,0.013458254962962964,27
749699027,0.02538983085,20
749699029,0.010152542,2
749699031,0.025279661250000002,20
749699032,0.025171334065217394,46
749747001,0.006762712,2
749806002,0.0033728813,1
749819001,0.02201695,1
749827001,0.008118644,1
749848001,0.016932203,1
749885001,0.006762712,1
749968001,0.0033728813,1
749974001,0.021185103210526315,76
749974007,0.021200309,11
749974008,0.021830509194444445,36
749974009,0.021470642276785714,112
750026001,0.021169491,1
750055001,0.040001882999999995,9
750055003,0.042355932,7
750055006,0.042355932000000006,6
750055007,0.042355932,5
750055008,0.0381186435,2
750060001,0.016932203,2
750061001,0.015237289,2
750083001,0.054152541,3
750129001,0.04066102,1
750197002,0.02201695,1
750197003,0.021472693777777777,9
750229001,0.030491525,2
750230001,0.027101696,1
750232001,0.0377728804,5
750232003,0.03929237275,4
750260003,0.015237289,2
750330002,0.05021006812121213,33
750330003,0.04776117231818182,22
750330004,0.05010411771428571,7
750397011,0.018627118,1
750397012,0.027949152499999998,2
750397013,0.006762712,1
750397014,0.011847458,1
750397015,0.0251737295,4
750398005,0.018627118,1
750422018,0.03319242205882353,170
750422019,0.0099491524,5
750422023,0.020362994958333335,24
750422024,0.012186441,1
750422027,0.0329186434,5
750422031,0.029289132000000002,34
750422037,0.02143644125,4
750422038,0.03265316942592593,54
750422039,0.03330148875,132
750422041,0.03286119948648649,74
750423001,0.04193682590909091,22
750423002,0.042355932,1
750423005,0.02540678,1
750423009,0.032403390600000005,5
750423010,0.04075162988461538,26
750423011,0.03557627085714286,7
750423012,0.039191003769230764,26
750423013,0.0358305082,15
750423019,0.04190148302083333,48
750423023,0.042355932,1
750423025,0.04145009401388889,72
750424007,0.042355932,2
750424008,0.039920550375,16
750424014,0.02244431035714286,14
750424015,0.02550659177777778,9
750424016,0.02274397936842105,38
750424017,0.04187167064285714,14
750424018,0.04197072418181818,11
750424021,0.04152094650943396,53
750428008,0.0355762704,5
750428009,0.03872397042857143,7
750428010,0.042355932,1
750444004,0.011847458,1
750444005,0.05736671668181818,22
750444006,0.058649363187500005,16
750444008,0.037016948499999994,2
750480002,0.02201695,1
750480003,0.027101696,1
750480004,0.02201695,1
750481001,0.030915254000000003,4
750481002,0.033881355,1
750481004,0.032532069862745094,51
750481007,0.03265503435294118,17
750481010,0.03222997619607843,51
750506001,0.05083051,1
750519002,0.022466101772727273,22
750519006,0.02465395508333333,12
750528001,0.048618645,2
750528014,0.0451355948,5
750528015,0.0500677975,2
750565003,0.083898306,1
750623009,0.019508475,2
750648002,0.024576271,1
750652001,0.024837288,5
750652002,0.01600484285714286,7
750681003,0.0033728813,1
750694001,0.0142542375,1
750704003,0.037271187,1
750745002,0.046322033,1
750777001,0.02201695,1
750777003,0.027101696,1
751157007,0.006762712,1
751167001,0.029508475,1
751214001,0.042355932,1
751214002,0.042355932,1
751257006,0.009822034,2
751257007,0.010152542,1
751270002,0.013542373,1
751271002,0.011583050880000001,5
751273003,0.021124294000000002,3
751273006,0.021169492166666665,6
751273007,0.015237289,6
751285002,0.0083898305,3
751287001,0.015237289,1
751288001,0.00990254225,4
751295002,0.016932203,1
751295003,0.016932203,5
751342006,0.025681534684210527,19
751342007,0.016997881083333333,24
751342008,0.042199999599999996,5
751411003,0.033881355,6
751428001,0.033898305,1
751428002,0.033881355,1
751471001,0.033259208593872235,1534
751471002,0.033881355,3
751471003,0.0144745765,2
751471021,0.03073989525,52
751471022,0.03166659163157895,152
751471023,0.031788487895833335,48
751471026,0.033463827219512195,41
751471027,0.03316949075,24
751471031,0.033519490750000006,20
751471033,0.021508474899999998,10
751471034,0.03303852,22
751471035,0.013542373,9
751471036,0.033881355,3
751471037,0.0331585671975052,481
751471038,0.03324624424552846,615
751471039,0.03318257434837093,399
751471041,0.03356645772853186,361
751471042,0.03349587495666667,300
751471043,0.03308102949466193,1405
751530001,0.010157385057142856,7
751530002,0.0116355935,8
751530003,0.009697034,8
751530004,0.011550847749999999,4
751534002,0.021508474,1
751542002,0.008457627,1
751551001,0.01326006365625,32
751551004,0.024779661,2
751551005,0.010152542,2
751557002,0.06777966,2
751559006,0.042355932,1
751560001,0.007892655466666667,3
751560002,0.011282486,3
751567004,0.018457627666666667,3
751567006,0.02470460042857143,7
751567009,0.033580036666666674,9
751567010,0.033572033,4
751567012,0.0243813555,2
751591001,0.021813560000000003,5
751591002,0.02201695,2
751591006,0.02201695,4
751591007,0.013542373,2
751592001,0.02481523172421525,446
751593001,0.014933616333333332,12
751598003,0.05083051,2
751628001,0.0301864405,2
751664001,0.024832319572649572,234
751783001,0.027101696,2
751784004,0.015197740133333333,3
751788001,0.04963918987878788,66
751788002,0.04716616346428572,56
751793001,0.006762712,1
751794006,0.0281440675,2
751906003,0.06777966,2
751915001,0.024555555555555556,9
751915002,0.02540678,6
751935001,0.052949153250000006,4
751936002,0.05083051000000001,5
751939004,0.030491525,2
751941002,0.02879661,1
751994001,0.05015254366666667,6
751994003,0.04972361726666667,75
751994004,0.0101525425,2
751994006,0.05018818048717949,39
751994007,0.049683793781250006,96
751994009,0.04977907786206897,29
751994010,0.04440254275,8
751994014,0.050619242267605634,71
751994016,0.049448094703125,64
751994018,0.05057332495652174,23
751994024,0.0497443747704918,61
751998001,0.0236271188,5
752002001,0.018627118,1
752002002,0.018180790333333335,3
752035001,0.009186441,1
752091008,0.03865793490909091,11
752091011,0.04789830414285715,7
752091012,0.0337152532,5
752281001,0.02540678,1
752293001,0.013542373,1
752381006,0.008515254142857143,35
752384002,0.006762712,3
752407001,0.016932203,2
752432010,0.02201695,1
752437001,0.023711864,1
752437003,0.023711864,1
752448001,0.02201695,1
752477001,0.0118474575,2
752477003,0.019731235571428574,7
752486006,0.021152542,2
752509001,0.02540678,1
752514003,0.015249394214285714,14
752514007,0.015225554730769229,26
752514008,0.0135423725,2
752516002,0.03946186433125,16
752516003,0.022581921166666668,6
752516005,0.04061779655,20
752516006,0.0162372885,2
752552001,0.013542373,1
752554002,0.016830508142857144,7
752554003,0.016932203,1
752554004,0.014653483666666668,9
752607009,0.02166525475,4
752657001,0.021690165872611467,157
752657007,0.02201695,1
752657009,0.021667071000000003,14
752661004,0.022016949999999997,3
752689001,0.015506933545454545,22
752689002,0.01632851417647059,34
752689003,0.016216807708333333,24
752689008,0.016932203,3
752689011,0.016469868,18
752689015,0.016932203,2
752737001,0.016932203,3
752737002,0.016932203,2
752744001,0.0060932205,2
752744010,0.00394915255,2
752811002,0.008457627,1
752814003,0.03341938212179488,156
752814004,0.021355932850000002,20
752814005,0.016608198453488373,43
752814006,0.024498789714285714,7
752814014,0.022806779200000002,5
752814015,0.02750282483333333,6
752814016,0.030055767612903225,31
752814017,0.033252824083333334,60
752814018,0.033226652705882355,51
752814020,0.03126348160606061,33
752814021,0.033248507295774644,71
752814022,0.03351540758181819,110
752815001,0.030322034,1
752857001,0.0444745755,2
752857002,0.02201695,1
752857010,0.059305083,1
752858001,0.006762712,1
752869001,0.006868926626666666,15
752869002,0.006708474686666666,15
752869003,0.0033728813,2
752869007,0.010152542,4
752962002,0.02201695,1
752998008,0.016932203,1
753061001,0.0033728813,2
753061003,0.008543676500000002,13
753071003,0.009135594,1
753085001,0.033881355,1
753085002,0.018966101,1
753112006,0.06438983000000001,2
753112007,0.06661017,2
753219002,0.040711864,2
753237002,0.006762712,2
753237011,0.01667554442857143,7
753279002,0.015237289,2
753372002,0.014033899,1
753437004,0.0287966095,4
753437006,0.033881355,1
753437008,0.033881355,2
753475001,0.032896044444444446,45
753475022,0.033881355,2
753475023,0.032679339540540545,37
753475025,0.032073445666666665,3
753475027,0.03374818328571429,7
753475028,0.033881355,1
753481001,0.05010411771428571,7
753512001,0.047440680000000006,3
753540001,0.008279661,2
753572002,0.016932203,3
753581001,0.015237289,1
753692006,0.013293294130434783,23
753692016,0.006762712,3
753692017,0.00936864385,4
753692018,0.008457627,4
753692019,0.0063163843333333336,3
753692020,0.008457627,4
753692022,0.011282486,3
753692025,0.01323728825,34
753692027,0.013183287441860465,86
753692030,0.0128383052,50
753724002,0.016762712333333336,3
753724004,0.011847458,1
753737001,0.04130394781097561,164
753737002,0.016932203,1
753737003,0.015661017,2
753737004,0.016447941571428572,7
753737005,0.014267420555555556,18
753737006,0.012638418333333333,3
753737013,0.00968644075,2
753737014,0.015237289,2
753737015,0.02477715025925926,27
753737016,0.016803672000000002,12
753737017,0.04169337481818181,11
753746001,0.0186271195,2
753746013,0.01823574763636364,11
753746015,0.0183220344,5
753746016,0.01866195916666667,18
753778007,0.019966102,2
753778008,0.016348668040816326,49
753802003,0.011282486,3
753802005,0.029588377428571427,7
753802006,0.0232881365,4
753802007,0.03806567775,8
753866001,0.012186441,1
754002001,0.013372881428571428,7
754002002,0.012864407,2
754005001,0.02513813585,20
754018001,0.030192422588235297,17
754018002,0.02823163766666667,3
754018003,0.03319370385714286,7
754066001,0.0054067797,1
754106001,0.042355932000000006,3
754132019,0.030491526,2
754138002,0.06551977283333334,6
754138003,0.0623559308,5
754138007,0.042355932,1
754154001,0.0271016945,4
754154006,0.0158440678,5
754223007,0.0173559325,2
754223008,0.02201695,1
754231001,0.04066102,2
754234001,0.07837288249999999,2
754238001,0.03199811588888889,9
754238010,0.013542373,1
754238015,0.03347638685496183,131
754238019,0.033339969621359225,103
754238022,0.03351668359375,64
754238023,0.033394098385185186,135
754238024,0.03354067309307876,419
754242003,0.030491525,2
754267016,0.011334140642857144,7
754267051,0.01660805075,8
754267054,0.01584261492857143,14
754267058,0.016347825956521737,23
754267066,0.008804087673529411,34
754272001,0.0042542373,1
754275001,0.012186441,1
754291002,0.00842372875,8
754291005,0.007894067675000001,4
754292001,0.006762712,1
754323002,0.027101696,1
754323004,0.0420542372,5
754323008,0.02201695,1
754344001,0.025915254333333332,3
754344007,0.025310734333333335,3
754344008,0.02201695,1
754344009,0.02440678,1
754351001,0.010152542,1
754356001,0.010152542,1
754356002,0.0125254238,5
754357001,0.04687570533333333,3
754357005,0.05552401001111111,36
754362002,0.0033728813,2
754362003,0.01013347421875,16
754362004,0.0026949153,2
754362006,0.0007966102,1
754362009,0.0023152542800000003,5
754362018,0.00971092251388889,36
754362020,0.010018252615384617,13
754362022,0.009869565043478261,23
754362025,0.0098084744,30
754404004,0.02438983086060606,33
754404006,0.021875706499999998,6
754423002,0.016932203,3
754440001,0.011847458,1
754596002,0.0054745763,1
754598006,0.007576271,1
754627001,0.041387409285714286,7
754652007,0.02495785645945946,37
754713013,0.015237289,1
754751001,0.023711864,2
754751013,0.03288135535294118,17
754758002,0.01599152525,4
754770001,0.035576273,1
754792001,0.016932203,3
754792003,0.025094761500000003,22
754792004,0.024973340666666666,96
754837002,0.0252542375,2
754910002,0.013203389999999999,2
754933002,0.044050846,1
754933003,0.118627116,1
755058003,0.015237289,1
755058006,0.028457627,3
755063003,0.030228813611111113,18
755089002,0.018,1
755090001,0.06777966,1
755092001,0.04066102,1
755138001,0.0533177955,4
755154001,0.03515254225,4
755185006,0.008457627,1
755201001,0.05066855122222222,9
755201002,0.05083051000000001,5
755223001,0.027141243333333332,3
755223002,0.0313932204,5
755309004,0.016932203,1
755357001,0.008457627,1
755360002,0.03642373,2
755361001,0.031686439999999996,2
755363001,0.050105933500000005,4
755363002,0.05083051,3
755440001,0.05083051,1
755440002,0.05083051,1
755467001,0.028296163842105263,19
755467003,0.030058669846153845,13
755467004,0.0274406778,5
755473001,0.02540678,4
755473002,0.032468925833333336,6
755473003,0.033881355,3
755574001,0.033558017307692305,13
755574003,0.033881355,3
755574004,0.033881355,7
755574005,0.033881355,2
755574006,0.033881355,3
755574007,0.03275141166666667,3
755574010,0.016932203,2
755574011,0.011847458,5
755575001,0.013542373,2
755575002,0.01320762725,8
755575003,0.013347771592592593,27
755575006,0.013542373,1
755575007,0.013147699857142857,7
755604001,0.016605931875,8
755604005,0.008457627,2
755616001,0.006762712,1
755644003,0.04179661,1
755675004,0.02201695,1
755684003,0.006762712,2
755700004,0.042694918,5
755700006,0.042694918,5
755701001,0.033881355,1
755701002,0.0304915255,2
755702001,0.030491525,2
755703002,0.033881355,3
755703004,0.033881355,5
755712002,0.023711864,2
755716002,0.026296609999999998,2
755737004,0.042355932,1
755754001,0.04982473982978723,47
755754002,0.05001291516666667,42
755754003,0.04946489242857143,14
755759001,0.015864408,1
755759002,0.016932203,1
755759003,0.015649717666666667,3
755759004,0.015237289,1
755759005,0.0163983055,2
755766006,0.0277796602,5
755768001,0.013542373,1
755768003,0.012514124666666668,3
755780002,0.02201695,2
755781004,0.02540678,1
755781009,0.020322034,1
755851001,0.016932203,1
755851002,0.016932203,3
755861002,0.016932203,1
755861003,0.01457627175,4
755861005,0.020915255,4
755868001,0.016932203,1
755869001,0.033881355,1
755876002,0.04802738046153846,13
755876004,0.053372882,1
755876005,0.059305083,4
755891006,0.011847458,1
755891007,0.006762712,1
755908001,0.013076271,2
755979001,0.043991527,2
755999002,0.047440678,1
756040001,0.013542373,1
756095004,0.042355932,1
756095006,0.03166102,1
756099005,0.0057457627,2
756099007,0.00888135585,2
756105003,0.016932203,3
756132001,0.0143920904,15
756132002,0.02540678,1
756185001,0.008457627,1
756192002,0.010152542,2
756198003,0.033417209076923075,13
756204001,0.015237288000000002,2
756209001,0.021169491,1
756209003,0.02540678,4
756209004,0.0115305088,10
756248001,0.02540678,5
756248005,0.010067796,1
756248008,0.023664928461538462,13
756300001,0.010033898,1
756318001,0.0413120438807947,151
756318006,0.0419322034,10
756318007,0.04097438355681818,88
756320005,0.0075084744,1
756320013,0.0060677966,1
756320017,0.02129661,2
756320019,0.0254067805,4
756320021,0.033881355,1
756320024,0.03345009333333334,9
756320026,0.03347344546666667,30
756320028,0.033881355,3
756320030,0.03257757430769231,13
756320031,0.032933639,59
756322001,0.024868421368421052,114
756322004,0.010152542,2
756322006,0.025143297636363637,11
756322009,0.025031045782178216,101
756347001,0.02540678,3
756350001,0.013542373,2
756356002,0.016288135,1
756356003,0.016932203,1
756405002,0.02201695,1
756415005,0.032791766785714285,14
756416001,0.018627118,1
756420001,0.009542373,1
756420005,0.0118474574,5
756420007,0.013542373,1
756521002,0.016932203,2
756539005,0.016932203,1
756631001,0.018711865,1
756633001,0.008457627,1
756662001,0.0050677964,1
756672002,0.007896186425,8
756687001,0.005779661,2
756776002,0.0047033897,2
756777003,0.0248983054,5
756777004,0.0250296615,4
756787003,0.029898304,1
756830001,0.05083051,1
756870005,0.020322034,1
756904008,0.01583051,2
756904012,0.015237289,1
756904013,0.018144067,2
756904015,0.015237289,1
756904017,0.011847458,1
756979001,0.02201695,1
757045001,0.05083051,1
757052002,0.037288136,2
757187001,0.015237289,1
757187003,0.027101696,1
757187004,0.018627119666666667,6
757270002,0.011847458,2
757280001,0.015237289,1
757303012,0.029327118399999998,20
757303013,0.01120339,3
757303014,0.02949710838235294,170
757303015,0.028566383875,24
757303018,0.02784745757142857,7
757303021,0.02969170835135135,111
757333001,0.0323983045,2
757347001,0.048288137,2
757347002,0.0310610163,10
757347003,0.04499273714285714,14
757347005,0.020322034,7
757347008,0.0282457625,10
757379001,0.011847458,1
757413004,0.01981356,6
757413008,0.019988036235294118,17
757413011,0.02201695,1
757482002,0.0033728813,1
757552004,0.033595641071428574,28
757552007,0.016066585642857144,14
757552009,0.014881356,1
757552012,0.012864407,2
757552013,0.0330338975,4
757557003,0.008653835044067798,59
757575003,0.015237289,1
757614002,0.006762712,1
757661001,0.05464406675,4
757671006,0.011847458,3
757671007,0.011790508746666666,75
757671008,0.015073446833333332,6
757711001,0.013542373,2
757711003,0.013542373,2
757726002,0.016932203,1
757726004,0.010152542,2
757741008,0.009932203,1
757743006,0.0183898305,2
757748002,0.059305083,1
757805001,0.008350716995384616,65
757805002,0.008343858783561644,73
757805010,0.00843532552631579,19
757805011,0.006004842542857143,7
757805013,0.00610677958,10
757805014,0.008388190161290323,31
757805015,0.008291703710526316,19
757805016,0.0084218455,18
757828001,0.013288135625,8
757872010,0.026677966,1
757884002,0.02201695,5
757884010,0.020966102,3
757884012,0.0186271195,2
757884016,0.020754238166666668,6
757903001,0.016683433354838708,31
757903013,0.0065084745,2
757903019,0.010152542,2
757903024,0.016417322566929134,127
757903028,0.01636546575,16
757903029,0.01589276375,52
757903038,0.016537387647058824,17
757904002,0.011847458,1
757904007,0.016740369545454544,22
757904018,0.0081355935,1
757906005,0.010152542,6
757907001,0.015237288000000002,2
757909003,0.0016779661,1
757909004,0.022786180000000003,13
757915002,0.024223798291836737,49
757915003,0.011847458,1
757926001,0.03358192,3
757926003,0.06610631700000001,11
757971001,0.021638284261904762,126
757971003,0.018595480786666667,15
757971004,0.012212417213043478,92
757971006,0.021484335606060608,33
757980001,0.0150677964,10
757991001,0.013542373,1
757995007,0.0167457624,5
757995009,0.02740808323076923,13
757995011,0.024559321500000002,2
757995012,0.015055085499999999,8
758002008,0.010351309545454546,11
758002010,0.012483051125,8
758002011,0.01083050825,8
758002012,0.0216666675,6
758034001,0.024972926628318588,678
758034015,0.009882263619642857,112
758034016,0.024291364285714285,21
758034030,0.025037105216216216,37
758043001,0.0033728813,2
758050001,0.0033728812999999996,5
758088002,0.018627118,1
758089002,0.0033728813,1
758129002,0.030491525,1
758153001,0.02879661,1
758191001,0.02201695,1
758226001,0.0043898304,1
758266001,0.016932203,9
758266002,0.012214689,3
758276004,0.018220339000000002,2
758276005,0.011847458,7
758282002,0.017873823622222222,9
758282003,0.02201695,9
758381002,0.013542373,1
758407002,0.02201695,1
758457006,0.010830509,1
758578001,0.042355932,1
758650003,0.033881355,1
758790001,0.03628248583333333,6
758808001,0.011847458,4
758808002,0.011847458,1
758840001,0.008457627,3
758840002,0.005632768433333333,3
758928006,0.013542373,2
758982004,0.0585508465,2
758983003,0.047440680000000006,3
759021003,0.011847458,1
759054001,0.027079096,3
759107001,0.06777966,1
759154001,0.016932203,1
759156003,0.013542373,1
759156004,0.008457627,1
759156005,0.012186441,1
759158002,0.02201695,2
759159003,0.0117288139,10
759299001,0.01674387922222222,9
759299004,0.016932203,2
759325002,0.013542373,2
759326008,0.025313559625,48
759326009,0.0500607355,12
759327005,0.02201695,2
759331002,0.008457627,1
759392007,0.025288136000000003,2
759394002,0.010152542,1
759423002,0.04868361693333333,15
759423003,0.020186441,3
759465001,0.011620600043724698,247
759465004,0.011653955166666667,12
759465014,0.010899364615625,32
759465016,0.011739599727272726,11
759469001,0.01653741575754717,106
759479001,0.004394067775,4
759480001,0.01161479231818182,22
759481001,0.007924939385714286,35
759482001,0.016483559065,200
759482003,0.006683616,3
759482005,0.016932203,5
759482007,0.016932203,7
759483001,0.013253430333333335,21
759595003,0.08472881666666666,3
759597003,0.0444745775,4
759637004,0.022865818833333332,12
759637008,0.059305083,2
759637009,0.05926634214285714,7
759796002,0.0389661,1
759796003,0.030491525,1
759796005,0.030491525,4
759807008,0.0022881357,1
759814009,0.03313698938644689,546
759814010,0.03266073613223141,121
759814011,0.03007780765284974,193
759814020,0.033881355,4
759814022,0.03277915694059406,101
759814024,0.03330508394117647,17
759814034,0.0315084739,10
759814035,0.033325917317708335,192
759814036,0.03247324623529412,51
759847005,0.029644068,1
759847006,0.029966103,2
759871001,0.006523429823529412,17
759871002,0.006409585133793103,145
759871003,0.0059833482719298245,57
759871004,0.006245533754054054,37
759871011,0.006637196627027027,74
759871013,0.0065849749054054055,37
759871022,0.006665859671428571,7
759871025,0.006593007692887029,239
759871030,0.006637677244262294,61
759871034,0.006599105556944445,72
759871037,0.006665859676190476,21
759909002,0.013542373,1
759911001,0.020322034,1
759964001,0.042355932,1
760022001,0.020322034,3
760024012,0.014847457,1
760024034,0.013542373,1
760024035,0.016932203,2
760024036,0.012186441,1
760084003,0.024912571914568346,556
760084006,0.024750805694214877,121
760084009,0.022662491086956525,23
760084011,0.023950955765957446,47
760084013,0.011543348413669064,139
760084015,0.02474146250746269,67
760084018,0.012271186666666668,6
760111001,0.0135423725,4
760123002,0.006762712,1
760143002,0.014796610333333333,6
760144003,0.059305083,4
760214002,0.024841807666666663,3
760214004,0.033881355,2
760214005,0.013542373,1
760223006,0.006762712,1
760242001,0.0033728813,1
760281006,0.042355932,1
760295001,0.0214576275625,16
760295002,0.040617873409090906,22
760296001,0.042355932,1
760300002,0.021169491,1
760368003,0.024415255,2
760417006,0.05083051,2
760451002,0.05083051,1
760453002,0.018627118,1
760458003,0.084728815,3
760494001,0.02879661,2
760597001,0.02201695,1
760695003,0.02540678,1
760808001,0.033881355,2
760857005,0.03557627125,4
760857006,0.030491525,1
760880001,0.010152542,1
760894001,0.030491525,1
760931001,0.06777966,1
760931003,0.06732391600000001,9
760931004,0.066576272,2
760957002,0.07625423,1
760958001,0.118627116,4
760961003,0.09878692825,112
760970002,0.0186271195,2
760975006,0.02183449723529412,17
761018009,0.003487651308571429,35
761018017,0.003525423683636364,55
761018022,0.005025423558333334,12
761060001,0.05083051,1
761061001,0.030491525,2
761061002,0.02540678,1
761202001,0.0050677964,3
761204005,0.0060847457,1
761211001,0.006762712,1
761217001,0.010152542,1
761221001,0.030491525,1
761221002,0.02201695,1
761222001,0.02540678,1
761222006,0.05019491675,8
761269001,0.016546693019607844,51
761269002,0.013542372600000002,5
761278001,0.015237289,1
761285001,0.0026949153,1
761285002,0.0022881357,1
761287001,0.010152542,1
761296004,0.01820338975,4
761296011,0.016932203,1
761308002,0.0050677964,2
761323002,0.00820338977,10
761335002,0.0125254235,2
761370001,0.084728815,2
761404001,0.016932203,1
761406002,0.02540678,23
761406006,0.024898305373015874,126
761415003,0.010661017,1
761418004,0.02116949175,8
761501007,0.03038983025,4
761501008,0.02532203425,4
761501009,0.030491525,2
761501010,0.030491525,2
761533002,0.011564972,3
761533003,0.010152542,2
761575001,0.015237289,2
761579004,0.02178813625,4
761595001,0.03926553666666666,3
761595002,0.017779661,3
761619001,0.015424206915492957,71
761621001,0.010957627000000001,2
761643003,0.033881355,1
761664004,0.02201695,1
761696002,0.016932203,1
761696003,0.016932203,1
761696004,0.04132784494285714,35
761698001,0.008457627,3
761713001,0.027839428684210528,19
761713010,0.02657627136,25
761713011,0.027258756666666665,15
761713013,0.0212489415,16
761822001,0.0830339,1
761928002,0.016932203,1
761953002,0.015514123999999999,3
761953003,0.016932203,4
761960001,0.05704519633333333,3
761968002,0.024887005666666667,3
762015003,0.018711865,1
762028005,0.050148777148148145,27
762032001,0.049661018,1
762063001,0.025237288375,8
762063003,0.02540678,4
762063004,0.021427966916666666,12
762096001,0.013542373,1
762096003,0.00849152535897436,39
762096004,0.0134650425,16
762096005,0.008534668740909091,22
762133002,0.016372882,1
762143001,0.013224282921606649,361
762143002,0.013392158807692308,182
762143003,0.013230260537804878,82
762143004,0.01323415917846154,65
762143007,0.0101525425,2
762143009,0.013368540823170733,164
762143010,0.013004842714285715,14
762143011,0.013357839125000001,80
762154002,0.047440678,1
762173001,0.04968624479069768,43
762173005,0.05022034025,12
762173007,0.05083051,1
762173009,0.049437131720930234,43
762173012,0.05064689416666667,6
762173013,0.04873305225,8
762188001,0.013542373000000002,3
762188002,0.013243270294117647,17
762196001,0.016932203,1
762205001,0.029459745458333336,24
762205002,0.029603189911764707,34
762212002,0.010152542,1
762235001,0.015237289,2
762261007,0.02540678,7
762286001,0.016974576333333335,6
762286002,0.02540678,1
762286004,0.025169491714285713,7
762286009,0.02425908014285714,7
762310003,0.006762712,1
762331001,0.012487759111111111,9
762331004,0.012449804538461538,13
762331012,0.013542373,7
762433001,0.04550363328571429,7
762433003,0.041756356,8
762585001,0.042355932,1
762600004,0.030321449137931035,29
762600008,0.027440678,1
762600009,0.011759045264423078,208
762600010,0.030491525,1
762619002,0.006762712,1
762619003,0.013542373000000002,3
762637001,0.014508475,1
762656001,0.003196424375890411,73
762656002,0.0032864060397959187,98
762656010,0.003207627075,4
762656012,0.0030338983,2
762656018,0.0016779661,1
762666002,0.012887006,6
762666003,0.0050677964,1
762672001,0.022016949999999997,3
762741001,0.006762712,1
762796001,0.03344124213333333,30
762796003,0.015237289,1
762796004,0.033192176523076926,65
762796006,0.025666666333333334,3
762796007,0.03138366636363637,11
762796009,0.03295096785714286,112
762796013,0.03344681216564417,163
762846001,0.024795323170886077,158
762846006,0.02500425690106545,657
762846007,0.024563912687499998,48
762846008,0.024932280031531532,444
762846010,0.015237289,1
762846015,0.010152542,2
762846026,0.024883265156996588,293
762846027,0.02485365644,175
762846028,0.024396880407079644,113
762846029,0.025176596765151514,396
762846031,0.024675035668587898,694
762853002,0.012406779,1
762856001,0.02432387643478261,46
762856007,0.012062146833333334,6
762856008,0.024531073733333335,15
762856014,0.014813559,4
762896006,0.010152542,1
762896007,0.010152542,1
762896020,0.0054745763,1
762896022,0.004864407,1
762896023,0.025241525625,8
762930001,0.020322034,2
762975004,0.016932203,1
763016001,0.042355932,1
763016002,0.039531073,3
763037001,0.03059932236,25
763037003,0.018627118,1
763084001,0.013542373,2
763084002,0.012004622636363637,11
763153001,0.015237288999999998,10
763157001,0.011847458,1
763157004,0.0083661016,5
763157005,0.008457627,2
763178001,0.033881355,2
763194001,0.05083051,2
763194005,0.050629796105263164,19
763195007,0.050033897,1
763200006,0.025385593,8
763200008,0.025581920666666664,3
763270001,0.01066101728,5
763270002,0.018911017500000002,4
763270003,0.013542373,2
763275001,0.008266533682352941,51
763275002,0.008300035995744682,47
763275003,0.0049322032000000005,5
763275007,0.008210526321052632,19
763275014,0.006138417940000001,30
763275019,0.00761016935,4
763275020,0.006310734366666667,6
763275024,0.008284100021428573,42
763276003,0.0296440675,2
763280002,0.025129943666666668,6
763280004,0.023296610000000002,4
763280005,0.02517890811111111,9
763280006,0.0251508477,10
763280008,0.016932203,2
763282007,0.030491525,1
763284001,0.02540678,1
763284006,0.022016949999999997,3
763285006,0.013542373,1
763322002,0.030491525,1
763323003,0.21414732923076923,13
763372002,0.0415010590625,16
763393001,0.033319208333333336,12
763468005,0.036141242999999997,3
763469001,0.04186640064705882,17
763469002,0.041806653907407405,162
763469009,0.016932203,3
763483001,0.0043898304,1
763490001,0.0060897309,17
763490002,0.00256779665,2
763518001,0.013360169625,8
763529001,0.005638418166666666,3
763529002,0.0063114406999999996,8
763535002,0.02540678,4
763617003,0.02201695,4
763634008,0.0389661,4
763727002,0.018135592,1
763727003,0.0169322035,4
763731004,0.015237289,1
763735003,0.019822034000000002,2
763785001,0.02201695,10
763807003,0.024389831,1
763842002,0.033881355,5
763842007,0.035576270636363636,22
763842008,0.025536066558139534,43
763858001,0.025372881714285714,21
763858002,0.031313559000000005,4
763868001,0.03755367216666666,6
763889002,0.015237289,1
763889008,0.008457627,1
763910001,0.011847458,1
763988001,0.024814014637583894,149
763988002,0.025152543,2
763988003,0.024800847722222224,72
763988004,0.02487312727536232,138
763988005,0.02201695,1
763988006,0.024736283,59
763988007,0.02540678,1
763988011,0.024613211846153844,78
763988013,0.0251355934,5
764065008,0.033881355,1
764073002,0.04232701870588235,17
764073004,0.04178611776190476,21
764084009,0.016932203,1
764084011,0.015237289,2
764085001,0.020988700666666665,3
764085002,0.02540678,1
764087003,0.018694915,1
764110003,0.0625047078888889,9
764110004,0.030491525,1
764110005,0.06777966,1
764110006,0.06777966,1
764147001,0.04154406772857143,70
764147003,0.0186271195,2
764147004,0.041134745550000004,20
764147008,0.04038256614285714,7
764147009,0.042355932000000006,6
764147012,0.04136789617647058,17
764155001,0.066720338125,16
764280001,0.03343919057894737,57
764280002,0.033410767029411766,34
764280004,0.033348869499999996,12
764280005,0.033565303294117645,34
764280006,0.03340877305882353,34
764282001,0.0101525425,2
764291002,0.013084746,1
764345003,0.025016949333333333,3
764415006,0.02540678,1
764416001,0.018627118,1
764479001,0.02201695,4
764479002,0.024841807666666663,6
764479003,0.015052151846153846,13
764488001,0.033123331276595745,47
764488004,0.033881355,5
764488006,0.033036803042857145,70
764488009,0.03301186385,20
764525001,0.008196610140000001,5
764536001,0.02540678,2
764536002,0.042355932,1
764542003,0.015350283266666665,15
764554001,0.013542373,2
764554005,0.019908475000000002,5
764621001,0.011847458,12
764621002,0.008387409142857143,7
764624001,0.006762712,1
764624003,0.010152542,1
764640003,0.011847458,1
764646001,0.023711864,1
764751002,0.00952966085,4
764758004,0.02201695,1
764758005,0.01744804752173913,23
764758006,0.02201695,1
764758015,0.01975000075,8
764801001,0.02201695,1
764820003,0.0050677964,1
764895001,0.02532203425,4
764919001,0.033270378452380955,42
764919003,0.02540678,1
764998001,0.0083762712,5
764998002,0.006762712,1
765046001,0.05761017,1
765146002,0.0043728813,1
765164001,0.05083051,9
765169001,0.020322034,1
765169002,0.020322034,1
765175002,0.013542373,1
765176004,0.03276010376923077,13
765216001,0.011282486,3
765308002,0.03310331689361702,94
765308009,0.0330338975,4
765308013,0.0135423725,2
765308014,0.03261393519444444,36
765362001,0.042355932,1
765362003,0.013542373,1
765362008,0.016932203,1
765362009,0.018627118,1
765362010,0.02177966166666667,6
765362012,0.018627118,1
765362014,0.015237289,2
765433007,0.015050847499999999,2
765433009,0.015802260000000002,3
765441001,0.010152542,1
765441002,0.0060847457,1
765448001,0.016932203,1
765498002,0.011491525,1
765510001,0.02190678,4
765510003,0.011847458,3
765517001,0.022016949,2
765569003,0.059305083,3
765670001,0.0025254237,1
765734001,0.013440678000000001,2
765734002,0.016932203,1
765739001,0.047756780900000004,20
765739002,0.05083051,2
765739006,0.05083051000000001,5
765739007,0.0493542384,10
765743007,0.0664270383828125,128
765773003,0.011809927428571428,14
765773004,0.015326656818181817,11
765773007,0.014588983541666668,24
765773008,0.015786440800000003,5
765829001,0.017101696,1
765829002,0.011847458,1
765842004,0.020322034,2
765864001,0.02472881357142857,7
765907003,0.17491525,1
765910001,0.25254238,1
765915006,0.032822033125000004,8
765948001,0.013542373,1
765972001,0.016932203,1
765984003,0.012694915,1
765994001,0.018838983,2
765994002,0.010152542,2
766041001,0.027666666666666666,9
766041003,0.042355932,1
766041004,0.030491525000000002,3
766093002,0.042355932,1
766116001,0.012254237,1
766122003,0.010152542,7
766139003,0.010152542,1
766153001,0.019050848,1
766159002,0.016932203,2
766173002,0.0033728813,1
766178002,0.021745763,2
766195002,0.0016779661,1
766201002,0.010152542,1
766272002,0.030491525,1
766346003,0.02505037690277778,72
766346004,0.022325988933333332,30
766346007,0.0226338982,5
766346008,0.024650726666666668,84
766346011,0.024066429967741935,62
766356001,0.022864407,2
766402005,0.04968050976666667,60
766402006,0.02201695,1
766402008,0.05083051,1
766402012,0.048740113888888895,9
766402014,0.049154965,7
766402016,0.050328554153846156,26
766402017,0.046932204,5
766402018,0.0407669495,8
766402019,0.0502270411627907,43
766402020,0.02540678,4
766402021,0.0387281784125,80
766402022,0.05063196285714285,7
766402023,0.04979297932142857,28
766402026,0.0499686456,20
766402028,0.04883804248148148,27
766402029,0.05003276946666667,15
766402030,0.048978814625000006,24
766402037,0.048027918,17
766434001,0.034597457125,8
766435005,0.031809793333333336,9
766435009,0.022707628,4
766435010,0.029866101299999996,10
766435011,0.042508473954545455,22
766461001,0.013542373,2
766461003,0.013338982999999999,2
766495007,0.05083051,4
766495009,0.03179723737037037,27
766495013,0.02515937291044776,67
766495014,0.025163842000000002,6
766523001,0.013542373,1
766526003,0.021580509,4
766595001,0.02232665690909091,11
766595002,0.038118645,2
766595006,0.033881355,1
766639001,0.013542373,1
766643001,0.025872882,2
766644008,0.019595641857142857,7
766674001,0.02540678,1
766738001,0.015237288,2
766777013,0.015237289,1
766777014,0.0149661016,5
766785002,0.042355932,4
766785003,0.033881355,2
766826002,0.0289661015,2
766829001,0.021169491,1
766829002,0.0216474582,5
766917002,0.0241355935,2
766917003,0.011847458,2
766919006,0.029062146666666667,3
766955001,0.024214689666666667,12
766955004,0.014622881875,8
766974007,0.011847458,1
766997002,0.0060847457,1
767017002,0.02201695,1
767032001,0.0113953392725,40
767032002,0.011527992106060607,33
767032004,0.011847458,2
767032005,0.011760756461538461,26
767032006,0.0116716105,8
767040001,0.016932203,1
767040002,0.013542373,1
767065002,0.013542373,1
767090001,0.02540678,2
767116002,0.008457627,2
767117001,0.008457627,1
767123007,0.032638417571428574,21
767123016,0.033881355,2
767123017,0.031169491400000006,5
767123018,0.033881355,4
767123036,0.028799435333333335,6
767126014,0.02587288125,4
767126018,0.030491525,1
767127001,0.059305083,3
767153002,0.028087570333333336,12
767181007,0.02540678,2
767181008,0.022915255,3
767248001,0.022334403,37
767255001,0.01820339,4
767256013,0.026220339,4
767273001,0.020902542875,8
767273004,0.016932203,2
767311001,0.014813559,2
767311006,0.016932203,1
767311009,0.016084746,2
767377005,0.0298135592,10
767377006,0.03015870536363636,11
767377009,0.03388135583333333,6
767398001,0.013542373,5
767398003,0.011847458,5
767422001,0.0368949148,5
767422003,0.041911488,9
767422004,0.041394068374999995,8
767423001,0.024459887266666664,45
767423010,0.024513689846153843,26
767423011,0.024969079527027028,74
767423013,0.024369903999999998,74
767436004,0.013542373,2
767438004,0.0104915252,5
767473003,0.0337415245,4
767473005,0.033881355,1
767473006,0.013542373,4
767480005,0.006762712,1
767577007,0.02540678,1
767577011,0.0033728813,1
767577026,0.02525847475,4
767577031,0.02540678,3
767577033,0.02540678,2
767577035,0.025198767545454547,11
767577038,0.025245763,4
767577045,0.025090194000000003,28
767577046,0.024754237499999998,12
767577047,0.024928997054054054,37
767577048,0.02509399106060606,33
767577053,0.023735593300000003,10
767577058,0.025161958833333335,18
767577063,0.025265537055555554,18
767579006,0.009432606826190477,42
767579010,0.016112994444444445,9
767605001,0.0241567795,4
767605014,0.024850635875,16
767605015,0.023875192727272728,11
767605016,0.02439880382352941,17
767655003,0.010152542,2
767798001,0.033881355,1
767799003,0.021512107142857142,28
767799004,0.021684322625000002,16
767799006,0.008457627,1
767799015,0.011847458,4
767799016,0.009888888666666667,9
767799017,0.02201695,1
767799018,0.011576977708333333,24
767799020,0.020584746333333334,6
767799022,0.02198587638888889,18
767800001,0.05083051,1
767813002,0.016792372625,8
767820001,0.030491525,1
767834001,0.00832768356,15
767834002,0.00836184463255814,43
767862001,0.0166955770078125,256
767862003,0.016932203,1
767862004,0.006762712,1
767862005,0.016494284325581397,43
767869001,0.00831779675,4
767869002,0.0075593220125,8
767900001,0.02201695,2
767925004,0.008457627,1
767925005,0.012081355620000001,5
767925006,0.0064779662,5
768105001,0.016932203,1
768147001,0.011604520133333332,15
768147002,0.01981356,1
768147004,0.02201695,1
768189001,0.016932203,1
768189002,0.015054443393939392,33
768193001,0.084728815,1
768205001,0.0225830508,5
768205011,0.017706214333333335,3
768205012,0.020411017,8
768229001,0.011847458,1
768269008,0.0133898305,1
768269011,0.012186441,2
768275001,0.01616949133333333,3
768285002,0.030491525,1
768406017,0.015237289,4
768440010,0.013090395666666666,3
768465001,0.013542373,1
768470001,0.020606780400000003,5
768470002,0.008463276666666667,3
768506001,0.022016949999999997,3
768521008,0.022016949999999997,3
768551003,0.025214689666666668,3
768591002,0.011470944664285715,14
768610003,0.030491525,1
768739001,0.010152542,1
768739003,0.013542373,1
768759001,0.019926554222222222,9
768759002,0.02201695,4
768759005,0.008457627,1
768759006,0.00839171365,18
768759007,0.00837288125,4
768759008,0.0218084752,10
768759009,0.02201695,2
768768001,0.006762712,1
768847001,0.016082119591549295,71
768858001,0.033881355,1
768875001,0.0089661017,2
768879001,0.006762712,2
768879002,0.0033728813,1
768912001,0.016663683790186127,591
768912005,0.0167339673625731,171
768913001,0.025812255461538463,13
768913002,0.029372881,9
768919004,0.0325254232,5
768921001,0.01340259009550562,89
768927001,0.011847458,1
768931001,0.016702663142857142,35
768931002,0.016410027975,120
768931005,0.016284503464285716,14
768931006,0.014075500454545455,22
768931009,0.016805084300000002,10
768931014,0.016516949,8
768931017,0.016454802,12
768931019,0.016181486061538464,65
768931022,0.016161668615384615,13
768932001,0.11641054511111111,9
768947001,0.008457627,1
769007001,0.05018059737931035,29
769007002,0.05083051,9
769007003,0.036378531944444445,18
769007004,0.04990832177272728,22
769007005,0.05083051,1
769007010,0.050779662428571425,14
769007011,0.05083051,2
769007012,0.04926795938095239,21
769008001,0.033881355,3
769008002,0.033881355,1
769008003,0.033881355,1
769014001,0.00845762715,2
769056011,0.026237288166666668,6
769057001,0.06777966,6
769061003,0.011451977666666667,6
769070001,0.118627116,2
769102030,0.033881355,2
769102032,0.032186440250000004,4
769102033,0.0331661008,5
769102040,0.028728813400000004,10
769102045,0.032186440250000004,4
769102051,0.030145009222222224,9
769102052,0.032644067,4
769136001,0.04066102,1
769270003,0.027101696,1
769344002,0.042355932,1
769360001,0.016422457325,40
769360002,0.0151144065,4
769360003,0.01672033875,8
769434001,0.004220339,3
769483001,0.011847458,1
769483005,0.013419106454545455,11
769535002,0.027440678,2
769554001,0.0332658890625,16
769554006,0.033881355,2
769592001,0.02201695,1
769620001,0.047440678,1
769748002,0.049198843878048786,41
769748005,0.05083051,7
769748006,0.05083051,1
769748007,0.044474578,2
769748013,0.04924613246376812,69
769748014,0.050189001382550336,298
769748016,0.05083051000000001,5
769753002,0.020322034,1
769801003,0.014389831,2
769801005,0.0026949153,1
769814002,0.013542373,1
769814012,0.020980226666666667,6
769880001,0.016932203,2
769959001,0.00820339,1
769959003,0.012694915,1
770021001,0.018627118,1
770253001,0.033881355,2
770315005,0.01614105319261745,149
770315006,0.016480113905940594,101
770315007,0.016375099636125653,191
770315008,0.016335523785714286,98
770315009,0.016486198314285716,70
770315010,0.01601016926,50
770315014,0.016429378388888888,36
770315015,0.016241368277777776,54
770315017,0.01658164729032258,186
770315019,0.01621642749230769,65
770315020,0.016932203,7
770315026,0.016533407842975203,121
770336001,0.030953672088888887,45
770336002,0.027101696,1
770336003,0.032193502500000006,12
770345004,0.02201695,1
770346001,0.018627118,3
770351001,0.011847458,1
770352003,0.014474576999999999,4
770352004,0.02201695,1
770352006,0.013542373000000002,3
770359002,0.018344633333333332,3
770514001,0.016932203,1
770551001,0.02201695,1
770587001,0.009135594,1
770607001,0.035576273,2
770691001,0.02540678,1
770691004,0.0169322035,2
770697004,0.0112542375,2
770742001,0.0052542373,2
770748001,0.006762712,1
770816001,0.01662076225,8
770816007,0.016932203,8
770835005,0.042355932000000006,3
770845001,0.02201695,2
770845002,0.014737288000000001,2
770855001,0.015237289,3
770855005,0.013542373,1
770916001,0.0060847457,1
770958001,0.008457627,1
770958004,0.0060847457,1
771005001,0.0026949153,1
771157003,0.015237289,1
771157009,0.033881355,1
771235003,0.010152542,1
771235004,0.008457627,1
771296001,0.044703391,4
771296002,0.05083051,4
771328003,0.01761017,1
771328004,0.01761017,1
771337001,0.016480225666666667,3
771337002,0.01491949225,4
771338005,0.013542373,1
771368001,0.1181966088,5
771383001,0.015237289,2
771528004,0.027101696,1
771537001,0.0347288125,2
771537002,0.034728814,2
771557002,0.050666668,6
771557004,0.04208333341666667,12
771602001,0.024206381117647058,17
771602002,0.02201695,2
771603001,0.02190678,2
771605001,0.014778451071428571,28
771612001,0.018627118,1
771612003,0.011847458,3
771643001,0.010152542,1
771667001,0.015038136166666667,12
771693001,0.06763559187500001,8
771730003,0.016288135,1
771733004,0.011759887333333335,6
771759006,0.118627116,1
771759008,0.11757061866666667,3
771759010,0.118627116,1
771759011,0.11561079607407408,27
771759012,0.11768712524324323,37
771762005,0.118627116,1
771764005,0.10167797,2
771764006,0.09862712200000001,5
771774002,0.013542373,1
771804002,0.0480677985,4
771822002,0.03237288,1
771829005,0.030491525,1
771844001,0.006423728925,4
771871001,0.015237289,1
771964002,0.011847458,2
771970001,0.016932203,1
771970006,0.02499653343181818,44
771970008,0.025133172000000002,7
771981003,0.016874576,5
771981008,0.016932203,1
772005005,0.0050677964,1
772005009,0.008457627,2
772046001,0.035576273,1
772112007,0.023711864,2
772118001,0.029644068,1
772119001,0.031146185875,8
772133001,0.0022881357,1
772176001,0.033881355,1
772176003,0.03275141166666667,3
772211001,0.08371186,1
772211004,0.084728815,1
772211005,0.084728815,1
772234001,0.016576647599999998,45
772234002,0.0163644066,20
772305001,0.016932203,1
772324005,0.03498305226666666,15
772329002,0.020322034,1
772338002,0.015237289,1
772344007,0.014745763,1
772345004,0.008457627,1
772345006,0.00829661025,2
772345008,0.033881355,1
772349002,0.006762712,7
772349013,0.0059152544,1
772349014,0.0050677964,1
772386001,0.027101696,1
772402001,0.014220339,1
772402002,0.0140084745,4
772402003,0.016932203,1
772421003,0.014923729,2
772439001,0.025248587333333333,3
772448001,0.010152542,1
772448003,0.020548023333333335,3
772448004,0.013542373,1
772448005,0.016932203,2
772486001,0.02159322,1
772513010,0.013084746,1
772513014,0.02201695,2
772565005,0.004995157242857143,7
772565006,0.010152542,6
772565007,0.009305085,3
772565010,0.00948474552,15
772565018,0.009940677625,8
772565022,0.016721549333333335,21
772565024,0.016605326642857143,28
772565028,0.016932203,2
772576001,0.016932203,2
772743001,0.027101696,1
772747001,0.033627118428571426,7
772747004,0.03162146833333333,3
772747005,0.033881355,3
772761001,0.06727118800000001,2
772773001,0.008422921604761905,21
772773002,0.008139161371052632,38
772773004,0.008201395700000001,17
772785004,0.0757321992,5
772785005,0.07577965575000001,8
772822003,0.08391833636363637,11
772829002,0.094898306,1
772830001,0.07625423,1
772832001,0.060322032000000005,5
772832002,0.06777966,2
772843001,0.028457627,6
772852001,0.05083051,1
772902001,0.01335988512367491,283
772902004,0.013272262706349207,63
772902010,0.013257906045454546,231
772902011,0.013315501515625,96
772902013,0.013542373,1
772902015,0.01312348680357143,28
772918001,0.033881355,1
772934001,0.04937772571428572,7
772934005,0.04975942453731343,67
772945001,0.03502905528571428,7
772978001,0.0246271185,2
773049001,0.013090395666666666,9
773055001,0.013440678,1
773109001,0.0120411622,7
773170009,0.015237289,1
773187002,0.027101696,1
773191001,0.013542373,1
773278001,0.05083051,1
773471007,0.16779661,1
773471008,0.16779661,4
773471010,0.158108476,5
773521002,0.0164491525,2
773566001,0.05083051,1
773602001,0.015095339687499999,16
773602002,0.016932203,8
773602003,0.010152542,3
773602004,0.02201695,1
773682006,0.013542373,1
773719001,0.059305083,5
773720001,0.06777966,5
773720002,0.055661015,1
773738001,0.025269068125000002,16
773757002,0.084728815,1
773757006,0.0325254232,5
773757007,0.08351816,7
773766004,0.06777966,1
773776007,0.21864407,1
773776008,0.19663277,9
773781003,0.006338983025000001,4
773781005,0.008338983000000001,2
773799002,0.06671751333333334,3
773821001,0.02201695,1
773855001,0.03176271,1
773867002,0.02540678,1
773955001,0.01887711925,4
774003001,0.0223762718,5
774005001,0.02201695,9
774005002,0.009644068,2
774007001,0.042355932,1
774012002,0.030491525,1
774016002,0.018762712,4
774016003,0.018870056666666666,3
774038001,0.03299815020909091,55
774038005,0.016932203,1
774038007,0.033203389,10
774038008,0.03353483905555556,18
774039002,0.040538606,9
774039007,0.042355932,2
774039013,0.042355932,1
774040001,0.03316949066666667,9
774040007,0.03348255147058824,17
774043002,0.013310299999999999,13
774043004,0.013542373,13
774043005,0.01210593225,4
774043008,0.0115084746,5
774075001,0.01664971722222222,9
774075002,0.016932203,4
774075004,0.009858756833333334,6
774075006,0.016125907714285716,7
774105001,0.06777966,2
774113003,0.033881355,1
774113006,0.06691446137383178,107
774117001,0.16220339000000003,3
774126005,0.15252542,1
774148001,0.020734464055555554,18
774148003,0.016932203,1
774148004,0.016932203,2
774151002,0.033881355,1
774177007,0.018627118,1
774224001,0.018141242666666668,3
774254002,0.059728812,1
774279002,0.011847458,2
774305003,0.016932203,1
774305004,0.05083051,1
774421001,0.02540678,1
774450001,0.033881355,12
774450003,0.025115819583333334,12
774479002,0.0043898304,2
774543005,0.049354521166666665,12
774543009,0.04235593333333334,3
774543013,0.05083051,1
774543014,0.05083051,1
774543015,0.0499067808,10
774550001,0.0090225991,3
774552005,0.04162953985714286,7
774552009,0.042355932,1
774552010,0.042355932,1
774627005,0.015237289,1
774627006,0.011847458,1
774669001,0.012694915,1
774679003,0.042355932,1
774728001,0.027101696,1
774785002,0.033881355,1
774821002,0.02201695,1
774888001,0.013427297131578949,19
774918006,0.024749331315789474,19
774918007,0.02457203375,4
774954001,0.084728815,3
774992001,0.027101696,1
774992002,0.024389831,1
775081001,0.015237289,4
775100001,0.021282486666666666,3
775101001,0.008457627,2
775175002,0.0057457627,2
775184003,0.011847458,4
775184004,0.01664971733333333,6
775310002,0.0068338983450000005,20
775313001,0.006762712,1
775321003,0.0050677964,3
775328007,0.0033728813,4
775328011,0.0060847457,2
775365001,0.006762712,2
775382001,0.04970155275661376,189
775382002,0.04976003705263158,19
775388001,0.008245762625,8
775402001,0.02315254295,20
775402004,0.02201695,2
775413001,0.013542373,1
775414001,0.049072378729729735,37
775414005,0.019474576,2
775423002,0.023711864,2
775579002,0.013542373,1
775623003,0.030491525,1
775749001,0.00873220348,5
775749002,0.008457627,5
775825001,0.104615825,3
775825003,0.09949879285714287,7
775868001,0.0125974575,4
775868002,0.013542373,2
775870001,0.008457627,1
775970001,0.109322034,1
775996009,0.016932203,1
775996010,0.02516313575,8
775996012,0.015661016666666666,6
775996014,0.015237289,2
775996016,0.013542373,2
776106001,0.018627118,1
776124001,0.118627116,2
776151001,0.041815678,8
776163006,0.02540678,4
776179001,0.03337922381137724,334
776179003,0.03346731157142857,70
776179006,0.03321157144827586,58
776188001,0.02540678,2
776202001,0.030491525,1
776228001,0.04877401266666667,6
776237001,0.013542373,2
776237003,0.0033728813,1
776237004,0.0248008475,4
776237006,0.02445954616981132,53
776237008,0.024968072860465117,43
776237011,0.025104983835820896,67
776237014,0.024252623333333334,21
776237015,0.024815819466666666,15
776237019,0.012989569807692308,13
776237020,0.0240090398,45
776237021,0.014998411765624999,64
776237022,0.013305084833333333,6
776237026,0.024885978727272728,33
776237027,0.0150677974,15
776237029,0.008586551737704918,61
776237030,0.02386440695,20
776237031,0.024781390877551022,49
776237034,0.012309322,8
776350009,0.0274491524,10
776350010,0.029474576,6
776440001,0.015419492125,8
776493002,0.010830509,1
776493004,0.013542373,1
776532002,0.011847458,1
776532008,0.011847458,2
776697004,0.02201695,1
776719001,0.0330339,2
776720001,0.10167797,1
776721003,0.083898306,1
776746013,0.04982373,15
776746014,0.04235593333333334,3
776746015,0.05083051,13
776781001,0.02988700533333333,3
776833002,0.05083051,2
776850001,0.009456920679166666,24
776850015,0.00990811752631579,19
776850017,0.010152542,4
776850021,0.009945262270491802,61
776850022,0.009862622421052632,19
776850023,0.00956514799375,32
776850024,0.009970522913043478,23
776887001,0.016892420402777778,72
776887009,0.02540678,1
776887010,0.024706214833333334,6
776887012,0.025004237583333335,12
776887013,0.024878531166666665,6
776890001,0.030491525,1
776907001,0.02879661,1
776928002,0.023711864,1
776984001,0.02540678,2
777004001,0.02540678,1
777016001,0.042355932000000006,3
777018001,0.027101696,4
777018002,0.0279491525,2
777020001,0.02988135533333333,3
777020002,0.013542373,2
777021001,0.027101696,1
777022002,0.027101696,1
777027001,0.030491525,1
777029002,0.05761017,1
777031002,0.052525423,1
777033001,0.042355932,1
777038001,0.032496821625000005,16
777038002,0.026958838761904764,21
777038005,0.02201695,5
777043002,0.0030508474499999997,2
777045001,0.06777966,1
777066001,0.0590576254,5
777070002,0.015237289,2
777070004,0.026784283363636363,11
777070009,0.030392654833333334,6
777099001,0.04100726385714286,7
777099003,0.042355932,4
777143002,0.041864406,3
777143003,0.0406508476,5
777148002,0.014355932,1
777148003,0.0419050852,5
777148004,0.042355932000000006,3
777148006,0.017214689333333335,6
777148007,0.018627118,2
777148009,0.02540678,1
777205001,0.07625423,3
777219004,0.05044067875,4
777224003,0.05015254366666667,6
777229004,0.059305083,2
777273001,0.02540678,2
777273006,0.022016949999999997,3
777292001,0.02540678,1
777434001,0.018627118,1
777435004,0.0287457625,2
777441001,0.029644068,1
777467001,0.05083051000000001,5
777504001,0.030491525,2
777504002,0.0156610175,4
777504003,0.011847458,2
777504004,0.013542373000000002,3
777504006,0.016265536666666667,3
777564001,0.022305084,1
777564002,0.042355932,1
777583001,0.01461017,4
777583005,0.013711865,2
777624001,0.004270127025,16
777624002,0.00098516949375,8
777677001,0.0116101698,5
777690001,0.006762712,1
777690002,0.006762712,1
777694009,0.02540678,2
777694014,0.02540678,1
777702001,0.016932203,1
777702002,0.02201695,2
777706001,0.009305084500000001,2
777714002,0.030491525,1
777854001,0.22433899000000002,2
777855001,0.023638418666666664,6
777892001,0.03335748806122449,98
777892010,0.03251540765909091,44
778051002,0.02057627175,4
778062001,0.013320492909090908,11
778064001,0.008251254962463343,341
778064003,0.008314802182666666,225
778064004,0.008457627,1
778064005,0.007564971666666667,6
778064006,0.008457627,6
778064018,0.00761016945,6
778064026,0.008211864333333334,6
778064028,0.004641807854814815,135
778064029,0.00816313553125,16
778064033,0.008386198446428572,28
778064038,0.0083333332875,24
778064041,0.008229095981666667,60
778064045,0.008343546215384617,26
778064051,0.007966993694736843,19
778285001,0.0676936103846154,13
778285003,0.06777966,21
778330002,0.011618644000000001,2
778342002,0.013542373,1
778394001,0.0033728813,3
778401001,0.009338983,1
778458002,0.013542373,5
778458007,0.013542373,1
778458008,0.013542373000000002,6
778472001,0.02201695,2
778476001,0.023469734,7
778476005,0.010977401266666666,9
778519002,0.010152542,1
778519003,0.010152542,1
778534004,0.02669587511320755,53
778534006,0.03181355990909091,11
778534007,0.020392252,14
778534008,0.027462571,24
778645001,0.0389661,2
778723001,0.028375091869565217,23
778745006,0.013542373000000002,3
778745007,0.013542373,2
778745009,0.03341582433678757,193
778754003,0.038556497083333335,12
778754005,0.027101696,1
778784001,0.10167797,1
778798001,0.016932203,1
778836001,0.0840339,4
778840001,0.052525423,1
778968003,0.016932203,1
779059003,0.025752119625,8
779059004,0.018627118,3
779068002,0.04213559311111111,9
779068004,0.042355932,1
779241001,0.09761017400000001,5
779245002,0.03287570533333333,3
779250006,0.02201695,2
779250008,0.013542373,1
779324004,0.010661017,2
779324006,0.011466753923076924,13
779324007,0.017271185900000003,20
779326001,0.038118646,1
779326003,0.042355932,1
779331004,0.010152542,1
779333003,0.011847458,1
779341001,0.013322034,2
779341002,0.0251652545,4
779341003,0.013101695,1
779349001,0.015237289,2
779551001,0.0050677964,3
779551002,0.0050677964,1
779551011,0.01288453396875,16
779551012,0.0025254237,1
779554001,0.004440678,1
779554002,0.0116537534,35
779590008,0.047440678,1
779612002,0.06777966,1
779612005,0.024559323,2
779612007,0.030084746,1
779633012,0.042355932,4
779633013,0.03705932175,4
779633016,0.03315852382352941,17
779633017,0.03290428647058824,17
779633018,0.03288534329411765,17
779643005,0.033881355,1
779649001,0.016932203,1
779649003,0.059305083,2
779659001,0.0499161972962963,54
779659002,0.04827330633333334,24
779659005,0.05020974625,8
779659006,0.04803389970000001,10
779664001,0.01201807922,15
779691002,0.024389831,1
779706001,0.033881355,1
779706002,0.0469491545,4
779725006,0.0160175138,30
779779002,0.118627116,1
779781001,0.013542373,1
779781003,0.013542373,1
779781005,0.03461152536,25
779781006,0.04138010952941176,136
779781008,0.029694915,1
779781009,0.016932203,1
779781012,0.04189491503076923,65
779781013,0.041523185044025156,159
779782001,0.0160847455,2
779827001,0.02201695,1
779827002,0.02201695,1
779827003,0.020322034,2
779842001,0.072112289125,8
779842002,0.08422881374999999,4
779842004,0.084728815,2
779843001,0.016932203,1
779871005,0.023796610428571428,7
779871009,0.020322034,1
779883001,0.027101696,1
779902006,0.033881355,1
779902007,0.021169491,2
779909006,0.022214176363636363,11
779910002,0.05083051,1
779915001,0.029474576,2
779924003,0.030491525,8
779945001,0.13243529318181818,22
779945002,0.054220337,1
779945003,0.13527543,4
779987001,0.0043898304,2
780031001,0.41215984862068966,58
780031004,0.4206657065957447,47
780096002,0.01595980606857143,35
780096003,0.01647269288888889,9
780096004,0.009830508205882353,17
780172006,0.02540678,2
780188002,0.006016949,1
780204001,0.008644068,1
780209001,0.021864407333333336,3
780213001,0.014474577,3
780221003,0.013542373,1
780237003,0.08145511624074074,54
780297001,0.024879473,36
780297002,0.025268490295454547,44
780297005,0.013542373,1
780297006,0.012694915,4
780297013,0.020851695035714286,28
780297014,0.02343432225,8
780297015,0.02481491548,25
780314001,0.06757344500000001,6
780328002,0.06777966,2
780360001,0.042355932,1
780361004,0.015106069548387096,31
780392001,0.059305083,1
780414001,0.049303781769230774,13
780417001,0.033881355,1
780418001,0.016458568369444444,36
780418003,0.008457627,1
780418008,0.008457627,1
780418011,0.008457627,1
780418021,0.016796609923076924,13
780424004,0.011847458,1
780510004,0.015073446999999998,3
780612008,0.032186440250000004,4
780636002,0.013542373000000002,3
780653002,0.0033728813,1
780670002,0.030491525,1
780724002,0.084728815,2
780729004,0.02540678,1
780776001,0.025088983375,8
780852003,0.012694915,1
780918001,0.010717514133333333,12
780947002,0.021169491,1
780955001,0.118627116,1
780969001,0.011847458,1
781078009,0.040169491,3
781135001,0.050039549333333336,15
781135002,0.04718336054545455,11
781135004,0.049313560500000006,30
781135005,0.04861459239130435,23
781135006,0.049078799812865496,171
781135008,0.04948385167924529,53
781166003,0.0163220335,2
781180001,0.013496368142857143,7
781180002,0.011847458,1
781180003,0.013542373,4
781225001,0.0183050845,4
781381003,0.02455932233333333,6
781381004,0.018627118,1
781403001,0.015237289,1
781403002,0.018062147333333334,3
781467002,0.036,1
781467010,0.05083051,1
781467012,0.084728815,2
781467013,0.0676,5
781467014,0.084728815,6
781488001,0.030491525000000002,3
781570001,0.015237289,1
781570010,0.01664971733333333,6
781570014,0.016932203,2
781570015,0.016491525,2
781591001,0.0830886308125,48
781591002,0.0843898325,10
781591003,0.0842593225,10
781591004,0.08350605357142857,14
781592002,0.015237289,3
781592005,0.033713558500000004,10
781597001,0.020677967,1
781597002,0.04197072418181818,11
781601002,0.033881355,1
781613001,0.044788701800000004,15
781613002,0.020322034,1
781613006,0.04960549703654485,602
781613013,0.05034360687878788,66
781613015,0.05059716323255815,43
781613016,0.04981214791666667,24
781638006,0.118627116,1
781638007,0.118627116,4
781660002,0.07684368444444445,9
781683005,0.014186441,2
781688001,0.08327570633333334,15
781688002,0.06777966,10
781688003,0.07766666666666666,3
781734006,0.05083051,15
781758001,0.0245488614453125,128
781758002,0.024902765631578946,19
781758003,0.025028531375,120
781758004,0.02469817498076923,52
781758005,0.024677966000000003,2
781758006,0.02523424628205128,39
781758008,0.02540678,2
781758009,0.025173022916666666,24
781758011,0.02449152569230769,13
781758012,0.0190508475,2
781758016,0.023288136,3
781758029,0.025045551125,16
781758032,0.012186441,1
781758033,0.0243508475,10
781758048,0.0252263925,14
781758049,0.024903520461538462,13
781758053,0.024572504962962965,27
781758056,0.024805085,2
781758057,0.025078030358490565,53
781758058,0.025061552421052635,19
781758064,0.024780871928571428,14
781758088,0.02540678,1
781780003,0.055720337833333335,6
781820002,0.010898304999999999,3
781820003,0.024516950000000003,2
781833004,0.012694915,1
781833008,0.007251039418867925,53
781833012,0.0130000002,5
782053001,0.042355932,1
782060001,0.024389831,1
782062001,0.05083051,3
782065001,0.059305083,9
782066001,0.033881355,2
782066002,0.013542373,1
782066004,0.042355932,4
782066008,0.033881355,2
782071001,0.059305083,1
782128001,0.13230993357142856,14
782128002,0.13557628,3
782129002,0.21864407,2
782132001,0.0991355975,4
782132003,0.08642373,1
782135001,0.118627116,1
782137003,0.021677965,1
782141001,0.12971708607692306,13
782142001,0.006762712,1
782374002,0.030237287,1
782374003,0.026135593333333332,3
782377001,0.05083051,2
782408002,0.0421737285,8
782479001,0.042355932,5
782479005,0.04156991504166666,24
782479007,0.0421737285,8
782479009,0.041907796479999995,25
782489001,0.04212510076190476,21
782489006,0.04132768366666666,3
782527001,0.018627118,3
782545001,0.011670702285714287,7
782555003,0.021230831714285716,21
782562001,0.118157383,14
782575002,0.118627116,2
782575003,0.06223729,1
782616002,0.015237289,1
782616015,0.008457627,2
782616017,0.015237289,1
782616019,0.006762712,1
782616020,0.013075060642857142,7
782616023,0.015237289,1
782616025,0.0219632775,6
782616026,0.02177212888888889,9
782616029,0.011847458,1
782616032,0.02201695,2
782643001,0.023711864,1
782689001,0.013542373,1
782689003,0.05083051,3
782722001,0.042355932,2
782734003,0.01594401619090909,33
782734004,0.006421845666666666,18
782742001,0.024033898416666668,12
782742003,0.05083051,1
782760003,0.00579661025,2
782760013,0.006762712,1
782760014,0.013542373,1
782760018,0.013542373000000002,3
782761011,0.016932203,1
782761022,0.016932203,1
782761023,0.015953389749999998,4
782761030,0.016142372699999998,10
782769001,0.028559322,1
782769002,0.0301440675,2
782770001,0.010152542,1
782859003,0.0153559325,1
782859004,0.016855932,2
782874001,0.016932203,2
782874002,0.013542373,1
782874004,0.022864407,1
782880006,0.048457628,5
782880007,0.04790314857142857,14
782880014,0.050331665454545454,44
782880015,0.04936671945454545,11
782901006,0.024448211222222224,9
782901008,0.023372881,1
783126001,0.099983055,6
783144005,0.1348961925,8
783144007,0.13557628,1
783147004,0.03379096,3
783167001,0.006762712,1
783186002,0.02540678,2
783186005,0.02540678,1
783186006,0.021878935285714284,7
783217004,0.013983051,1
783244001,0.06636723,6
783244002,0.0334576275,2
783245001,0.048711866,6
783262001,0.042372882,1
783279001,0.05083051,1
783280001,0.02415728828,25
783302001,0.009525424,1
783309001,0.020322034500000002,2
783325001,0.033881355,1
783330001,0.020322034,1
783335011,0.016046609875,4
783335021,0.0194745765,2
783345001,0.016932203,2
783346001,0.024899258317269076,747
783346003,0.011971751333333334,12
783346008,0.02540678,1
783346011,0.010152542,1
783346016,0.022448808406504064,123
783346017,0.024143355205607477,107
783346018,0.024907318019841272,252
783346020,0.0247555906302521,119
783346021,0.015805358806451612,62
783346023,0.024849879170068027,147
783346024,0.015774445692307692,13
783346028,0.02504137617647059,34
783346030,0.025186966519379846,129
783346032,0.025093840719512196,246
783351007,0.014508475,1
783354001,0.03312805955555556,9
783354005,0.07625423,1
783354006,0.059305083,2
783354007,0.059305083,1
783359006,0.016932203,1
783359010,0.016567796500000002,2
783359014,0.016932203,1
783380001,0.0033728813,1
783380002,0.0033728813,2
783384001,0.06777966,2
783384005,0.06733220200000001,5
783384008,0.033881355,1
783388005,0.02196852357142857,7
783388006,0.02201695,4
783417001,0.015237289,2
783418001,0.008392437976923076,13
783418002,0.008175141233333334,3
783418003,0.008457627,4
783418006,0.0083898305,4
783418011,0.008255778077272728,22
783440002,0.006762712,2
783497001,0.023711864,1
783497002,0.034898304000000005,5
783497006,0.047271185,1
783507001,0.028944225232558143,86
783516001,0.042355932,1
783517005,0.016932203,2
783517006,0.04080324230434782,23
783553002,0.030254236999999996,11
783553004,0.012983051,1
783580001,0.015237289,3
783621001,0.013542373,1
783625001,0.013542373,2
783626001,0.07625423,1
783626002,0.07625423,3
783645003,0.016932203,1
783685001,0.013542373,1
783707002,0.0038870056,6
783707043,0.0035508474666666665,6
783707045,0.003564971725,12
783707046,0.00349364403125,16
783707047,0.0036080508250000004,24
783707048,0.0031129943333333336,12
783707050,0.0036949152,2
783707063,0.0038326271125,8
783707064,0.003378531033333333,3
783707066,0.0033728813,1
783707067,0.0037226501727272727,11
783707069,0.0035441262172413797,29
783707070,0.0034548022333333334,18
783707078,0.0023389831,1
783707079,0.0038058551181818184,11
783707080,0.00253389825,2
783707081,0.003382896763636364,22
783707082,0.0035914043392857144,28
783707084,0.0037516948700000003,20
783707086,0.0035084745714285717,7
783707087,0.0034406779333333334,9
783707089,0.003496368026190476,42
783707091,0.003426553676666667,30
783707093,0.0035459681393939396,33
783707096,0.00365590526984127,63
783707097,0.0035053523868421054,38
783707105,0.0034745762384615383,13
783707106,0.0035133709822222224,45
783707109,0.003583333325,60
783707110,0.003541625117647059,68
783707112,0.0035326142636363635,33
783707116,0.0034911401954545456,44
783707122,0.003331920908333333,12
783707123,0.003503452588888889,27
783707143,0.003513771171875,32
783707146,0.0035706214416666667,12
783707147,0.0035801825230769233,65
783707150,0.003578947352631579,19
783707151,0.0035089091512820513,39
783707152,0.003330508425,4
783707159,0.0035183832815384613,65
783707163,0.0037132386378378383,37
783707164,0.003654037855882353,34
783707168,0.0035970475451612906,62
783732002,0.084728815,2
783732005,0.08246892666666666,3
783734001,0.0033728813,1
783734002,0.0165169495,2
783738001,0.015237289,2
783738002,0.017779660500000002,2
783751001,0.016508475,1
783751003,0.015050847999999999,2
783775002,0.0180406778,5
783775004,0.019923729,2
783798003,0.027101696,2
783801001,0.03176271,1
783802002,0.042355932,1
783802003,0.038135593499999995,2
783807001,0.0304915245,2
783832003,0.013542373,1
783836004,0.033881355,2
783843002,0.023711864,2
783864001,0.015237289,1
783902004,0.0133627118,5
783902009,0.013542373000000002,6
783910002,0.008457627,1
783910005,0.016932203,1
783924001,0.030637287999999995,5
783934001,0.02201695,4
783969001,0.05071186579166667,24
783969002,0.02540678,4
783969004,0.025322034,5
783978004,0.020840350612903225,31
783978007,0.013542373,1
783978008,0.01396610225,4
784001001,0.030024212892857144,28
784001002,0.018629237,16
784001005,0.021032688357142858,14
784001006,0.02885213293103448,29
784021005,0.12944746499999998,25
784021006,0.1271017025,4
784053001,0.011847458,3
784053005,0.05006151043548387,62
784073001,0.0230889835,4
784075003,0.0050677964,1
784090001,0.020322034,2
784113001,0.015211864,2
784143001,0.0217423734,5
784175001,0.027101696,4
784175003,0.024276836666666666,3
784176002,0.0197118646,5
784187001,0.020322034,1
784192001,0.02201695,1
784229001,0.02201695,2
784229002,0.05006258246153846,13
784229005,0.020322034,2
784245002,0.041298627619047616,21
784245004,0.04101694933333333,3
784245006,0.021169491,1
784245009,0.04183535107142857,14
784245010,0.042355932,2
784247002,0.041241878249999996,48
784247003,0.042355932,2
784247007,0.04158240159574468,47
784247008,0.041228248644444444,45
784247009,0.042355932,5
784271001,0.13557628,1
784274001,0.016762711,1
784276007,0.054220337,1
784284001,0.011847458,1
784289001,0.033881355,1
784313001,0.016932203,1
784313002,0.010152542,1
784333001,0.0111694915,4
784347001,0.016932203,8
784347008,0.0165932202,5
784375005,0.005588377657142858,7
784383002,0.007940677850000001,2
784384002,0.05083051,1
784384003,0.033158594857142856,14
784392001,0.07625423,3
784396001,0.01248728835,4
784396003,0.010855161545454546,11
784396004,0.016932203,2
784415002,0.014830509133333333,15
784415003,0.014389831166666665,6
784415006,0.010152542,1
784427002,0.020322034,1
784432001,0.016932203,1
784432006,0.047440680000000006,3
784432009,0.014841808666666666,3
784485002,0.010152542,7
784485003,0.033881355,7
784537002,0.0050677964,1
784537005,0.0050677964,1
784588001,0.030491525,2
784624001,0.03714483809090909,11
784624004,0.042355932,2
784628002,0.02201695,1
784644001,0.02084369188888889,9
784650002,0.010661017,1
784677002,0.011847458,1
784698001,0.014355932,1
784698003,0.016367232333333332,3
784747002,0.033881355,2
784778001,0.02879661,1
784784001,0.02540678,1
784855001,0.13557628,2
784878001,0.25252542,2
784922002,0.024559321749999998,4
784922003,0.020322034,1
784926001,0.021112414735135136,185
784926002,0.0214394426875,96
784926003,0.020861799923076924,13
784926014,0.021534791,38
784984001,0.12201695,3
785018002,0.01613559300769231,52
785018003,0.016594161685185186,162
785018004,0.016667372625,8
785018005,0.016932203,2
785018008,0.016604519492063492,63
785018009,0.01674011261904762,21
785018010,0.016424434749999998,24
785018013,0.016932203,4
785018014,0.016698304599999998,5
785034008,0.05016968767816092,261
785041005,0.005870056477777778,9
785060001,0.02201695,1
785060003,0.041491526,2
785071004,0.02540678,1
785071006,0.010152542,1
785086002,0.042355932,1
785090001,0.04831497291666667,12
785090002,0.05034609219354839,31
785226002,0.026926906125,16
785226004,0.029218220125,32
785313001,0.009135593000000001,2
785321001,0.0049322033,1
785364002,0.0036016950000000002,2
785402001,0.019815981142857146,7
785402004,0.02094067875,4
785416004,0.02540678,2
785440001,0.013542373000000002,6
785444001,0.013542373,1
785453001,0.13557628,1
785456003,0.11171186257142858,7
785464001,0.016932203,1
785505001,0.039707241727272725,11
785515002,0.05770056366666666,150
785515003,0.057406778217391305,23
785520001,0.059305083,2
785575001,0.04851879269565217,23
785575002,0.050019774833333336,6
785593009,0.05083051,1
785665001,0.04227824858333334,12
785695001,0.025971750999999998,3
785695003,0.028514123833333332,6
785695005,0.014703390499999998,6
785706001,0.030491525,1
785709001,0.02201695,1
785709005,0.045527418529411764,17
785710001,0.0220974575,4
785787003,0.0499351738540146,137
785787004,0.04787409292857143,14
785787005,0.049862995,12
785796001,0.010152542,7
785827001,0.018627118,1
785829001,0.02540678,1
785855001,0.07625423,7
785856001,0.07412515846153847,13
785913002,0.02201695,2
785913003,0.02201695,1
785931001,0.02201695,1
785939001,0.0047288137,1
785948009,0.010152542,1
785948032,0.016932203,2
785948034,0.013542373,1
785948037,0.016932203,1
785948039,0.016932203,1
785948042,0.016932203,1
785949023,0.013542373,2
785949024,0.012186441,2
785954001,0.04159322,2
786022001,0.016932203,3
786022004,0.02201695,1
786022005,0.049637353245283025,53
786022007,0.05035333929591837,98
786082002,0.033881355,1
786119001,0.02201695,1
786187001,0.029656797873362443,229
786187002,0.029553731162303663,191
786187003,0.029439687992700726,137
786187005,0.029622359561538462,260
786187008,0.028313559500000002,2
786193001,0.0220169495,4
786197002,0.030155623727272728,11
786197004,0.05900735797368421,76
786197005,0.041973542609756095,41
786202001,0.08374422363636363,11
786245001,0.010152542,2
786245002,0.012864407,2
786257004,0.033177966,2
786257005,0.033177966,2
786304001,0.024865859848979592,245
786304002,0.024450847666666668,15
786304005,0.02448361605,60
786304006,0.02540678,2
786304007,0.0098542369,10
786304008,0.024507499309352518,139
786304009,0.024773674642201836,218
786304010,0.025335593499999996,40
786307001,0.011847458,2
786307002,0.006683616,3
786307003,0.011680387428571429,7
786336001,0.0177796615,6
786336003,0.01245550875,8
786336005,0.02192278788888889,9
786336007,0.02434745775,4
786347001,0.014687651999999999,7
786347002,0.013254237333333333,3
786347008,0.015186441333333333,6
786482001,0.015237288500000001,2
786482002,0.008457627,1
786482003,0.01942672029411765,17
786501004,0.0167627115,2
786542001,0.0240779664,10
786542002,0.006926452901785714,56
786579001,0.028576270999999997,14
786579002,0.028584745499999998,8
786667001,0.09901977633333332,6
786667002,0.10167797,1
786667004,0.04066102,1
786702001,0.024389831,1
786743003,0.08445197866666666,3
786752001,0.118627116,1
786906001,0.018389830666666666,3
786906002,0.0083368642875,8
786920001,0.09980757964705883,17
786920002,0.06777966,1
786921001,0.112453387,8
786925001,0.016932203,1
786925004,0.01672881314285714,21
786925005,0.01629661,4
786978002,0.21864407,13
786978007,0.21277436625,48
786978008,0.21380177130434783,23
786984001,0.016932203,1
786991001,0.0236271188,5
787028005,0.05083051,1
787052003,0.145525423,10
787079001,0.07625423,1
787096001,0.084305086,5
787097001,0.084728815,1
787123007,0.025364407125000002,8
787123008,0.0262542375,4
787123009,0.016932203,1
787123017,0.02879661,1
787123018,0.033127117750000004,4
787125001,0.04176271175,8
787125006,0.022016949999999997,6
787125008,0.0412966098,10
787125009,0.042355932,11
787125010,0.04175060542857143,7
787128001,0.02201695,1
787144002,0.05083051,1
787148001,0.22981017399999998,5
787153001,0.0128453391875,16
787153002,0.0152661019,10
787164001,0.0427779654,10
787175002,0.11269491,1
787180001,0.084728815,2
787181001,0.011847458,2
787216001,0.017723163666666666,3
787216003,0.014813559,2
787237007,0.020322034,1
787237008,0.019757062000000002,3
787260001,0.011,2
787260004,0.013076271,2
787260005,0.014101695,1
787285001,0.027101696,1
787420001,0.058745761333333334,3
787481001,0.018062146333333334,3
787481002,0.03267688368085107,47
787481005,0.031496147545454545,11
787481007,0.029698304800000002,5
787481008,0.03218644016666667,6
787481009,0.03334745683333333,36
787481010,0.03238033844,25
787523006,0.016932203,7
787530001,0.011847458,1
787592001,0.030491525,1
787610003,0.032751411833333334,6
787711003,0.015237289,4
787711004,0.008457627,1
787736002,0.01588917823076923,13
787736003,0.010152542,4
787741001,0.033881355,4
787758005,0.16779661,2
787785006,0.14489829999999998,2
787785009,0.15175060285714287,14
787785010,0.14987744153846155,26
787788001,0.030491525,1
787849004,0.012186441,1
787880003,0.015237289,1
787884003,0.07812994416666667,12
787925001,0.0114237285,2
787946002,0.01653169686461039,308
787946003,0.01620390318181818,33
787965002,0.056220338,1
788002003,0.083898306,1
788006001,0.029067796235294117,17
788107006,0.023711864,2
788115001,0.028231639000000003,3
788138001,0.042355932,2
788139001,0.04000565033333333,3
788172003,0.12754237722222223,9
788172011,0.130152549,5
788176005,0.013542373,1
788216003,0.018627118,1
788225002,0.050021187625,40
788225003,0.04971477114285714,35
788247001,0.042355932000000006,12
788261001,0.008325423693333334,15
788261004,0.008323817894736843,19
788278001,0.018627118,1
788281003,0.133957635,2
788301001,0.052525423,2
788301002,0.052525423,2
788306001,0.084728815,1
788324009,0.02292090366666667,3
788326003,0.052525423,1
788328001,0.07625423,2
788328005,0.07625423,6
788328006,0.09804600714285715,7
788383001,0.013542373,2
788429001,0.013542373,1
788429004,0.012412429333333334,3
788455002,0.010644068,1
788463001,0.016932203,2
788464001,0.013542373,2
788517001,0.026798022249999998,12
788575001,0.018,1
788575002,0.04015677991666667,12
788575003,0.04175060542857143,7
788575004,0.04163624507692308,13
788576001,0.021169491,1
788606001,0.022864407,1
788632001,0.00982033872,40
788632002,0.013542373000000002,3
788632004,0.010152542,1
788632005,0.024915254,1
788632006,0.010466102,2
788632007,0.009305084400000002,6
788632009,0.018627118,2
788633001,0.0338813565,4
788647002,0.012864406666666666,3
788687001,0.033881355,1
788688002,0.013542373,1
788694001,0.060406778499999994,2
788696003,0.021950694181818182,11
788768001,0.012694915,1
788843002,0.021251156272727275,11
788846012,0.02013713418181818,11
788950002,0.02540678,1
789010001,0.0033728813,1
789023001,0.02201695,1
789028001,0.008457627,1
789049005,0.1317504315,40
789060004,0.10167797,2
789078001,0.02592584775,8
789081001,0.02151108269230769,13
789081002,0.021622276714285713,7
789081003,0.0470868655,8
789094001,0.039531073,3
789094002,0.06862712,1
789119002,0.054872883250000004,4
789147002,0.020262712,4
789147006,0.025098613636363634,22
789147008,0.05083051,2
789150001,0.030491525,1
789216001,0.04915932320000001,10
789216002,0.027654237049999995,10
789235001,0.047440678,4
789245002,0.042355932,1
789301001,0.023711865,2
789303002,0.03384388857894737,19
789304005,0.014008475166666666,6
789309002,0.02981201781818182,11
789326001,0.011220339,1
789359002,0.084728815,5
789363001,0.061,1
789368001,0.07625423,1
789376001,0.04655932333333334,6
789384002,0.059305083,4
789387001,0.033542372,1
789393003,0.032288134,1
789394002,0.042251816,7
789398001,0.057045197666666665,3
789407002,0.10167797,2
789407003,0.06810734733333333,9
789407004,0.09150848,1
789407005,0.10167797,2
789407007,0.10167797,3
789545001,0.04427683600000001,3
789622001,0.042355932,1
789629002,0.0213389832,5
789629003,0.04646045283333333,6
789667001,0.012118644,1
789668002,0.0151271185,2
789674005,0.02201695,1
789689001,0.05588135473333333,15
789689004,0.013542373,2
789690001,0.04701437123913044,46
789690004,0.027101696,5
789701001,0.11195338775000001,8
789721001,0.021796611,10
789734001,0.013542373,1
789734003,0.10733474525,4
789769001,0.0128644068,5
789772001,0.02479495687804878,41
789772003,0.010152542,1
789780002,0.016254237,1
789808002,0.02201695,1
789921001,0.0186271195,2
789921002,0.011847458,1
790006001,0.084728815,1
790034001,0.015237289,1
790034002,0.015237289,1
790051001,0.02513135625,4
790096002,0.0050677964,1
790167001,0.04066102,6
790167002,0.03792655588888889,9
790167004,0.0350296615,8
790269001,0.013542373,1
790270001,0.042355932,4
790299002,0.023711864,1
790315001,0.024389831,1
790365001,0.031192266302083337,96
790368001,0.008457627,1
790368004,0.033490394533333336,15
790368005,0.02540678,1
790368006,0.033669229869230766,130
790368009,0.03162146866666667,3
790368010,0.0337902535,8
790374001,0.030491525000000002,3
790383001,0.008118644,1
790383003,0.014446327333333333,3
790383006,0.0042881356,3
790448001,0.02223446391666667,12
790448002,0.011847458,2
790494002,0.0335491526,5
790504001,0.007733898259999999,10
790505004,0.049209554545454545,11
790505006,0.02972881325,4
790505007,0.020322034,1
790518001,0.024700565333333334,9
790518002,0.024418079333333332,9
790574001,0.02540678,3
790574002,0.042355932,1
790612001,0.013542373,1
790613001,0.0824322044,10
790635001,0.05083051,1
790640004,0.02201695,1
790645005,0.01507264,7
790645006,0.011847458,3
790651003,0.027101696,1
790663007,0.020322034,1
790686001,0.01345454559090909,11
790686003,0.013258474749999999,8
790686005,0.013462612294117646,17
790686006,0.006762712,3
790686007,0.0133728815,8
790749002,0.0367711885,2
790786002,0.021169491,1
790791001,0.02201695,2
790791002,0.01897457675,4
790791003,0.02201695,1
790791004,0.02201695,5
790791005,0.021963559350000002,40
790791008,0.04100247555617977,178
790820001,0.06446641437037037,27
790897006,0.011932204,1
790897008,0.015033898,2
790904001,0.02771186366666667,6
790904002,0.047440680000000006,3
790904003,0.04235593333333334,3
790904006,0.05083051,2
790904007,0.05083051,1
790918001,0.006762712,4
790968001,0.0330338975,4
790973001,0.0033728813,1
790992003,0.025257062333333333,6
791033001,0.04808686553125,32
791033003,0.042779662,8
791033006,0.018525424,2
791033007,0.05083051,3
791033010,0.04933898442105263,19
791047001,0.006525424,1
791120002,0.0491747893125,16
791122001,0.03557627133333333,3
791131001,0.053042371625,16
791132002,0.04219491475,4
791142001,0.073911861,10
791215001,0.013542373,1
791223001,0.027101696,1
791223002,0.0330339,1
791223006,0.033881355,2
791223007,0.030166667666666664,6
791224001,0.027101696,1
791254001,0.0076101697,1
791313002,0.02201695,1
791341001,0.013542373,1
791428001,0.05083051,2
791484001,0.02540678,2
791484006,0.023579661,5
791484008,0.02540678,1
791484011,0.02540678,1
791486002,0.0233728816,5
791486003,0.02540678,2
791486009,0.0240644068,5
791487004,0.008457627,2
791488002,0.0082711865,2
791488003,0.008457627,2
791488005,0.008457627,1
791488007,0.00466440682,5
791488010,0.0074237290000000004,2
791488013,0.005322034,2
791488021,0.004409604458333333,12
791488022,0.008457627,1
791488026,0.005627118675,4
791488027,0.0036525424999999997,2
791489003,0.004220339,1
791489005,0.0072542373,1
791490003,0.008457627,1
791490006,0.006932203350000001,2
791491001,0.016932203,1
791492001,0.011847458,1
791492002,0.011855932,2
791492005,0.009084745,1
791492008,0.016932203,1
791492010,0.013542373,2
791492014,0.008966101666666667,3
791492018,0.0060847457,1
791493001,0.009474576,1
791494001,0.024271186,1
791496017,0.0050677964,1
791498009,0.016932203,1
791499001,0.016932203,1
791499002,0.014830508499999999,2
791499003,0.008118644,1
791499004,0.01614406775,2
791522004,0.013461017,5
791529001,0.042355932,1
791568001,0.019652542500000002,2
791571001,0.033881355,2
791571003,0.042355932000000006,6
791587001,0.02487687160311284,257
791587003,0.02540678,12
791587005,0.024661017200000003,10
791587006,0.023914124533333334,15
791587007,0.024608051114583335,96
791587009,0.024564458333333334,33
791587010,0.025049717833333332,120
791587015,0.024850620839756594,493
791587018,0.02494593564351852,216
791589010,0.03312805955555556,9
791589011,0.031650423250000004,16
791589014,0.026468927000000003,6
791589015,0.027101696,2
791589023,0.031440677,5
791594001,0.02201695,1
791637002,0.014542373,1
791654001,0.020923729000000002,2
791704001,0.013542373,1
791710002,0.033881355,1
791710004,0.015237289,2
791733001,0.021734463,3
791787001,0.0299491525,2
791795003,0.02201695,4
791795006,0.022016949999999997,3
791798001,0.02540678,8
791803001,0.020322034,2
791809001,0.05083051,1
791810001,0.023711864,1
791812001,0.045542372799999994,5
791837001,0.015842614764285716,14
791837002,0.016438683764705884,34
791837008,0.0166144065,12
791837013,0.016831718857142856,14
791837014,0.016413298384615384,13
791837023,0.016335956142857145,28
791927001,0.022864407,1
791988001,0.011847458,1
792018001,0.02540678,3
792023001,0.0167627116,10
792023002,0.0061101695,2
792023003,0.016316384,6
792058001,0.02201695,1
792058002,0.024389831,1
792073001,0.013542373,4
792213001,0.033881355,1
792213002,0.015022599333333332,6
792231001,0.0043898304,1
792301002,0.013542373,1
792301013,0.010152542,1
792301014,0.008669491849999999,2
792301016,0.010139831,4
792302001,0.11016101650000001,2
792401001,0.05083051,1
792438005,0.012338983,3
792469001,0.021554143814814814,108
792469007,0.021406779999999997,7
792469012,0.021326428685185188,54
792469015,0.02201695,2
792490001,0.02540678,7
792490002,0.02540678,2
792507001,0.008457627,1
792515001,0.01306016915,20
792517001,0.019539952314285715,7
792530001,0.04196610133333333,3
792655001,0.016932203,1
792666001,0.010152542,1
792695001,0.021728814285714288,14
792701001,0.015,1
792753001,0.012186441,1
792817002,0.010152542,1
792899001,0.02540678,1
792899002,0.016932203,1
792939001,0.018627118,3
792944001,0.05083051000000001,10
792944002,0.05083051,7
793008002,0.02540678,1
793008004,0.02540678,1
793012001,0.02314689266666667,3
793025001,0.04910985692592593,27
793025004,0.021646489857142855,7
793066001,0.02540678,1
793066002,0.016932203,4
793099001,0.016932203,1
793099004,0.042355932,1
793104001,0.016219035,13
793104002,0.0162974574,20
793104003,0.01659322,10
793104004,0.011847458,1
793104007,0.01631587027272727,11
793104010,0.016169491299999998,10
793104014,0.016555555222222223,9
793104018,0.01646892622222222,9
793104019,0.0160847455,8
793108001,0.015237289,1
793108003,0.016932203,1
793137007,0.0328830502,10
793137008,0.015237289,1
793137009,0.019206780200000002,5
793184003,0.02201695,1
793185002,0.004220339,1
793185004,0.0162169491,10
793185009,0.01486064011111111,9
793185010,0.015237287999999998,5
793185016,0.016124293666666668,3
793185018,0.015802259666666665,9
793185023,0.016932203,1
793185024,0.008237288,8
793185028,0.006762712,3
793185029,0.0168739403125,16
793185033,0.0165932202,5
793185036,0.016668432,16
793185038,0.016788408580645158,31
793185040,0.016932203,1
793185041,0.01664991203448276,29
793185042,0.016671447,13
793193003,0.033148304375,8
793193005,0.033881355,1
793193008,0.033369349666666666,24
793218005,0.020322034,1
793318001,0.027101696,1
793339002,0.012864407,2
793348001,0.014389831,1
793368001,0.059305083,2
793368002,0.056039548333333335,3
793385007,0.01511440695,4
793406009,0.014110168999999999,2
793406010,0.011288135,1
793406013,0.011288135,1
793411003,0.029850846999999996,5
793443003,0.023449153,2
793506001,0.02540678,1
793506002,0.02540678,1
793506008,0.02540678,2
793506011,0.025087827696969697,33
793506015,0.024933843903225807,31
793506016,0.02540678,3
793506017,0.025257768666666666,24
793506018,0.02540678,2
793506019,0.02476977425,12
793506020,0.025117388851851854,27
793506021,0.02540678,1
793506023,0.025284746000000004,10
793506028,0.02504175312195122,41
793520002,0.022864407,1
793623001,0.025249395,7
793699001,0.03272549667391304,46
793704001,0.0218203396,5
793704002,0.021686441333333334,6
793704003,0.021331160923076926,13
793704004,0.021710805875,16
793839002,0.03116949,1
793852001,0.01318644075,4
793856005,0.011847458,1
793857002,0.05083051,2
793878001,0.010152542,3
793931001,0.02201695,1
793949002,0.028305085,1
794007001,0.0371864408,5
794047002,0.016932203,2
794047004,0.016483051,2
794047005,0.016661016,1
794047006,0.015663841666666668,6
794053001,0.08359887083333334,6
794053002,0.078745764,8
794054001,0.033881355,1
794065001,0.03275141166666667,3
794117001,0.015386063888888888,9
794191003,0.021478910488636364,176
794191004,0.021279661535714287,28
794216001,0.042355932,1
794221002,0.008457627,1
794238002,0.0050677964,1
794239001,0.024901695,5
794239003,0.02445339,4
794283001,0.02879661,1
794318001,0.042355932,2
794320001,0.034728814,2
794320006,0.017711865,1
794320007,0.041889831,2
794321001,0.05083051,1
794321002,0.034413559999999996,5
794321003,0.05930508375,4
794321004,0.027101696,1
794321005,0.055915253,6
794321007,0.06649881453763441,186
794321008,0.06398844318181819,22
794321011,0.06596899723628692,474
794362001,0.01438983025,4
794389001,0.01695694885,50
794389004,0.016654772184210527,38
794395001,0.020322034,1
794396001,0.02205932275,4
794396003,0.0345677955,2
794421002,0.1671271175,8
794421003,0.16779661,3
794454001,0.015181226256410257,39
794454002,0.015183112107142857,112
794468001,0.010374367859649123,57
794468003,0.01030024184920635,63
794484001,0.02201695,4
794494003,0.011649717833333332,6
794511001,0.0050677964,2
794517001,0.014677966,3
794521001,0.012237288,1
794535001,0.013542373,1
794538003,0.041252648156249995,96
794538006,0.0206610178,5
794566002,0.030491525,2
794566003,0.039481839985714286,35
794575001,0.033311223732142854,392
794575002,0.03299467062878788,264
794575003,0.03288634032352941,34
794575004,0.018627118,1
794575005,0.033881355,2
794575010,0.033881355,2
794575017,0.03316629355681818,440
794575018,0.03171229838461538,39
794575019,0.0333022595,6
794575025,0.030905084800000003,5
794618001,0.02201695,2
794620001,0.027101696,1
794760002,0.042355932,8
794760003,0.05083051,4
794760006,0.05921263318181818,11
794768010,0.013542373,1
794768011,0.04164971733333333,9
794772001,0.042355932,5
794793001,0.02163182738888889,18
794819001,0.016615818777777777,9
794819003,0.02499340886111111,36
794868001,0.015237289,1
794877001,0.006762712,1
794904005,0.024491526,1
794935004,0.015237289,1
794948001,0.030491525,4
794954001,0.012949153,1
794971001,0.0562542365,4
794971002,0.07050565033333334,6
794998001,0.020322034,1
795013003,0.02201695,1
795020001,0.077516947,2
795045001,0.0315118642,5
795109002,0.02540678,7
795243001,0.02506625609090909,11
795243002,0.025268579153846154,13
795243003,0.0250477255,38
795243004,0.025255085075,40
795243008,0.02477118675,4
795311007,0.010830509,1
795311013,0.016096044333333333,3
795338001,0.021231639066666665,15
795338004,0.021050848,3
795338007,0.021525424166666668,6
795417003,0.025261968771929825,114
795425001,0.02201695,4
795440001,0.02473199175,16
795440003,0.0247915257,10
795458007,0.02440677988888889,9
795458011,0.018576272,1
795505001,0.042355932000000006,3
795549001,0.03755367166666667,3
795549003,0.03238700516666667,6
795550001,0.0325720335,4
795552001,0.036640676999999996,5
795594013,0.013542373,1
795595001,0.02201695,1
795602001,0.004474576,1
795675001,0.00834076707368421,38
795675003,0.0081472456875,16
795675004,0.007972457531250001,16
795675005,0.008363908188235295,17
795675006,0.0024237288,1
795763001,0.05083051,2
795790001,0.024489531588235292,17
795819002,0.0060847457,1
795819006,0.007824858833333333,3
795819013,0.0075508473999999996,4
795820009,0.01970339,2
795820010,0.02177966,1
795820016,0.02540678,1
795825006,0.02540678,1
795825007,0.02540678,1
795833001,0.016932203,7
795836001,0.03360752040625,32
795836002,0.033881355,2
795836004,0.03350152015384616,39
795836005,0.03326822631746032,63
795836006,0.03339108522222222,54
795836007,0.028593219800000003,5
795836016,0.033881355,1
795836017,0.03126694870833333,24
795836018,0.029389830250000002,4
795836027,0.013932203,1
795836032,0.033881355,2
795836035,0.033881355,2
795836038,0.03266343771428572,7
795836040,0.0313389825,2
795836041,0.0337150022962963,27
795836046,0.03352747736363637,33
795850001,0.008457627,1
795850002,0.0078749999625,8
795881001,0.0252033902,5
795910001,0.05083051,1
795921001,0.013542373,2
795975003,0.032511410574257424,202
795975004,0.024841807333333337,12
795975009,0.028703728336000003,25
795988001,0.008271186357142859,14
795988002,0.00828983048,10
795991002,0.009866617282608696,23
796014001,0.04964527985714286,14
796033001,0.042038134875,8
796033002,0.023466102000000003,2
796033003,0.02156258211538462,26
796035003,0.0060847457,1
796046001,0.006762712,1
796046002,0.02405932275,4
796059001,0.03003776354385965,57
796084001,0.013542373,1
796084003,0.013290960499999999,6
796116002,0.03371751333333334,3
796137009,0.030491525,2
796137010,0.011847458,2
796137011,0.029508475,1
796137012,0.012190678,4
796156001,0.004915254,1
796191001,0.011847458,4
796191003,0.011847458,4
796191007,0.010973634933333334,9
796191008,0.011847458,2
796210001,0.025065898604000002,250
796210002,0.00973940659375,16
796210004,0.02471186473333333,15
796210008,0.02540678,1
796210010,0.014870628556962024,79
796210012,0.024944731217391304,46
796234003,0.02540678,1
796240001,0.0196440684,5
796241001,0.04120451973333333,15
796248001,0.018084746,1
796267002,0.0303016946,5
796275002,0.018627118,1
796298001,0.015237289,1
796306002,0.035576273,1
796321001,0.010152542,2
796322004,0.0736652555,4
796370001,0.05608050625,8
796374001,0.021263652888888887,9
796424001,0.042355932000000006,3
796454003,0.04120339,1
796454004,0.04174455228571428,14
796454005,0.04133766802586207,116
796478003,0.011847458,1
796479008,0.016932203,1
796481001,0.012694915,1
796481002,0.016932203,1
796535005,0.005101694833333333,3
796535018,0.004169491475,4
796535019,0.0037542372125,8
796543001,0.02879661,3
796555003,0.006762712,1
796555004,0.013542373,1
796555005,0.013542373,1
796556001,0.012186441,2
796556002,0.008118644,1
796556003,0.013542373,1
796556004,0.012559322,1
796556005,0.0050677964,4
796556009,0.008457627,1
796560002,0.010152542,1
796560003,0.006762712,1
796560007,0.008457627,1
796560008,0.006762712,2
796586001,0.010152542,1
796600003,0.01333262725,16
796600004,0.0120254237125,8
796600005,0.012567796833333334,6
796609001,0.061,1
796610003,0.030491525,1
796617001,0.02540678,1
796619001,0.030491525,1
796631002,0.05083051,2
796644001,0.021349476,21
796652001,0.036423728,2
796669001,0.02201695,2
796673001,0.033881355,3
796673002,0.030305084333333333,3
796678002,0.010152542,1
796703001,0.02879661,1
796704004,0.017779661,1
796705001,0.016932203,1
796783001,0.012694915,1
796783002,0.02540678,1
796783007,0.016932203,1
796785017,0.006762712,1
796806001,0.015901694799999998,5
796806002,0.016615819,9
796808002,0.010152542,1
796832001,0.02540678,1
796899001,0.015898306,1
796899006,0.018009685571428572,7
796908001,0.016932203,2
796908003,0.013542373,2
796966001,0.02201695,4
797000001,0.025050847,1
797056004,0.0226610171,10
797056006,0.02540678,1
797058001,0.013542373,1
797058002,0.01247033875,4
797065001,0.035576273,2
797075003,0.016220339,1
797078010,0.014843826285714287,14
797078011,0.01485593275,4
797078014,0.01580226033333333,3
797078016,0.011847458,2
797078018,0.03304566776388889,144
797079001,0.033397093571428574,7
797079002,0.03287600278947369,19
797079003,0.032960451333333335,3
797079004,0.023711865,2
797079007,0.027718028636363638,11
797079009,0.027101696,1
797079024,0.03267984861111111,18
797084005,0.016932203,2
797084006,0.013347458,4
797088002,0.032186440999999996,2
797112001,0.025242938000000003,3
797233001,0.010864407,1
797302001,0.046593221666666663,6
797302002,0.05083051,2
797307004,0.02540678,1
797313002,0.01151694925,2
797343002,0.03308286188888889,9
797394001,0.02393672343333333,60
797394003,0.02309798754375,32
797394009,0.02201695,1
797407001,0.10167797,1
797408001,0.084728815,1
797419001,0.21864407,1
797451001,0.011847458,2
797456001,0.015237289,6
797500002,0.21147899956521737,23
797524001,0.011847458,3
797524003,0.011847458,2
797527001,0.016932203,2
797527002,0.023372881800000002,5
797529001,0.010152542,1
797529002,0.006084745700000001,3
797556001,0.02201695,2
797565001,0.030491525,1
797565002,0.022864407,2
797568001,0.010152542,1
797608001,0.039559324,5
797618002,0.024846247238095236,42
797636001,0.069192092,3
797710001,0.03363905923863637,88
797710004,0.033845422800000004,25
797710006,0.033420377604651164,86
797731002,0.048570622,3
797826003,0.009474576,1
797835006,0.06528189052631579,19
797835008,0.06595737258083834,167
797835009,0.0657366147936508,63
797835014,0.0661158889125,80
797860002,0.04066102,1
797866002,0.016932203,1
797892001,0.041318643924999995,80
797892002,0.02201695,2
797892005,0.04204858746666666,15
797892006,0.0419883475,32
797892007,0.026536722666666665,3
797892010,0.04175566542696629,89
797962002,0.010525424,1
797988001,0.02486121004491018,334
797988002,0.024976284519897304,779
797988005,0.024796701021390376,187
798050001,0.021532688285714287,7
798265001,0.013542373,1
798288001,0.013542373,1
798318001,0.033881355,1
798371001,0.02540678,1
798381003,0.0323694916,5
798407002,0.0033728813,2
798407007,0.0033728813,1
798407008,0.006762712,2
798407009,0.0033728813,2
798407010,0.010152542,1
798416001,0.008457627,1
798418002,0.021677965400000002,5
798426001,0.029835130636363637,11
798426004,0.030491525,4
798437001,0.06777966,1
798441001,0.011847458,2
798449003,0.0165932202,5
798459002,0.026830508333333333,3
798462002,0.013542373,2
798462003,0.012457626999999999,5
798462004,0.013542373,1
798472001,0.013542373,2
798475001,0.01340677975,8
798475002,0.010033898,2
798504001,0.033881355,1
798553001,0.015237289,1
798579002,0.03217998321428571,42
798579003,0.033273727950000005,20
798579009,0.03159553090909091,22
798579013,0.032474576,5
798622004,0.016932203,1
798622005,0.012135593,1
798622017,0.013542373,1
798636002,0.02540678,1
798645001,0.019644069,1
798690001,0.04175060542857143,7
798744001,0.033881355,1
798763003,0.0060847457,1
798773001,0.019762711823529414,17
798779001,0.011847458,2
798797001,0.04066102,1
798820004,0.010146559941176471,17
798827002,0.011847458,1
798827003,0.011847458,7
798883001,0.010017945852941176,17
798883002,0.0099491524,5
798883003,0.010152542,4
798883005,0.010152542,2
798883007,0.010152542,2
798883008,0.010152542,2
798883009,0.00964406754,5
798883011,0.010016949,2
798883012,0.009542373,1
798883020,0.008457626825,4
798885001,0.010491526,1
798888001,0.016932203,1
798889001,0.02116007611111111,9
798889008,0.0213966104,5
798890001,0.0241355935,2
798891004,0.006084745700000001,3
798891006,0.012440678,8
798899001,0.011731638666666667,6
798901001,0.0033355931999999996,5
798901004,0.008457627,1
798901008,0.008457627,2
798901009,0.008457627,3
798902001,0.011016949457142858,14
798902002,0.011223163833333334,6
798902005,0.011593220666666666,9
798902006,0.010808716914285714,7
798902008,0.0113152546,5
798902012,0.007118644,1
798903001,0.0106045199,3
798904002,0.0132966105,2
798904004,0.0033728813,3
798904005,0.013542373,4
798904006,0.013542373,2
798904007,0.01184745775,4
798906001,0.0043898304,4
798912001,0.019050848,1
798915001,0.0146610165,2
798915004,0.0207457625,2
798925001,0.013542373,1
798936001,0.04602824866666667,3
798938001,0.0487118635,6
798938002,0.059305083,3
798938003,0.059103812125,8
798938008,0.05844610032,25
798938025,0.059305083,24
798952007,0.035576273,1
798966001,0.011768361777777778,9
798972002,0.042355932000000006,6
798972004,0.02540678,2
798972009,0.042355932,1
798972013,0.04129661,6
799042002,0.033881355,1
799046001,0.0043898304,1
799067001,0.05036826036363637,11
799067003,0.04949152656756757,37
799069001,0.042355932,1
799070001,0.010152542,3
799071001,0.012186441233333333,3
799190004,0.016932203,1
799329001,0.10167797,1
799349002,0.022581920333333335,3
799356001,0.020322034,2
799356002,0.020322034,1
799365001,0.0451830517,10
799365002,0.04873228171212121,132
799365003,0.049135594000000005,4
799365004,0.04952593336,100
799365009,0.05083051,2
799365011,0.048808281344262294,122
799365013,0.04916045333333333,30
799365015,0.05044039201694916,59
799365027,0.04978522636868687,198
799365028,0.050175482293233084,133
799401001,0.02201695,4
799409001,0.010038233825581395,43
799409003,0.02097889428301887,53
799410001,0.013453639205882353,34
799410003,0.02103995230952381,42
799413001,0.04059039525,12
799417001,0.030491525,11
799417004,0.030491525,2
799421001,0.016932203,5
799421004,0.012977401666666666,3
799427005,0.01631396276190476,21
799428003,0.005423729,1
799487002,0.015237288,2
799624002,0.0161898308,5
799658001,0.042355932,1
799687001,0.008057983847368421,19
799687002,0.008207156377777778,9
799708001,0.033881355,2
799742003,0.1693285523076923,13
799748002,0.016932203,4
799754001,0.00913559336,5
799832001,0.049619856000000004,7
799853002,0.0218271192,10
799853003,0.04081991525,8
799979002,0.015237289,1
800040001,0.015237288000000002,2
800093001,0.033504236375,8
800110001,0.031652542500000005,4
800141001,0.10167797,2
800155001,0.06777966,2
800245001,0.021391698466101696,118
800245002,0.02153166889473684,19
800245003,0.02056991603125,32
800245011,0.02015254288888889,9
800245015,0.0210372888,5
800299001,0.013542373,1
800304001,0.06747457520000001,10
800304002,0.06438983000000001,2
800333004,0.008457627,1
800342011,0.019757062333333335,3
800342012,0.0211644069,10
800342013,0.022755649916666666,12
800387001,0.020322034,2
800389001,0.0233486685,14
800389002,0.0211694915,2
800389007,0.016932203,6
800396003,0.02424364475,8
800396004,0.03405084775,4
800396006,0.0206237296,5
800396007,0.04887483823076923,13
800396008,0.050248886000000006,19
800408001,0.02540678,1
800408002,0.0235,2
800415001,0.013542373,1
800416002,0.016932203,2
800419001,0.015237289,1
800421001,0.010152542,1
800433001,0.033881355,1
800436002,0.02001695,1
800436003,0.02201695,1
800436010,0.02001695,1
800439001,0.030491525,1
800447001,0.013542373,4
800447002,0.013025424,4
800529001,0.021169491,1
800530002,0.037016948499999994,2
800590001,0.033881355,2
800688002,0.01220339,1
800691002,0.011847458,1
800691007,0.011600954264480873,366
800691008,0.011639812297379912,458
800691009,0.011532827085057472,87
800691013,0.01147699784,35
800691016,0.011619106618181819,55
800691026,0.011499014906976744,43
800691031,0.01165932234,50
800768004,0.029545197333333332,12
800768005,0.02540678,2
800800001,0.02540678,1
800802001,0.016932203,1
800804001,0.042355932,1
800840001,0.033881355,1
800867002,0.013542373,1
800879001,0.008457627,1
800881003,0.033881355,3
800881006,0.06438982950000001,10
800896001,0.042355932,1
800896002,0.042355932,1
800976001,0.006762712,1
801068002,0.013983051285714285,7
801068003,0.021704618775362318,138
801068004,0.016932203,2
801068005,0.013576271,1
801068014,0.021733931056603775,53
801068018,0.021428081283783783,74
801071001,0.04066102,3
801076003,0.013542373,1
801076004,0.042355932,2
801091002,0.032966103,1
801123005,0.0444745775,4
801123006,0.050607749285714286,7
801166003,0.014898305,1
801166005,0.05083051,1
801180002,0.0194745765,2
801199001,0.02201695,1
801219001,0.05889830366666667,3
801240003,0.030491525,1
801241001,0.02540678,3
801241002,0.02540678,1
801308001,0.011,4
801309002,0.038542373,4
801327001,0.061847454,2
801384001,0.0076101697,1
801384002,0.02201695,1
801384012,0.023665254375,8
801384013,0.016864406666666665,3
801384014,0.02465393389552239,67
801428001,0.016932203,1
801428010,0.011847458,1
801428018,0.013542373,1
801429003,0.030491525,1
801430001,0.016932203,2
801431001,0.016240112666666667,6
801431002,0.0163841805,6
801431008,0.016932203,3
801431009,0.016169492,1
801447001,0.029621753692660548,218
801452001,0.032233602695652175,23
801452002,0.025844632333333336,6
801452003,0.031159413000000004,37
801470002,0.023023305375,8
801477001,0.008881356,1
801512004,0.039314942887755104,98
801512008,0.015237289,1
801526001,0.02540678,3
801554002,0.0050677964,1
801634002,0.02540678,1
801673001,0.01655222676013289,301
801673002,0.01630489402247191,89
801673003,0.006762712,1
801673004,0.003220339,1
801673005,0.006535593300000001,5
801673006,0.006762712,3
801673014,0.016597861734439834,241
801673015,0.016602103758620687,145
801708001,0.02201695,8
801708002,0.02201695,1
801730001,0.016932203,1
801730004,0.009135593000000001,2
801730005,0.011847458,1
801765001,0.05708151595238096,21
801768001,0.057652368163265306,49
801796001,0.00552203384,5
801796005,0.005135593000000001,2
801796006,0.004694915066666667,3
801832002,0.014847458000000001,2
801843004,0.006762712,1
801863001,0.029322033499999997,4
801865001,0.009152543,1
801865002,0.017779661000000002,2
801865005,0.010152542,2
801875001,0.011508474,1
801890001,0.08415254416666666,6
801890002,0.084728815,3
801890003,0.08449341,9
801905001,0.0086440677,2
801905002,0.0083728814,5
801905005,0.010152542,1
801938001,0.033881355,1
801938002,0.042355932,1
801938003,0.042355932,1
801979001,0.041818643899999994,10
802000002,0.04066102,1
802023001,0.024133025393939394,33
802023002,0.02484774520338983,59
802023003,0.010152542,1
802023004,0.015457627,4
802023005,0.024923500067567567,74
802023006,0.024586399609756095,82
802030002,0.02540678,2
802030004,0.02540678,2
802047001,0.015237289,1
802078001,0.059305083,4
802078002,0.059305083,1
802078003,0.059305083,4
802078004,0.059305083,2
802147001,0.013542373,1
802153002,0.21467362230769232,39
802153004,0.21864407,1
802153005,0.21317797,4
802193001,0.015762711,1
802202001,0.006762712,1
802202008,0.008457627,1
802224001,0.021491526,1
802344001,0.0150932205,2
802344002,0.02540678,1
802370003,0.0289661015,2
802396001,0.02540678,1
802401001,0.084728815,1
802424001,0.047440678,1
802459001,0.007382007738461539,26
802459007,0.008301516431578948,19
802459008,0.00817514118888889,9
802461001,0.006668079191666666,12
802461004,0.006717514266666666,6
802461005,0.006734977027272728,11
802461006,0.006762712,3
802461007,0.006491525539999999,5
802482001,0.0060847457,1
802482002,0.0050677964,1
802482003,0.0033728813,1
802485001,0.02413841833333333,12
802485002,0.016932203,3
802485003,0.02540678,1
802485004,0.013966101500000001,4
802514006,0.013067797,1
802529001,0.021598870733333334,15
802549004,0.10167797,1
802553003,0.13557628,2
802553004,0.13557628,2
802559002,0.016932203,1
802562001,0.109322034,1
802598001,0.06777966,1
802598005,0.06777966,3
802615001,0.02028813577777778,9
802779001,0.013542373000000002,3
802786001,0.0125254235,4
802815001,0.024556900857142856,7
802864001,0.04104586329411765,17
802871001,0.04902328078313254,83
802871004,0.04893332192307692,91
802871007,0.04953846276923077,26
802871009,0.047440678,2
802881001,0.0657457617,20
802896003,0.02201695,4
802897001,0.0248135595,4
802897002,0.030136329695652175,23
802898001,0.05083051,3
802898002,0.04719854857142857,7
802901001,0.01989830575,4
802902001,0.013542373,2
802920001,0.06438983000000001,2
802921002,0.0650678,1
802927002,0.06723025936585365,41
802929001,0.045330510000000004,2
802929003,0.047909605833333334,6
802930002,0.047440678,2
802965007,0.0243898308,5
802965009,0.02264406807142857,14
802965010,0.02540678,3
802965016,0.022864407,2
802979001,0.02112300317142857,35
802979002,0.02201695,4
802980001,0.015977926390697672,43
802980002,0.011259322300000001,10
802994007,0.006551789222222222,9
803070001,0.01594491525,4
803070006,0.006762712,1
803070009,0.016591916326923077,52
803070017,0.016932203,2
803070021,0.01594491525,4
803083001,0.016932203,4
803083002,0.014145762400000001,5
803118001,0.0334383394137931,29
803153001,0.0050677964,1
803156001,0.06325988566666667,3
803156003,0.06777966,1
803160001,0.03295685604545455,22
803160002,0.033099272928571434,14
803160006,0.033644067,6
803160007,0.031974575875,8
803164001,0.010762712,3
803164002,0.015237288,2
803164004,0.013016949,2
803164005,0.012186441,2
803176003,0.013542373,5
803190001,0.010152542,1
803250001,0.013368790310344826,29
803255005,0.05083051,2
803256005,0.118627116,2
803315003,0.04940156576923078,13
803320002,0.021169491999999998,2
803324004,0.033881355,3
803324005,0.030491525000000002,3
803342004,0.0033728813,1
803362002,0.010152542,1
803366005,0.015237289,1
803366008,0.013559322,1
803366009,0.02037664788888889,9
803366011,0.0218531075,6
803366012,0.0219661015,2
803366013,0.021124294066666667,15
803373001,0.061,1
803373003,0.066084745,4
803378002,0.010152542,1
803378003,0.011659134,9
803397002,0.16779661,5
803461002,0.0050677964,1
803461003,0.016254237,1
803468002,0.024913121850993376,302
803522002,0.013542373,1
803547001,0.027101696,1
803563001,0.042694915,4
803565001,0.02540678,2
803565004,0.05083051,1
803565007,0.0459576275,4
803569001,0.004293785266666667,3
803569003,0.0043898304,1
803570002,0.0060847457,1
803570003,0.0060847457,1
803571003,0.0060847457,1
803575001,0.0060847457,1
803582001,0.0304915255,2
803587002,0.009451977155555557,9
803587003,0.014116525125000001,8
803592003,0.011692090666666667,24
803593008,0.05818173116666667,18
803593009,0.05867357066666667,27
803594001,0.006762712,1
803594002,0.0074271187399999996,5
803594004,0.0050677964,1
803596001,0.0032881355333333334,6
803596002,0.00327966105,2
803596003,0.008457627,4
803596004,0.008457627,1
803596005,0.008457627,3
803597001,0.030491525,1
803603001,0.006762712,3
803609002,0.01000935103448276,29
803609004,0.009868104550909092,55
803614001,0.032008475,2
803624001,0.018627118,1
803624002,0.016932203,1
803625001,0.023079903571428573,7
803625002,0.0432033895,2
803646001,0.030491525,8
803647003,0.013542373,1
803680007,0.023711864,1
803685001,0.041686982932,250
803727001,0.05857869228571429,7
803757001,0.01660749970425,800
803757002,0.008220339,2
803757004,0.016697692334033613,476
803757005,0.01669594215530303,264
803757008,0.006762712,5
803757011,0.006762712,2
803757012,0.0167799255078125,64
803757013,0.01681904255882353,34
803757014,0.016527286937172776,191
803757015,0.016237516979729732,148
803757019,0.01670236230492424,264
803757023,0.01660917217647059,51
803757025,0.016711864076923075,13
803762001,0.04026719847058823,17
803772001,0.0116779665,6
803772002,0.011667911822033899,59
803867002,0.006762712,1
803892001,0.011431433272727274,11
803892002,0.013542373,1
803935001,0.01489830473,10
803935002,0.0060847457,1
803969002,0.024700565166666664,12
803969003,0.024837660739884394,173
803969007,0.02540678,1
803969008,0.02540678,2
803969009,0.02481711079047619,105
803985002,0.02540678,2
803985004,0.013542373,2
803986001,0.00991283267857143,28
803986006,0.006306968,9
803990002,0.039855932499999996,2
803993006,0.023711864,2
803993007,0.020804143444444444,9
803996003,0.020322034,1
804029001,0.02540678,2
804084002,0.071,1
804190002,0.06589831,1
804190003,0.06325988733333333,6
804223001,0.0300677965,2
804241001,0.02540678,6
804292003,0.011847458,2
804296001,0.0050677964,1
804472003,0.030491525,2
804476001,0.02540678,4
804496001,0.013542373,1
804506001,0.013542373,1
804506002,0.02201695,8
804506005,0.013395480333333334,3
804536002,0.052875705333333335,3
804545001,0.078372880625,8
804551001,0.0228837775,14
804553001,0.110265535,9
804553002,0.11801016760000001,5
804555004,0.04204358357142857,7
804580001,0.07625423,4
804597001,0.03306214666666667,3
804597002,0.033881355,4
804610001,0.02540678,1
804610002,0.02159322,1
804610003,0.0237118645,4
804610004,0.023711864666666665,3
804610007,0.025181356100000003,10
804610008,0.023152543,1
804613005,0.042355932,10
804613009,0.02286440766666667,6
804617001,0.11862711600000002,3
804617002,0.11762711575000001,4
804631002,0.10167797,3
804637002,0.016084746,2
804659002,0.013542373,1
804659003,0.014961259571428572,7
804659004,0.02142373,1
804664003,0.030491525,1
804664004,0.02201695,1
804680001,0.04713559,1
804681001,0.015237289,4
804682001,0.02201695,4
804691001,0.0110677965,1
804691002,0.02540678,4
804691004,0.02540678,5
804732002,0.042355932,2
804732003,0.04152796605,20
804732004,0.0374406779,10
804732005,0.01647881375,4
804732006,0.019050847,2
804733001,0.008457627133333335,3
804733003,0.0050677964,1
804733010,0.0050677964,1
804735002,0.0043898304,2
804735003,0.003,1
804735007,0.0050677964,5
804735008,0.013542373000000002,3
804735011,0.013542373,4
804735012,0.013542373,1
804735013,0.013542373000000002,3
804741001,0.0050677964,1
804741002,0.008457627,2
804741004,0.008457627,1
804741005,0.006932203350000001,2
804741007,0.008457627,1
804741012,0.008457627,1
804741016,0.00608474585,2
804750002,0.016932203,1
804759001,0.023196610466666667,15
804759002,0.02369645622727273,22
804759003,0.0239449155,8
804759004,0.0236676085,18
804759005,0.024119948153846157,13
804759006,0.015457626833333333,6
804759007,0.023559323,1
804759008,0.02540678,1
804759016,0.023875706333333333,6
804759017,0.023521186625,8
804759018,0.02540678,1
804759019,0.023776271199999997,5
804801001,0.033881355,1
804801003,0.033881355,1
804801006,0.0304915255,2
804806001,0.02201695,1
804916001,0.0212915259,10
804916006,0.021225324617647062,34
804936006,0.030491525,1
804955001,0.016932203,1
804992001,0.02486869539759036,83
804992002,0.02321751425,12
804992009,0.02540678,10
804992013,0.024740085015000003,200
804992014,0.025015662542592593,540
804992016,0.02520831083870968,155
804992017,0.024911264246636772,446
804992018,0.024728813500000002,2
804992021,0.016536723333333333,9
804992022,0.010152542,1
804992024,0.011847458,5
804992033,0.024586375740384615,104
804992034,0.025143361901515154,264
804996002,0.016471295709677418,31
804996003,0.01585254215,40
804996006,0.01668064194736842,19
804996007,0.01602118625,8
804998001,0.0241355935,2
805000001,0.04990394176903554,394
805000002,0.035576273,9
805000003,0.0328389835,2
805000007,0.04974950599134199,231
805000010,0.04974769228742515,167
805005001,0.0397288138,5
805007005,0.010152542,1
805007006,0.019200564833333333,6
805009002,0.013838983999999999,2
805011001,0.010152542,1
805011002,0.017258860127272728,33
805011011,0.02051331780952381,42
805011013,0.021640452680000002,75
805011019,0.020831865,50
805011022,0.02152100291304348,23
805015007,0.011,1
805032001,0.0050677964,1
805038002,0.0033728813,3
805095007,0.02181664181818182,11
805110002,0.021762712,2
805115001,0.10167797,1
805127001,0.010491525466666665,3
805137001,0.027101696,1
805142001,0.030491525,2
805154001,0.018627118,1
805154002,0.02201695,1
805159001,0.048288137,2
805205001,0.022016949999999997,3
805205004,0.02075787,7
805275001,0.05874011216666667,6
805275002,0.027101696,1
805308001,0.012186441,1
805308002,0.011084745437500002,16
805308003,0.011282485666666666,6
805308004,0.011847458,1
805321001,0.042355932,1
805323002,0.0357966104,5
805366006,0.011,2
805367003,0.035576273,1
805370003,0.017903955333333336,3
805370004,0.020915255,2
805370005,0.020915255,2
805370006,0.022016949999999997,3
805370010,0.02201695,1
805385004,0.008457627,1
805385005,0.006762712,1
805439001,0.006401564657692307,26
805442001,0.0525254235,2
805473002,0.05620339,1
805473003,0.013542373,1
805487004,0.030491524600000004,5
805505001,0.045745761499999996,2
805510009,0.013542373,1
805510013,0.0094194915,4
805510026,0.012809322,8
805510028,0.0166663133125,16
805510032,0.011172316583333333,6
805510033,0.015519773666666667,3
805510037,0.01000659111111111,18
805510038,0.011372881599999999,5
805524001,0.042355932000000006,3
805525001,0.025028740130434782,23
805525002,0.0493604532,15
805579001,0.042355932000000006,3
805579002,0.0381186435,2
805594001,0.011649717833333332,6
805689001,0.042355932,1
805706001,0.02540678,5
805706002,0.02455932233333333,3
805706003,0.02540678,1
805706004,0.020322034,1
805706006,0.022585687333333333,9
805709001,0.012553672666666668,3
805711001,0.0241355935,2
805711003,0.0215932205,2
805711006,0.022864407,2
805711008,0.020322034,1
805713008,0.011847458,1
805714001,0.016932203,1
805714002,0.016932203,1
805714004,0.015449153,4
805714005,0.011847458,1
805714006,0.016932203,1
805721003,0.013542373,1
805765001,0.03341126538235294,34
805772001,0.013542373,2
805772002,0.02201695,1
805772003,0.0079423728,10
805778002,0.016932203,3
805810001,0.009398305,2
805814001,0.016932203,3
805859003,0.03218644,2
805883001,0.04006128018461539,65
805888003,0.10167797,1
805917001,0.01571097302631579,19
805917002,0.010152542,1
805923001,0.028826271,4
805926002,0.030491525,1
805926009,0.030491525,1
805929001,0.042355932,1
805931001,0.033406778750000005,4
805931002,0.03218644,2
805933001,0.0304915255,2
805933002,0.033881355,1
805934001,0.02201695,1
805941002,0.009745763,1
805947002,0.042355932,1
805947003,0.041605254045,200
805947004,0.03989178592307692,13
805954003,0.030491525,1
805976001,0.009845574085185185,27
805986004,0.033442218272727274,11
806000001,0.010152542,1
806000014,0.01320339,1
806010004,0.02540678,1
806012001,0.02201695,2
806050001,0.08112641358333333,48
806131001,0.03302454631034483,145
806131002,0.03290395406944444,72
806131003,0.03315226830645161,62
806131004,0.03236668782692308,52
806131011,0.03356430622352941,85
806131012,0.033562756932432436,74
806151001,0.01238983,1
806153002,0.013542373,1
806164005,0.016932203,2
806183001,0.016932203,1
806183003,0.015237288,2
806183004,0.013542373,1
806183014,0.014677966,3
806184007,0.020322034,1
806186001,0.006762712,2
806186003,0.006762712,1
806187001,0.02540678,1
806188007,0.02201695,1
806190002,0.011847458,1
806192002,0.0050677964,2
806199002,0.013542373,1
806225002,0.025032582155339805,103
806225008,0.024736517977272724,88
806225009,0.010152542,6
806241001,0.02517565518181818,11
806241002,0.024604116571428573,14
806241004,0.02540678,1
806241007,0.025186441,34
806241008,0.024849072126984128,63
806241009,0.025097740444444443,90
806243001,0.015080324826086955,23
806243004,0.016932203,3
806243005,0.016932203,1
806243006,0.016681818,22
806243007,0.008457627,2
806248001,0.016447549027027025,37
806248002,0.01610832704347826,23
806248004,0.006536723233333333,3
806258001,0.033881355,1
806261002,0.027830508,1
806269001,0.015237289,1
806307008,0.033881355,1
806307009,0.033220338714285716,7
806331001,0.021677965,1
806368002,0.013542373,1
806373002,0.033881355,1
806388001,0.013219859389937107,318
806388002,0.013237646789038462,520
806388003,0.013190856109243698,238
806388004,0.01312615769072165,97
806388005,0.013066271296,100
806388009,0.01318538145,160
806388010,0.0133305085,4
806388011,0.012875706333333334,12
806388012,0.013335541366666665,261
806388017,0.01306779676923077,13
806388018,0.013272462322580645,93
806388019,0.013186440826086956,92
806388028,0.01318141878148148,54
806406001,0.016084746,2
806414003,0.010152542,2
806451001,0.0045164193625,32
806460001,0.0060847457,2
806465001,0.008457627,3
806466001,0.006762712,2
806467001,0.006762712,2
806477001,0.07625423,2
806506001,0.05083051,4
806506003,0.03915630866666667,9
806527003,0.047883778642857144,14
806528003,0.02138741,7
806528004,0.024648554705882356,34
806528005,0.02492184583333333,18
806528007,0.04723149110526316,38
806528009,0.024612288656250002,32
806529001,0.02069279725,8
806529003,0.025067797333333332,9
806534001,0.0333796604,5
806534002,0.02209866892857143,28
806534004,0.014785311533333333,15
806605001,0.010944031235251799,139
806605002,0.01040321147368421,19
806631001,0.0156271184,5
806665001,0.010152542,3
806694003,0.015237289,1
806705002,0.027101696,2
806711001,0.027101696,1
806713003,0.016135594,1
806718001,0.06777966,7
806727001,0.02119067875,4
806731001,0.03350282466666667,3
806731006,0.02201695,1
806766001,0.048984593,44
806773001,0.05025958852631579,19
806775001,0.02103259523076923,13
806775002,0.02540678,1
806778001,0.04842448094303798,158
806783001,0.013019597578125,32
806783002,0.013239333793103448,58
806785001,0.021544795000000002,7
806785002,0.021059322,2
806794003,0.022016949999999997,12
806794004,0.021890773,9
806807001,0.05005961548275862,58
806839005,0.015237289,3
806847006,0.0101525425,2
806847009,0.0050677964,1
806847019,0.01301271175,4
806852001,0.035576273,1
806916002,0.042355932,1
806916003,0.033881355,10
806916004,0.042177965625,8
806916008,0.046852543,10
806931002,0.04890181303448276,29
806947001,0.050663842833333333,6
806963002,0.02201695,4
806963003,0.021702179999999998,14
806963005,0.015237289,1
806964002,0.02201695,2
806965001,0.008457627,2
806965004,0.02540678,2
806974001,0.029644068,1
806986001,0.049474577500000005,4
806989001,0.03151600666666667,9
806989002,0.016567796500000002,2
807001001,0.04701695,2
807001002,0.05083051,2
807005003,0.04901271309375,32
807005004,0.04969260545454546,22
807005010,0.049919493,16
807055003,0.039932203,1
807064001,0.010152542,1
807079001,0.014093221,2
807087001,0.01489830565,2
807174001,0.0174050844,10
807239005,0.001621960204347826,23
807241001,0.003490331784507042,71
807241005,0.0015254237,1
807241007,0.0016779660999999997,7
807241015,0.00144915255,2
807241016,0.0032316383666666664,6
807241017,0.0016779661,2
807241018,0.00347669484375,16
807241019,0.0034301578,29
807241020,0.003361719680487805,41
807241022,0.0016101695,5
807241026,0.0032234206454545456,11
807241027,0.00346271182,10
807241030,0.0033728813,3
807241032,0.0016505483529411762,34
807241033,0.00317796605,6
807241034,0.0035423729,3
807241037,0.0041144066750000005,4
807241039,0.00388135585625,16
807241046,0.0035837122195121955,41
807241051,0.003435202053846154,65
807241052,0.0033706214266666667,15
807241054,0.0035226451327868852,61
807241057,0.003444184656321839,87
807241059,0.0033709256730769235,26
807241062,0.0033019624947368416,38
807241066,0.003492493897142857,35
807241067,0.003405475830769231,13
807241068,0.0034321141568421057,95
807242017,0.00162372881,10
807242018,0.0008474576,1
807242020,0.0016779661,3
807244001,0.0036365347722222222,18
807244002,0.0036668044219512197,82
807244003,0.0016030617829032258,31
807244004,0.0034807396030303033,33
807244005,0.0034268104675324674,77
807244012,0.003520540027118644,59
807244015,0.00304802255,6
807244016,0.0015752741647058824,17
807244017,0.0016549636785714286,14
807244019,0.0037423728099999997,10
807244025,0.003616049763265306,49
807244029,0.003497175166666667,3
807244030,0.00341016948,5
807244031,0.0034915255000000003,3
807244039,0.003404012432653061,49
807244041,0.0035220338666666668,15
807265001,0.010152542,2
807265003,0.00984322025,4
807265004,0.0100254235,4
807265006,0.00975423725,2
807283001,0.030491525,1
807310002,0.00405762704,5
807316001,0.04648536327272727,11
807362001,0.041539291,11
807362002,0.0840372892,5
807362003,0.08394847563999999,25
807383007,0.02201695,1
807449004,0.02540678,4
807473001,0.020322034,3
807473004,0.020322034,1
807473006,0.02540678,2
807473009,0.02540678,4
807500006,0.006762712,3
807522002,0.013542373,1
807615001,0.0060847457,1
807616001,0.033430508000000005,5
807616002,0.033881355,1
807642002,0.035576273,1
807681002,0.0076440679,6
807701001,0.011847458,7
807704001,0.008442090333333334,12
807706001,0.01092736099047619,21
807706002,0.011637435826086957,23
807712001,0.011614407083333333,12
807717001,0.10102712200000001,5
807721001,0.12201695,1
807722001,0.013542373,1
807724001,0.04705084875,8
807727002,0.10167797,1
807733001,0.033881355,6
807741001,0.041387409285714286,7
807741002,0.033881355,2
807743001,0.02906440653333333,15
807747001,0.008301489384848485,33
807747002,0.008295399428571429,7
807748001,0.03996125914285714,7
807748003,0.023429379,3
807756001,0.0071864408,1
807768001,0.030491525000000002,12
807768002,0.057045197666666665,3
807770001,0.04122599,3
807770002,0.036389832,2
807771001,0.0060847457,2
807772003,0.05083051,1
807774002,0.023711864,2
807775001,0.05083051,1
807791001,0.033881355,1
807792004,0.042355932,1
807795001,0.027101696,2
807795002,0.027101696,1
807818004,0.030491525,1
807818005,0.03214689266666667,3
807819001,0.015237288,2
807819003,0.008457627,1
807820010,0.030491525,1
807820011,0.0259152545,2
807821001,0.020553672666666665,3
807821002,0.010661017,1
807825001,0.13557628,3
807831005,0.11212042584210527,19
807832001,0.02201695,1
807877002,0.02201695,1
807882001,0.01661734,26
807908001,0.008245762675,4
807926004,0.016156394181818183,22
807993003,0.0194745765,2
808021001,0.02361158266666667,12
808021002,0.021872882125,8
808021006,0.02095361352631579,19
808021007,0.041587772178571424,28
808021008,0.04065583795833333,72
808023001,0.023167951272727274,11
808025001,0.025539766076923077,13
808028001,0.029436911155555558,45
808028006,0.01820338975,8
808028008,0.016755649333333334,12
808029001,0.01973408721111111,90
808168005,0.0823736195652174,23
808229001,0.010152542,2
808237004,0.030491525,1
808246001,0.008457627,1
808246002,0.016932203,4
808246003,0.010881356,1
808246004,0.01553166794736842,19
808246005,0.014938366636363637,11
808246006,0.015281972,11
808254001,0.042355932,1
808287003,0.025265536666666668,3
808287008,0.024723164111111112,9
808287009,0.024310735,3
808299002,0.030491525,2
808305001,0.0090932201,4
808305002,0.010152542,2
808305003,0.013542373,1
808349001,0.06680790883333333,12
808349003,0.0658426142857143,7
808357001,0.05083051,1
808371001,0.02201695,1
808445001,0.020322033666666666,3
808445003,0.02540678,1
808462002,0.022016949999999997,3
808473002,0.06777966,1
808552003,0.010152542,2
808552005,0.009498789471428572,7
808552011,0.016328278184210527,38
808569001,0.010966102,3
808569002,0.011372881599999999,5
808570001,0.042355932,1
808578003,0.006423729,1
808586001,0.030491525,1
808605001,0.033881355,1
808608001,0.11813559066666668,3
808614003,0.023711864,1
808617001,0.02201695,2
808617005,0.0160847455,4
808619001,0.016932203,3
808619004,0.018927361142857143,7
808621003,0.02201695,4
808621004,0.04206497133333333,6
808624002,0.01066949125,4
808624005,0.010322034,2
808624007,0.011847458,4
808628001,0.02243785275,6
808628002,0.03253860566666667,18
808629007,0.020322034,2
808631002,0.013542373,2
808631003,0.013542373,1
808644003,0.025807909333333334,3
808648001,0.041387409285714286,7
808648002,0.04094350333333333,3
808650001,0.039745763,1
808651001,0.027101696,1
808651003,0.027101696,1
808653001,0.07561016500000001,6
808654001,0.05060452133333334,3
808659001,0.0151593224,5
808659002,0.042355932,1
808659003,0.041542374,1
808661002,0.030491525,1
808662001,0.033881355,2
808662002,0.042355932,4
808663001,0.03298003688888889,45
808666001,0.05397551677777778,9
808666002,0.057610168,7
808666003,0.05586892513333333,15
808669002,0.030491525,5
808669004,0.021840678600000003,5
808670001,0.033881355,1
808684001,0.024329035195652177,46
808684002,0.03443120714705882,34
808685001,0.02201695,2
808685002,0.021169492300000002,10
808685005,0.019288136,12
808686001,0.042355932,4
808687001,0.030491525000000002,3
808687002,0.019192090999999998,3
808690001,0.0218559325,4
808690004,0.02540678,5
808691001,0.02540678,2
808698001,0.028397858684210527,19
808698004,0.02420419719047619,21
808699001,0.02736440633333333,12
808699003,0.011858939580645161,31
808701002,0.0561237275,10
808701003,0.030491525,4
808706002,0.024389831,1
808714001,0.0415084748,5
808718001,0.033881355,1
808748001,0.010118643894285715,35
808748002,0.018161016250000002,4
808748003,0.014157062255555556,45
808748005,0.024655681296296295,54
808748007,0.014016949400000001,5
808801017,0.004762712,1
808812001,0.013101695,2
808812002,0.013542373,1
808812003,0.010152542,1
808813001,0.024559323,2
808813002,0.015237289,3
808815001,0.01973446377777778,9
808815002,0.02201695,1
808815003,0.021186441,2
808816002,0.016178907444444446,9
808816003,0.013542373,1
808839001,0.013542373000000002,3
808840001,0.023146893333333335,3
808840002,0.017358050625,8
808840004,0.011847458,6
808840005,0.015802259666666665,3
808841001,0.022016949999999997,3
808851005,0.011847458,1
808852001,0.03176271,1
808866004,0.030491525,1
808889001,0.027440678,1
808889003,0.016367231666666666,3
808889006,0.028584745499999998,4
808893003,0.014740113333333332,3
808902004,0.046593222,3
808902005,0.04658192166666667,3
808953001,0.03896610166666666,6
808953002,0.042355932,1
808953003,0.025406780000000004,11
809022001,0.0563389825,2
809067002,0.0050677964,1
809067003,0.004559322,2
809068002,0.0047118645,1
809073001,0.00294067805,2
809074002,0.0026949153,1
809078002,0.0033728813,1
809103001,0.022016949999999997,3
809119001,0.05083051,1
809141002,0.043627120000000005,4
809169001,0.04161017,1
809185001,0.010152542,1
809200002,0.030491525,2
809223001,0.05083051,2
809223002,0.05083051000000001,5
809223003,0.0243898308,5
809223004,0.05083051000000001,5
809230001,0.032363464611111115,18
809237001,0.009731638166666667,6
809238001,0.028231638,3
809239001,0.03863922514285715,7
809239002,0.04164971725,12
809244003,0.04422457675,4
809278001,0.015237289,1
809320001,0.003606909984615385,26
809320006,0.0035614406875,8
809320007,0.003509322025,20
809324001,0.022016949999999997,3
809350002,0.049803391333333336,30
809411002,0.01664971733333333,3
809411003,0.04984180933333334,18
809411004,0.04762792685714286,21
809411005,0.02154237357142857,7
809431001,0.023033898,1
809434001,0.024276836666666666,3
809436001,0.016932203,1
809500002,0.029470181814814814,27
809500005,0.030491525,1
809517001,0.018627118,2
809517002,0.014669492249999999,4
809521003,0.0460310056097561,41
809521004,0.050442091916666675,12
809525001,0.026045198000000002,9
809525002,0.06777966,1
809549001,0.015081664818181817,22
809575001,0.029186440411764703,17
809590003,0.01761017,1
809628001,0.02540678,2
809628003,0.008457627,1
809628007,0.011847458,4
809672001,0.00920339,1
809677001,0.033881355,2
809684002,0.02540678,1
809713001,0.02201695,1
809713002,0.02201695,1
809757002,0.05083051,6
809798005,0.02201695,1
809835001,0.014542373437499999,8
809841001,0.009480225833333333,3
809841002,0.010152542,1
809841003,0.0080169495,1
809841004,0.010152542,1
809841005,0.010152542,1
809841007,0.00961017,1
809846001,0.010092721529411765,17
809846005,0.010073092875,16
809874001,0.01664971733333333,6
809874004,0.008457627,1
809883001,0.013808717,14
809883002,0.016171913285714285,7
809883003,0.024796610599999998,5
809887001,0.08215254363636364,11
809901002,0.033881355,1
809901003,0.080303673,12
809913001,0.04692494085714286,7
809947001,0.030491525,1
809947002,0.02540678,1
809961001,0.03101694843478261,23
809961002,0.03282976857009346,321
809961003,0.03170847404,25
809961004,0.0328203381,10
809961007,0.03313574548758465,443
809970001,0.0399322025,2
809972001,0.005920903933333333,3
809977001,0.11233898133333334,9
809989002,0.0033438255999999997,7
809989003,0.004135593333333333,3
810005001,0.0687212751111111,9
810005002,0.0486101674,10
810017001,0.033881355,1
810156001,0.04982627228125,32
810156002,0.01715012075,28
810169001,0.05013311392682927,41
810169002,0.04955804416037736,106
810169003,0.0505643085,34
810169016,0.048066855944444445,18
810169017,0.050273587,219
810169018,0.04968291088888889,72
810169020,0.05076858026923077,26
810169022,0.05044538727777778,18
810170001,0.062217390608695654,23
810170003,0.06623038203703704,27
810170007,0.0629088975,8
810170012,0.06601442917567568,74
810170013,0.06689508972413793,58
810170014,0.06708129762711865,59
810170016,0.06685738549704143,169
810170018,0.06675706125925926,81
810170022,0.06536931231578948,19
810172002,0.034454803166666666,12
810172003,0.032320339366666666,60
810172005,0.06777966,3
810172006,0.023711865333333332,3
810172007,0.027101695999999998,6
810172014,0.026710324363636365,11
810172015,0.05459698555555556,9
810175001,0.021576272,10
810187004,0.00830508465,2
810231001,0.013542373,2
810258001,0.02540678,4
810384001,0.045745764,1
810386001,0.01344279675,8
810398001,0.021785311333333335,3
810398003,0.02201695,1
810419001,0.015677966,9
810419002,0.0160444915,8
810419006,0.011847458,5
810419009,0.015858756733333333,15
810448001,0.061,1
810460001,0.021169491,1
810493001,0.02310653828571429,7
810493002,0.026725047444444445,9
810507002,0.013542373,1
810508002,0.059305083,5
810508004,0.030491525,2
810510001,0.02788396276923077,13
810510002,0.027372881000000005,5
810536001,0.033758474000000004,8
810537001,0.014220339599999998,5
810557001,0.024174100079723506,217
810557002,0.023542099758064518,62
810557003,0.009106317218181819,22
810557006,0.022942494214285715,28
810557007,0.013542373000000002,3
810557010,0.024469452348837212,43
810557011,0.015067796599999999,5
810557013,0.02499678,100
810587001,0.042355932,2
810591001,0.05010411771428571,7
810591002,0.04927724071428572,14
810592001,0.0369322048,5
810592002,0.033881355,1
810632002,0.029644068,1
810662002,0.015237289,1
810666003,0.10153390166666666,6
810671001,0.021169491,1
810671002,0.042355932000000006,6
810671003,0.023334745249999997,4
810675001,0.084728815,2
810675003,0.013559322,1
810686001,0.084728815,1
810703001,0.00640678,1
810703002,0.006762712,1
810710008,0.05083051,1
810724001,0.05864594955555555,9
810737009,0.033881355,1
810737012,0.0304915255,2
810743003,0.030491525,2
810744003,0.010055689785714287,7
810745001,0.042355932,1
810746001,0.0262542365,4
810746002,0.033881355,3
810758001,0.042355932,1
810758002,0.033889829999999996,2
810765001,0.042355932,1
810765004,0.06777966,1
810777001,0.0178983045,4
810777003,0.021169491,1
810777004,0.016720338666666668,6
810790001,0.04893785183333333,6
810799002,0.016932203,1
810799003,0.02201695,1
810800004,0.021593221,3
810818001,0.03384845370588235,17
810818002,0.043851694,8
810820001,0.016084746,2
810825001,0.02480277372727273,11
810825002,0.025295668888888886,9
810825003,0.015237289,2
810831001,0.010152542,1
810831002,0.03251694883333334,6
810831003,0.024254236999999998,2
810831004,0.013542373,1
810836001,0.06777966,2
810838004,0.03911652525,8
810838009,0.042355932,1
810838010,0.0415701976,120
810838011,0.04005602626388889,72
810841001,0.0271016945,2
810845001,0.030491525,2
810849001,0.030491525,1
810890001,0.021603814375000002,8
810892001,0.0192627125,2
810895005,0.02540678,1
810901001,0.01769491466666667,6
810904001,0.008457627,2
810908001,0.013033898399999999,10
810908003,0.011282485666666668,3
810926002,0.02201695,1
810927004,0.024602905857142858,7
810966001,0.050432204333333334,6
810971002,0.008457627,1
810997001,0.0212033895,2
811076001,0.030491525,4
811086001,0.033881355,1
811086002,0.01818644,1
811107001,0.017491525,1
811107002,0.013542373000000002,3
811198002,0.02553178,16
811203001,0.010152542,1
811215001,0.016932203,1
811222001,0.011,1
811222002,0.0075677965,2
811229001,0.05676271150000001,8
811235002,0.03364648828571429,7
811235004,0.025449152800000003,10
811239001,0.013542373,1
811262001,0.03727118666666667,3
811262002,0.030491525,1
811279002,0.021169491,1
811281001,0.02201695,1
811290001,0.013542373,1
811291004,0.016932203,1
811291008,0.013519774166666667,6
811291013,0.02201695,2
811291018,0.023512896304347827,23
811333001,0.008457627,2
811333003,0.008699757714285715,7
811333004,0.008312617633333333,9
811351002,0.10167797,1
811352001,0.015237289,2
811352002,0.02540678,4
811355001,0.061,4
811355002,0.0639661015,2
811368001,0.016508474875,8
811368002,0.016932203,1
811380001,0.06401130000000001,3
811385001,0.07869492,1
811388002,0.16779661000000004,7
811397005,0.013542373,1
811397013,0.024847458,10
811398005,0.008959510277777779,18
811398006,0.013468926666666667,6
811398007,0.006943126286666666,45
811398008,0.013387947333333334,9
811412001,0.048821536470588234,17
811412009,0.04770621647619048,21
811412010,0.046762714,5
811412011,0.04976003736842106,19
811419002,0.012966102,1
811428001,0.16779661,3
811428002,0.16779661,1
811448004,0.027101696,2
811455001,0.16333281545454545,11
811471001,0.005864407,1
811471003,0.011847458,1
811471004,0.007802454631034483,29
811471005,0.016932203,2
811500001,0.02961170996969697,33
811500002,0.0298252115625,16
811500007,0.030135593,3
811500008,0.030491525,2
811500010,0.030491525,1
811500011,0.030313558499999997,2
811525001,0.03327463546902655,339
811529001,0.0380186446,10
811529002,0.01647457614285714,7
811530002,0.011508474,1
811539001,0.04894607216363637,55
811573004,0.021694915,1
811598001,0.03218644,2
811634001,0.13139492260000002,10
811640001,0.10073634933333334,9
811644001,0.020322034,1
811644004,0.049106616924731186,93
811647001,0.014940678499999999,2
811649002,0.050020922937500004,128
811650001,0.059305083,3
811652001,0.042355932,4
811660001,0.04901744875,68
811660002,0.0481559334,30
811662002,0.059305083,4
811663003,0.016932203,1
811666001,0.06277195590909092,11
811676001,0.033881355,2
811679001,0.033881355,1
811683004,0.06438983000000001,2
811687001,0.042355932,1
811696001,0.029644068,1
811705001,0.033881355,2
811705003,0.033881355,1
811705005,0.033881355,2
811708001,0.050593221714285715,7
811708002,0.046254239200000005,5
811715001,0.03339472606666667,90
811715005,0.018627118,1
811715008,0.033150983057471266,87
811715009,0.03352576879591837,49
811719001,0.012048963962962964,27
811719002,0.023590799285714285,7
811719003,0.023288135833333334,6
811719005,0.02540678,5
811720001,0.024644067999999998,5
811720003,0.011847458,1
811738001,0.02201695,5
811738002,0.06721973267857143,56
811756004,0.0089830505,1
811761001,0.03374576183333334,6
811773001,0.021474577,4
811773002,0.0219216108125,16
811783001,0.031703389000000005,10
811783002,0.03364213008571429,35
811783004,0.03238722230769231,13
811783005,0.010043024384615386,13
811792001,0.083898306,1
811835001,0.028887457359999997,25
811835002,0.021468016064516128,31
811835003,0.02715780234482759,29
811835004,0.029818181545454545,11
811835005,0.029689971458333336,72
811835006,0.030112776692307688,26
811835009,0.015368421807017543,57
811857001,0.0213728815,2
811871001,0.013542373000000002,3
811871002,0.020322034750000002,4
811877002,0.03340678,1
811887001,0.01350338995,20
811891001,0.012949153,1
811899001,0.025008161,27
811899002,0.0335097775,26
811899003,0.04057917022368421,76
811900001,0.020004237625,8
811900002,0.0163144075,20
811907001,0.017120526962962963,27
811907003,0.016342064318181818,22
811907004,0.017967984333333336,9
811907005,0.015872881,4
811907006,0.023788634529411764,17
811907007,0.019679418742857144,35
811907009,0.016405782411764706,17
811907011,0.013619585814814815,27
811913001,0.010152542,4
811913003,0.019866102,10
811913004,0.010152542,2
811913007,0.013542373,1
811921002,0.02540678,2
811925001,0.021366425285714283,63
811925002,0.02149049896969697,33
811925004,0.02126121688235294,17
811925005,0.029934514318181817,22
811925009,0.028399515444444443,63
811925011,0.013542373,5
811927001,0.015093872871794872,39
811927002,0.014926988884615385,39
811927004,0.0116027122,25
811927007,0.021623411703125,64
811943001,0.21105327000000002,7
811953001,0.16947457,1
811953003,0.25254238,1
811958009,0.018618644,4
811958015,0.016943503000000002,3
811958016,0.022092450090909092,11
811958017,0.0193762714,5
811960001,0.00811864385,2
811960008,0.010152542,1
811964001,0.01761017,1
811993002,0.05040678116666667,12
811993003,0.05029876174626866,67
811993006,0.04921975606896552,29
811993007,0.050508476076923076,13
811993012,0.05083051,2
811993021,0.04982172135185186,54
811993022,0.05083051000000001,5
811993024,0.049397937782608696,23
811993025,0.04883176514814815,27
812004001,0.0203220335,4
812027001,0.02540678,1
812032002,0.011847458,1
812080001,0.03981356,2
812122007,0.015237288,2
812167002,0.04188135573333333,15
812167003,0.030491525,2
812167004,0.03886949135,40
812179004,0.06777966,2
812189002,0.008457627,1
812207002,0.032611379571428574,14
812207003,0.033709744812500005,16
812241011,0.017228814000000002,2
812262001,0.0389661,1
812263005,0.033881355,2
812263009,0.030728813,1
812271001,0.01284334152,70
812271003,0.014570803483870968,31
812271004,0.006762712,1
812294001,0.007011299433333333,3
812307001,0.0057457625,1
812362002,0.033881355,1
812363002,0.030491525,2
812363005,0.0163061438125,16
812363006,0.030491525,5
812363008,0.011338983,1
812363009,0.030491525,2
812364001,0.00496610158,5
812364010,0.004927360614285714,7
812364011,0.016932203,2
812364012,0.016394837938636362,44
812364013,0.016386506843137253,51
812373002,0.008457627,1
812373003,0.016254236999999998,4
812375001,0.010152542,1
812375003,0.015237288199999999,5
812375004,0.011847458,1
812375005,0.0101525425,2
812375006,0.008205811071428572,7
812375008,0.016932203,1
812375009,0.010152542,1
812375010,0.016932203,1
812375021,0.012694915000000001,2
812375022,0.015796611,1
812375023,0.0100169493,2
812375024,0.016932203,2
812376001,0.013909604333333334,3
812428001,0.018627118,3
812461002,0.050389832,2
812464001,0.00955084718,10
812479001,0.059305083,1
812495002,0.05083051,1
812507004,0.008457627,1
812530002,0.025265537055555554,18
812530004,0.010152542,3
812552001,0.02540678,1
812552002,0.013229755222222223,9
812552006,0.011508474,1
812554001,0.020322034,1
812599002,0.016762711,1
812608003,0.008457627,2
812658001,0.028740338839999997,25
812658002,0.017216427384615384,13
812659001,0.030491525,5
812660001,0.02484180822222222,9
812668001,0.03279045273247863,234
812668002,0.048886830375,96
812672001,0.05083051,1
812672002,0.05083051,2
812672003,0.05083051,1
812683013,0.02201695,1
812683014,0.042355932,2
812730001,0.0060480226666666664,6
812746001,0.0060847457,2
812818002,0.0834067788,5
812818003,0.031627118,3
812898001,0.027440678,2
812898002,0.028257626949999996,20
812911010,0.018864406,1
812928001,0.016932203,5
812953001,0.059305083,3
812970001,0.02201695,1
812984001,0.047440678,1
812984003,0.04066102,1
812998001,0.016254237,1
813016001,0.015237289,1
813016004,0.016932203,1
813051011,0.0092372885,1
813060001,0.016932203,4
813060003,0.016932203,1
813060004,0.015237289,1
813060009,0.011,2
813060012,0.013542373,1
813060015,0.015237287833333333,6
813060017,0.016932203,2
813094001,0.016932203,1
813094003,0.016932203,1
813094005,0.010152542,2
813094012,0.010152542,2
813110002,0.008457627,1
813113001,0.030491526666666668,3
813145001,0.030335901545454545,11
813180002,0.013542373,1
813221003,0.024305085,1
813242001,0.0050677964,2
813242003,0.006762712,1
813265001,0.030491525,4
813298001,0.030491525000000002,3
813329001,0.016932203,1
813359001,0.0050677964,2
813365001,0.012461864,40
813384001,0.013542373,1
813406005,0.0418983051,10
813406006,0.0243898305,2
813415001,0.0050677964,1
813415004,0.010152542,1
813420002,0.011847458,1
813421004,0.011915254,1
813436005,0.008212052653333333,45
813451002,0.013542373,2
813451005,0.024527417970588238,34
813504001,0.006762712,1
813504005,0.0074915253,1
813504008,0.0068728815,2
813504009,0.007969491339999999,5
813504010,0.007768361366666667,3
813504011,0.00741101685,4
813504012,0.0080847455,2
813504013,0.010152542,1
813504015,0.0094542372,5
813519001,0.0301525424,5
813538002,0.033518315806451614,31
813538004,0.06171186320000001,5
813557011,0.016932203,2
813557012,0.0143940675,4
813557015,0.016932203,1
813609001,0.016932203,1
813609010,0.015642184444444443,9
813609011,0.0147203385,2
813609013,0.015391371181818181,11
813609014,0.01659322,10
813613002,0.04189093604347826,23
813615001,0.013542373,1
813775006,0.029361582333333334,3
813775007,0.0322203385,12
813803001,0.0036497174333333334,6
813803005,0.0047084744800000005,5
813803006,0.0050677964,3
813803008,0.003937852966666666,3
813803009,0.004087166971428572,7
813804001,0.008457627,1
813804003,0.0050677964,1
813804012,0.006762712,1
813804015,0.0050677964,1
813898002,0.020322034,1
813901001,0.010152542,1
813993001,0.015237289,2
814003001,0.0060847457,2
814003003,0.018366855137777777,45
814010005,0.067567795,6
814016001,0.016508475,1
814116001,0.02156124479381443,97
814116002,0.021650629419354837,62
814116004,0.0216317096875,48
814116005,0.021331129195121954,41
814118001,0.02540678,2
814118012,0.02229661,2
814118013,0.020322034,1
814118014,0.0244830515,2
814120001,0.011339635246153846,26
814120002,0.011647700071428572,14
814129001,0.0130025424,20
814129002,0.01302277553125,32
814130001,0.0026949153,1
814131001,0.016932203,2
814153001,0.016180790666666667,3
814166001,0.008112994233333334,3
814216001,0.012694915,1
814224001,0.021171410981132073,53
814224002,0.021643286261538462,65
814224003,0.021737680046153843,65
814230001,0.02469907845614035,57
814230002,0.02475346718181818,55
814238002,0.006762712,1
814246001,0.0050677964,1
814266001,0.030491525,1
814281003,0.016471186,5
814293010,0.042355932,1
814298001,0.03138883323529412,17
814298004,0.03145386,9
814299001,0.011706214666666666,3
814299003,0.0135423726,5
814299004,0.014389831,1
814299006,0.016932203,1
814303001,0.03218644,2
814306001,0.0398135594,5
814306002,0.037892655000000004,18
814306007,0.04023728775,4
814306011,0.042355932,1
814307002,0.03439830475,8
814307005,0.033881355,1
814307010,0.038502824666666664,3
814307011,0.042355932,1
814307012,0.0381186435,2
814312010,0.02540678,2
814395004,0.011847458,1
814403007,0.02201695,1
814408002,0.011101695,2
814409003,0.008457627,1
814512004,0.02022034,1
814512005,0.021840678600000003,5
814512006,0.02081779725,4
814520001,0.06438983000000001,2
814526003,0.0166779655,2
814526005,0.016745763,1
814570001,0.02235593233333333,3
814570002,0.022864407,2
814570003,0.021135592666666665,3
814594001,0.0050677964,2
814594002,0.008457627,1
814594004,0.00803389835,2
814594005,0.008457627,1
814594008,0.0058135595,1
814594009,0.005174334214285715,7
814594020,0.008457627,1
814594021,0.008457627,2
814601001,0.033881355,1
814602001,0.032704599714285715,14
814602002,0.0336398295,4
814609001,0.024313559499999998,4
814614001,0.0063220337125,8
814614002,0.016932203,1
814620001,0.0835378267804878,41
814620002,0.08049152666666666,3
814620003,0.08088406832,25
814620006,0.08374318484782609,46
814631001,0.08254669410784314,102
814631002,0.08274706711538461,26
814631003,0.06540780706060606,33
814631004,0.08357839,8
814631006,0.08198422075862069,29
814631007,0.040841808,9
814635003,0.02201695,1
814635017,0.011847458,1
814641001,0.016603308833333334,42
814641002,0.014874091857142857,7
814641006,0.01677638022580645,31
814641008,0.016778304799999998,25
814649001,0.030491525,1
814650001,0.04965328065217391,46
814655001,0.015743643875,16
814658001,0.033881355,3
814667001,0.030351943764705878,17
814668003,0.0495593235,4
814684001,0.011847458,1
814684002,0.013542373000000002,3
814684003,0.013542373,1
814686001,0.022864407,1
814695002,0.02540678,3
814705001,0.033881355,4
814734001,0.05083051,2
814762001,0.033218108131578945,38
814762002,0.03348338916,25
814762003,0.011847458,3
814763001,0.02201695,2
814763004,0.02201695,1
814766001,0.013542373,4
814766002,0.012186441,1
814766003,0.021666667333333334,9
814766004,0.013542373,1
814770002,0.0133305085,4
814805001,0.0330338975,4
814805002,0.013316384333333334,6
814817001,0.033881355,3
814817002,0.025112994666666666,3
814833002,0.011847458,1
814833004,0.029376270866666665,15
814833005,0.03031714988983051,118
814877001,0.0060847457,1
814881001,0.012440678333333335,3
814881003,0.011847458,1
814881005,0.012661017,1
814890001,0.04623286760869565,23
814890003,0.04889346342857143,7
814896003,0.012676425363636364,11
814931001,0.008847457,1
814940001,0.018627118,1
814940002,0.020983052,1
814944003,0.0016779661,1
814964004,0.013305085,1
814966001,0.0050677964,1
814966003,0.004559322,2
814967002,0.0086327684,3
814980001,0.057853106666666675,3
814986001,0.042355932,1
814987002,0.084728815,5
814997001,0.030728813,1
815000001,0.02201695,1
815004004,0.042355932000000006,3
815004005,0.021355933,5
815024001,0.05083051,1
815026003,0.047440678,2
815029001,0.042355932,2
815038001,0.050701549000000005,23
815072001,0.02201694875,4
815072002,0.02540678,1
815079001,0.02201695,2
815079002,0.020867797,5
815092001,0.03291283228571429,7
815092002,0.033305086,1
815092003,0.032994349444444446,9
815092004,0.032864406066666664,15
815092005,0.033881355,3
815105001,0.023711864,1
815127001,0.15617514277777778,9
815157002,0.02201695,2
815157007,0.021683948764705883,17
815168004,0.033881355,1
815176001,0.025915254,1
815264001,0.02429856607692308,13
815264002,0.023676755692857144,14
815264012,0.025338983454545452,11
815264013,0.02350000025,8
815264014,0.02540678,2
815264015,0.010152542,1
815264016,0.02540678,1
815278006,0.05083051,1
815308004,0.03377966016666667,6
815309001,0.011847458,2
815309002,0.0112542375,2
815309003,0.011847458,1
815310001,0.024518361833333335,12
815310002,0.03353268714285714,7
815310004,0.013542373,4
815310005,0.0115830512,5
815330001,0.22097458,2
815338002,0.08146327722222221,9
815338003,0.07049152659999999,5
815354001,0.02201695,2
815433001,0.008457627,4
815434001,0.008457627,2
815446005,0.011186440833333334,12
815446006,0.011847458,1
815446021,0.011847458,1
815447006,0.011508474,1
815447007,0.006762712,3
815456001,0.04111864389285714,28
815456003,0.0407796608,40
815456004,0.04066101725,4
815456006,0.04174653318181818,22
815456007,0.04215092809523809,21
815456009,0.02540678,1
815456010,0.042355932,8
815456022,0.038039548166666666,6
815456028,0.042355932000000006,3
815463005,0.033881355,1
815471001,0.05020689147826087,92
815471004,0.0502946556923077,39
815535001,0.029644068,1
815535003,0.05188982925,4
815537001,0.03190395416666667,6
815540001,0.041728813,3
815541001,0.050777967300000004,10
815542001,0.02195762775,8
815542002,0.04229661,8
815549001,0.0332033912,5
815549002,0.05083051,1
815550001,0.042355932,9
815550002,0.041134180416666666,12
815550003,0.042089205789473685,19
815563002,0.016932203,1
815563003,0.013316384333333334,6
815564002,0.0335084736,5
815570001,0.02540678,1
815571001,0.042355932,13
815571002,0.029968522714285715,7
815572001,0.042355932,2
815572002,0.016016949,1
815579001,0.030491525,1
815580001,0.04084180766666667,12
815580002,0.04077777744444444,9
815629005,0.03648305005555555,18
815629006,0.0389661,4
815641002,0.014516949000000001,2
815669001,0.0412966105,4
815669002,0.039007909199999996,15
815669008,0.04023728785714286,7
815669009,0.0402838985,4
815703005,0.033881355,1
815727002,0.0043898304,1
815727005,0.0016779661,1
815796002,0.05010411771428571,7
815808001,0.05004597779178886,341
815808003,0.023711865,2
815808004,0.049410278333333335,63
815833008,0.03319943436666667,60
815848001,0.0545254243,10
815848002,0.084728815,1
815851001,0.06550114440540541,74
815882001,0.0665864412,5
815883001,0.09955508841666667,48
815902001,0.047817798,12
815902004,0.049385594166666665,12
815902005,0.04563689815384615,26
816075003,0.010152542,2
816083001,0.049808345476923074,65
816083007,0.04998305175,8
816098001,0.020519774833333334,6
816111001,0.029992176923076923,13
816111003,0.02887909593333333,15
816111004,0.02954716256521739,46
816111019,0.028101696,1
816151002,0.059305083,1
816166001,0.03218644016666667,6
816166002,0.03181355859259259,27
816166003,0.0210406788,5
816166004,0.024203389214285716,14
816166005,0.029448500307692308,13
816166008,0.018442151217391307,23
816166009,0.033881355,1
816166010,0.025350282000000002,3
816166011,0.02867584675,16
816175001,0.023923729166666668,6
816175002,0.023957627000000002,2
816215001,0.042355932,2
816229001,0.012610169,1
816240003,0.023033898,1
816241002,0.011738592307692308,26
816241004,0.024983051,4
816241006,0.011726392571428572,14
816248002,0.010152542,1
816265002,0.034562312676470586,34
816336003,0.030491525000000002,6
816336005,0.02798728775,8
816342001,0.0033728813,1
816350001,0.28915253333333335,9
816355001,0.03410734333333333,3
816355003,0.03627602857142857,7
816368001,0.054661017,1
816397001,0.134983048,5
816423001,0.0166636654375,32
816423002,0.018410039346153848,26
816423003,0.021220339074074075,27
816423004,0.0251781393877551,49
816423005,0.013202179214285714,14
816423011,0.024723598615384614,13
816423012,0.008457627,8
816431001,0.016932203,2
816431003,0.006762712,1
816437002,0.025783428,9
816448002,0.06475706166666667,6
816485001,0.015237289,1
816487001,0.02540678,2
816490001,0.10167797,2
816490002,0.10167797,1
816494001,0.0677796615,2
816494003,0.11664971583333333,6
816511003,0.016932203,1
816511004,0.013542373,1
816521001,0.02422033917647059,17
816521002,0.014358505138392857,112
816521004,0.013834867121428571,70
816521005,0.02312904490909091,44
816563001,0.024814537403846152,104
816563002,0.023886064361111112,36
816563003,0.0211165255,16
816563004,0.0179336866625,80
816563005,0.022787637529411764,17
816563006,0.023933677521739128,23
816563009,0.013314089078125,32
816586002,0.02454127964516129,62
816586003,0.017384180333333336,3
816586006,0.02468908921875,32
816586020,0.01857318909090909,11
816587003,0.033075329111111114,9
816587005,0.032341101125,16
816587011,0.032509684642857146,14
816588001,0.006475869072881356,118
816588005,0.010015065555555556,9
816588006,0.006573446383333333,6
816589002,0.0025254237,2
816591001,0.008148433427272728,33
816591003,0.007414602415384616,13
816591005,0.008457627,5
816591010,0.010364406999999999,2
816591012,0.00828813554,5
816591013,0.011847458,2
816591015,0.008202805279310344,29
816592007,0.013355932277777777,9
816592008,0.016273069666666667,9
816594002,0.010152542,1
816597006,0.0304915255,2
816597007,0.029644067000000003,4
816597008,0.016932203,1
816597009,0.03275141166666667,3
816598001,0.0421661016,5
816598003,0.03757627066666667,6
816598004,0.0417322034,10
816598007,0.04126314655128205,78
816598008,0.04136317863043478,138
816598013,0.041030190765625,64
816602004,0.04020000073333333,15
816604002,0.02540678,1
816612001,0.006762712,1
816612002,0.0058757059333333335,3
816617002,0.018627118,1
816657001,0.02540678,2
816686002,0.032186440000000004,9
816686004,0.03264406715384616,39
816705003,0.0202474578,5
816737001,0.05083051,1
816737002,0.043877119625,8
816746001,0.017888492368421053,38
816752001,0.0216016955,2
816752003,0.0291355928,5
816754007,0.019567796999999998,2
816754008,0.01761017,1
816754009,0.019994350666666667,3
816759001,0.016932203,3
816759002,0.016209038999999998,3
816759003,0.016932203,1
816759006,0.010152542,3
816759015,0.016418079,3
816759022,0.006491525539999999,5
816759029,0.01576082861111111,9
816790001,0.016932203,1
816790003,0.011847458,1
816794001,0.023411622285714286,7
816794002,0.02540678,1
816794004,0.023717514,3
816805001,0.013542373,2
816805002,0.015237289,3
816805005,0.010525424,1
816814001,0.0482881375,4
816824001,0.0055762710400000005,5
816828001,0.004220339,2
816832001,0.02497506682231405,242
816832002,0.024889143648648648,37
816832003,0.024235077521739132,23
816832005,0.023681877538461536,13
816832006,0.0223559324,5
816832010,0.02506019148717949,78
816832011,0.02524564361971831,71
816832012,0.024938334170212767,47
816841001,0.013542373,1
816841003,0.022016949999999997,6
816841004,0.03313873111111111,27
816841005,0.030491525,1
816841006,0.0165847454,10
816845001,0.03370795230769231,13
816846001,0.016237289,1
816887004,0.033881355,2
816908001,0.017053269428571428,7
816911001,0.024559321500000002,4
816915001,0.015237289,1
816915003,0.027971751666666666,3
816919001,0.006762712,1
816919002,0.0033728813,1
816919006,0.0033728813,2
816919009,0.013262482959459459,37
816919010,0.013542373,1
816919013,0.01301248894736842,19
816932001,0.030491525,2
816933001,0.0228204456875,32
816933002,0.0241101695,2
816933003,0.013542373000000002,3
816934002,0.016932203,3
816934004,0.016932203,4
816934005,0.013542373,1
816938001,0.013542373,1
816938002,0.018429025625,16
816938003,0.015025424499999999,8
816938004,0.02201695,4
816938006,0.021629944166666665,6
816940001,0.02201695,1
816953001,0.009625577672727273,11
816953002,0.008711864350000001,6
816953004,0.008905367133333333,12
816962001,0.030105085799999997,5
816968001,0.02201695,2
816968002,0.02201695,2
816970001,0.033811439750000005,8
816980004,0.010152542,2
816980007,0.0084745764,4
816995001,0.02540678,1
816995002,0.02540678,2
817015001,0.01138983,1
817015002,0.013550847500000001,2
817032003,0.02201695,2
817047001,0.0504879315,66
817047002,0.025043583857142858,7
817049001,0.02201695,1
817049004,0.02201695,2
817053001,0.024728813866666664,30
817053003,0.023711864666666665,3
817053006,0.02540678,4
817053007,0.02540678,4
817058001,0.021134701789473683,19
817067001,0.011864406666666667,3
817067002,0.011364406835714285,14
817067003,0.013542373,2
817069001,0.0148135601,15
817069002,0.01662499975,8
817079001,0.016932203,1
817086001,0.025632769166666666,18
817086002,0.024790447818181818,11
817095001,0.010152542,1
817109001,0.006762712,1
817110001,0.029124858533333336,60
817110002,0.03140369722727273,22
817110005,0.01655241650462963,108
817124002,0.03907203425,4
817124005,0.042355932,2
817150002,0.0118474575,2
817150003,0.012751412583333335,12
817150004,0.009337570500000001,12
817150005,0.013201849090909091,11
817152001,0.02462557809090909,11
817161003,0.008457627,1
817166001,0.00832659703846154,26
817166003,0.006103107208333334,24
817166007,0.0043229753833333336,18
817176002,0.033881355,1
817181001,0.02534321975,4
817181005,0.023711864,7
817198001,0.01202905547857143,14
817210001,0.042231637999999995,3
817213002,0.0060847457,2
817213004,0.0059491526,2
817219001,0.019192090499999998,6
817228002,0.008457627,1
817257001,0.015237289,1
817260006,0.05538331092307692,13
817274001,0.040949151999999996,3
817274002,0.042355932,1
817280001,0.010152542,1
817280005,0.010152542,1
817280007,0.016932203,1
817280008,0.010152542,1
817285001,0.047440678,2
817285002,0.033881355,1
817295001,0.0050677964,1
817295003,0.006762712,1
817352003,0.04826466866666667,39
817352006,0.030306626454545457,11
817353002,0.019009580108695655,46
817353003,0.028717215947368424,19
817353006,0.02527300275,28
817353007,0.0171408901875,16
817353008,0.023321356520000003,50
817353009,0.017360169125,16
817354001,0.024601249203508774,285
817358001,0.03347327176923077,26
817361002,0.033966101916666665,12
817361006,0.0354226694375,16
817361007,0.023933145444444446,72
817361008,0.041153071921875,64
817374003,0.023711864,2
817378001,0.04066102,1
817393001,0.033881355,1
817401001,0.020376793307692306,65
817401002,0.03206169412,25
817401003,0.021533247102564105,39
817401004,0.03307982432258065,31
817401006,0.033881355,6
817416001,0.028174576200000002,20
817416002,0.0274343215,8
817416004,0.024573850214285715,14
817416005,0.032374764,9
817417002,0.030491525000000002,3
817417005,0.016092009714285715,7
817472001,0.01576836122222222,9
817472002,0.01420788626734694,49
817472003,0.01338559315,12
817472004,0.006706053405714285,35
817472005,0.016671802386363635,44
817472007,0.01674152525,4
817472008,0.016765536416666667,12
817472009,0.006585901486363636,44
817477001,0.025214176,11
817477002,0.024135593599999998,5
817477003,0.024915255,2
817477005,0.024347457875,8
817484004,0.017403389400000004,5
817484005,0.048474577466666675,15
817491001,0.014988701166666667,6
817491002,0.0304915255,2
817491004,0.021891949875,24
817491006,0.027214688666666667,15
817497001,0.022016949999999997,3
817533001,0.03282203325,8
817557002,0.03369361061538462,13
817595001,0.016615818666666667,3
817657001,0.013161582033333334,15
817664001,0.026796611,1
817693002,0.02540678,2
817693004,0.024898305500000002,2
817709001,0.05083051,1
817724001,0.006762712,1
817727001,0.0043898304,1
817736003,0.024406152185185184,27
817736004,0.013316384305555555,18
817736006,0.01376338996,25
817736007,0.0139779662,10
817752001,0.06616464835714286,14
817777001,0.03330725696153846,78
817779004,0.042355932,2
817817003,0.02201695,1
817820002,0.030491525,2
817820003,0.016932203,1
817827001,0.0235,2
817827002,0.022864407,2
817828002,0.02540678,1
817834002,0.021981882629310345,116
817834005,0.02167796666666667,3
817855002,0.01341807925,6
817867001,0.013542373,1
817906001,0.010152542,1
817954003,0.04722712,10
817962003,0.0495593235,4
817962004,0.0211694915,2
817972001,0.05083051,12
817972002,0.0386271196,15
817992001,0.033881355,1
817992002,0.06777966,4
818015002,0.010152542,1
818024001,0.011722167156862745,51
818024002,0.011795873608695651,23
818024004,0.01293597,9
818029001,0.011282486,3
818029002,0.011372881599999999,5
818029003,0.011739830745,20
818030001,0.016535043229729728,37
818030002,0.016256602058139537,43
818031001,0.008268064157894738,38
818031002,0.01002941144117647,34
818031003,0.0100709741875,16
818031004,0.007907990264285715,28
818032001,0.015867913379310344,29
818032003,0.0169173725,16
818032008,0.01434947519047619,21
818036001,0.0095703389,20
818036002,0.01349394642857143,7
818036003,0.008340767068421052,19
818059001,0.02403201577777778,9
818059002,0.034728814,4
818059003,0.02162542425,20
818059004,0.025192090666666667,3
818059005,0.0352372884,5
818059007,0.032973635,9
818059010,0.0243966104,5
818059011,0.026536724,6
818059012,0.016610169,2
818086002,0.016262711625,4
818086004,0.020548023333333335,3
818086016,0.02201695,1
818162002,0.025406779,2
818162006,0.029926553333333338,3
818162007,0.0330338975,4
818162008,0.025406779,2
818166001,0.020322034,1
818190001,0.048288136800000006,5
818255001,0.004084746,1
818264002,0.0194745765,4
818264004,0.024276836666666666,3
818313001,0.042355932,1
818313004,0.042123486142857144,7
818320001,0.040941384125,24
818326002,0.033881355,1
818329001,0.03274999925,4
818355003,0.02201695,2
818378001,0.06777965857142858,7
818391001,0.04218220325,4
818391002,0.021896893333333334,24
818391004,0.04045197733333333,3
818391005,0.041915254222222226,9
818397001,0.0330290953,60
818397004,0.032719660260000005,50
818397005,0.031894362837209304,43
818403001,0.01300663256521739,23
818403008,0.00959322,1
818528001,0.042355932,2
818528002,0.042355932000000006,3
818528003,0.042355932,2
818528004,0.033457626666666664,3
818555002,0.029101694,1
818600001,0.013233051,8
818605005,0.0050677964,1
818614001,0.02493644095,20
818614003,0.0240508476,10
818614005,0.02540678,2
818614006,0.023542373,1
818614007,0.02474445923076923,13
818621001,0.167084746,5
818621004,0.16381489752631578,38
818621005,0.1653068085423729,59
818621006,0.16779661,2
818671001,0.051677966500000005,2
818673001,0.10167797,1
818674002,0.030491525,1
818674003,0.030491525,1
818692001,0.009305085,1
818737001,0.011737288,2
818754001,0.01672993696685083,181
818754002,0.01670195045283019,53
818754003,0.013542372666666665,3
818754004,0.016731991234375,128
818754007,0.016448210633838382,198
818764001,0.016932203,1
818768001,0.030917372499999998,8
818768002,0.03321751361111111,18
818768005,0.03273402807692308,13
818768006,0.0332022592,15
818779001,0.025127411103448273,29
818779002,0.007295668611111111,9
818779003,0.0075819209444444435,18
818792001,0.025283293285714287,14
818792002,0.023293488105263157,19
818792003,0.0245432207,20
818810001,0.0060847457,1
818886001,0.015237289,2
818886002,0.023711865,2
818886004,0.02201695,1
818947001,0.021640302,9
818947005,0.01919209033333333,3
818947008,0.025322033,2
818972001,0.006762712,4
818972002,0.012062954142857144,7
818978001,0.059305083,1
818982001,0.02175706266666667,3
818986001,0.015237289,1
818988001,0.008286594663636364,11
819004001,0.008231332967567567,37
819004002,0.00822598867,30
819011001,0.02201695,1
819048001,0.02500968557142857,7
819051001,0.0121864408,5
819074001,0.050474576800000004,5
819082002,0.02201695,1
819099001,0.020322034,1
819113001,0.029969163151612903,310
819113002,0.011809322333333332,12
819113003,0.030050684134615382,104
819113004,0.0112881358,5
819113007,0.030491525,1
819137001,0.050540679399999996,10
819139001,0.02201695,1
819140001,0.045745765,2
819141001,0.05066101766666667,3
819231001,0.0635423735,2
819231002,0.027101696,1
819231003,0.084728815,15
819233001,0.005067796649999999,2
819256001,0.016932203,2
819259001,0.030135592,1
819317001,0.013542373,1
819333001,0.0550677965,2
819334001,0.0050677964,1
819339002,0.033881355,2
819339003,0.01761017,1
819404001,0.041991525,4
819423001,0.015237289,1
819423004,0.022838579761904763,21
819429001,0.011847458,1
819462001,0.015237289,11
819500001,0.13557628,5
819500002,0.12427684333333333,3
819508004,0.042355932,1
819509001,0.08585875999999999,3
819520001,0.021683061134215503,529
819520002,0.02178127996482412,199
819520005,0.02137325052173913,46
819520008,0.021699609607692308,130
819521001,0.02201695,1
819547001,0.03138101714,50
819547002,0.016086158083333333,12
819826002,0.0420169504,10
819836001,0.06777966,3
819851004,0.011,1
819866002,0.009644067666666667,3
819910001,0.01347919890909091,11
819910002,0.013542373,7
819910003,0.013131356,4
819910005,0.013542373,1
820016001,0.00455084755,4
820021001,0.025971751333333334,3
820021002,0.033881355,4
820032001,0.021200000533333332,15
820032003,0.00968870029,30
820032005,0.02152944620338983,59
820032006,0.021282486666666666,3
820037001,0.138559322,2
820058002,0.016932203,3
820065001,0.037869249714285715,7
820100001,0.030491525,2
820112001,0.042355932,1
820114001,0.013542373,1
820135001,0.018711865,1
820139001,0.05083051,3
820168001,0.058470809444444445,9
820225001,0.029644068,1
820250001,0.042355932,1
820308001,0.010152542,3
820308002,0.009161017,2
820308003,0.00820339,1
820308004,0.0152711862,10
820337001,0.021677965799999997,5
820340001,0.0074406781000000005,4
820340002,0.0071864408,1
820340004,0.008457627,1
820385001,0.013704600999999999,7
820428001,0.02430378123076923,13
820428003,0.03340678,1
820431001,0.02201695,1
820436001,0.016932203,1
820442001,0.0199050852,5
820462002,0.013542373,2
820462007,0.010881356,2
820462013,0.013542373000000002,6
820464002,0.0160847455,4
820476001,0.018966101666666665,3
820480005,0.011347458000000001,2
820483001,0.0066271188,2
820483003,0.006762712,2
820483004,0.006762712,2
820483005,0.0063135595,2
820484001,0.021362177263157894,38
820484002,0.015562890684210526,19
820484003,0.021655995666666667,54
820484004,0.009003791284210527,76
820484007,0.021692870396551725,58
820484009,0.008457627,1
820487001,0.027050847500000003,2
820498001,0.016932203,1
820505001,0.013542373,2
820505002,0.013542373,2
820505003,0.013395480333333334,6
820507001,0.006762712,1
820507003,0.009644067857142858,7
820507005,0.0057499999875,8
820508001,0.009966101500000001,4
820508002,0.011847457333333334,3
820526002,0.010830509,1
820526006,0.02494067833333333,12
820526007,0.02273533276923077,13
820540001,0.010152542,2
820541001,0.01078389795,20
820542003,0.011847458,1
820542014,0.016932203,2
820549001,0.05188982925,8
820549002,0.0303220336,5
820551002,0.013542373,1
820563003,0.00888135585,2
820563007,0.015237289,1
820570002,0.042355932000000006,6
820572001,0.02996983816535433,127
820572002,0.0257457625,12
820572005,0.03029961693548387,31
820572011,0.01412241077777778,9
820601001,0.013542373,1
820611001,0.014898305,1
820613001,0.02438087644025157,159
820613004,0.024635682684210528,95
820630001,0.008343074117241379,29
820630002,0.020322034,1
820639001,0.031050847,2
820642001,0.10167797,2
820652001,0.01640678,1
820652003,0.02201695,1
820671001,0.01510495426923077,26
820712003,0.02177966,1
820712004,0.03020903966666667,3
820712007,0.033881355,2
820727001,0.080644071,6
820727002,0.09862712200000001,5
820727005,0.08133899,1
820732001,0.1013813595,8
820827001,0.04146106255405405,74
820827002,0.04024114013636364,22
820853006,0.013542373,1
820858001,0.01489225257142857,14
820858003,0.04998305233333333,6
820865002,0.030491525,1
820866001,0.008408320397727273,44
820866002,0.010066737000000001,16
820866008,0.006762712,1
820866011,0.006762712,4
820867001,0.033881355,1
820874001,0.014669491,2
820899001,0.03007263885714286,14
820899004,0.02934745725,4
820906002,0.04949717633333334,12
820944002,0.015237289,1
820960001,0.013542373000000002,3
820960002,0.013542373000000002,12
820960003,0.013542373,8
820960004,0.012785824454545456,11
820988001,0.033881355,1
821009001,0.05271751366666667,3
821018003,0.050610169999999996,2
821019001,0.016932203,6
821023002,0.05083051,1
821046001,0.014672316999999999,3
821057001,0.011847458,1
821060001,0.02540678,1
821060007,0.016084745333333334,6
821062001,0.040898304866666665,15
821107001,0.017638417666666666,6
821107002,0.041640678,5
821107005,0.03670621466666667,3
821115002,0.033881355,1
821115003,0.031745762090909097,11
821115005,0.033881355,2
821115007,0.033881355,2
821118001,0.10167797,3
821118004,0.10167797,1
821140001,0.024879349092105263,76
821148001,0.01025642405483871,31
821148003,0.018627118,4
821148005,0.010152542,1
821152001,0.024879237525,40
821152002,0.024981608638297875,47
821152003,0.025128961217391305,23
821152004,0.024098466714285716,21
821163003,0.011997789391304347,23
821163008,0.014578155055555554,9
821163009,0.023590799285714285,7
821163010,0.01322485885,30
821199001,0.02201695,2
821304002,0.030491525,1
821304003,0.013542373,1
821336001,0.013952542433333333,30
821336002,0.032279419514285715,35
821336003,0.020137804347826086,23
821336004,0.025005351842105263,19
821336005,0.01729001951851852,27
821338001,0.012677966181818183,11
821338002,0.012355932,1
821338003,0.0226525425,4
821338004,0.024135593333333333,3
821341001,0.04488581747368421,19
821395003,0.015363195857142856,7
821395005,0.016365046174528303,212
821395006,0.008457627,1
821395007,0.013542373,1
821395014,0.016173175897826086,46
821397001,0.012694915,1
821397002,0.0114237285,2
821397007,0.02509693213868613,274
821397008,0.025077575294871795,156
821398001,0.016672512617391305,115
821398002,0.01638713378409091,88
821398009,0.016394988739130433,69
821406001,0.06541092991836735,49
821417002,0.04996489242857143,14
821417004,0.049508475272727274,11
821508001,0.033294726999999996,18
821512001,0.018627118,2
821513001,0.023668506325581398,43
821513002,0.017406779666666667,3
821513004,0.024677966000000003,2
821513005,0.024698196000000002,31
821581001,0.05083051,1
821619001,0.05897740033333334,3
821648004,0.013542373,1
821663003,0.025361582333333337,3
821663005,0.014873195962962962,27
821673001,0.031096045888888885,9
821731001,0.02540678,9
821745001,0.01610169475,4
821745002,0.0444745775,4
821746001,0.019786972823529415,51
821759001,0.055137286949999996,20
821760001,0.013474576,1
821845002,0.013542373,1
821845006,0.016932203,2
821859001,0.015237289,1
821886001,0.10167797,2
821886002,0.10167797,4
821886004,0.10167797,1
821886005,0.099983052,2
821902001,0.030491525,1
821902002,0.03346186475,4
821902004,0.02176717289473684,19
821911001,0.05083051,1
821911002,0.02201695,2
821911004,0.0387762716,5
821914001,0.06777966,4
821914002,0.06777966,2
821940002,0.011237288,1
821993002,0.026796610666666665,3
822017002,0.021621959826086955,23
822022001,0.06777966,3
822031003,0.026432204,2
822043001,0.016932203,2
822091001,0.011508474,1
822101001,0.0042966101375,8
822101003,0.0043898304,6
822115001,0.02540678,3
822115004,0.0247462119602649,151
822117003,0.025402543,4
822117004,0.023516949000000002,4
822118002,0.0185338985,4
822126002,0.047711864,1
822127004,0.013542373,2
822148001,0.029700564333333335,6
822148003,0.042355932,5
822158001,0.05626271092857143,14
822158002,0.02295291866666667,9
822158003,0.056149151200000004,10
822171001,0.025159061692307694,13
822171002,0.047440678,1
822180001,0.04193845495081967,122
822180003,0.015720784736842103,19
822186001,0.027101696,5
822199001,0.03342561144444445,9
822199003,0.027101696,8
822199004,0.026550848333333335,6
822199005,0.06519357605263158,19
822199006,0.0609999985,4
822201001,0.032194916000000004,2
822201002,0.0062033897,1
822203005,0.021100096635849056,53
822205001,0.05820338916666667,6
822206003,0.027101696,1
822207002,0.04974953044444445,27
822207003,0.049816738625,16
822211001,0.05083051,1
822237001,0.04021374738888889,18
822237002,0.0167203387,20
822238001,0.024871671142857144,14
822238002,0.024655624363636365,44
822238003,0.02247570646666667,15
822261001,0.02540678,3
822311001,0.013358075310344828,87
822311002,0.013542373,1
822311003,0.006762712,1
822311009,0.013111473384615383,52
822311010,0.006762712,3
822311011,0.013271621153846155,39
822311012,0.013394311425287356,87
822311016,0.013420197854166668,24
822311017,0.013321092305555554,18
822344001,0.03296463416826923,208
822344002,0.033881355,8
822344003,0.013542373,1
822344004,0.033881355,5
822344008,0.03328713785294118,34
822344009,0.03317334288636364,44
822344010,0.03329058307777778,90
822344012,0.03347868433333334,66
822345001,0.06681167555555556,9
822345002,0.06777966,1
822346001,0.07955367144444445,9
822351001,0.01116949175,4
822355001,0.09930414614285715,126
822355002,0.09239951819047619,21
822361002,0.013542373,2
822378001,0.059107343,12
822382003,0.010152542,2
822389001,0.042355932000000006,3
822404002,0.021169491,1
822416001,0.0080974575625,8
822416002,0.008028248533333334,3
822495003,0.0050677964,1
822552003,0.02540678,3
822568001,0.023747118839999998,25
822568005,0.024652542666666666,24
822573003,0.010661017,4
822573005,0.013542373,1
822573006,0.011056497333333333,3
822711001,0.02540678,3
822725001,0.042355932,1
822850002,0.030491525,4
822860002,0.0580372866,10
822861002,0.02201695,2
822862002,0.031762713,2
822888002,0.032917335,57
822895001,0.02504432884615385,13
822895002,0.03018822442105263,19
822917001,0.10094068,2
822926001,0.008457627,1
822946001,0.016603636729166666,96
822946002,0.029220338666666665,12
822957002,0.02540678,6
822957004,0.020322034,1
822959001,0.048722487173333336,75
822976002,0.022016949999999997,3
822976004,0.015237289,4
822977001,0.084728815,1
822992001,0.020355932,1
822992003,0.033881355,1
823060001,0.033881355,6
823066006,0.026423728999999996,3
823070004,0.0148101694,10
823070005,0.012084746,1
823070006,0.010152542,1
823070007,0.016932203,1
823095001,0.032186441333333336,3
823095002,0.0297669495,4
823112001,0.118627116,1
823118001,0.014950793483870966,31
823118002,0.014612777615384615,13
823118003,0.013259887,3
823118004,0.025230152,19
823163002,0.040708097666666665,9
823165001,0.0133754238,40
823165002,0.024841808333333337,6
823165005,0.02518926588888889,18
823168002,0.015879237125,16
823168003,0.0165307199375,16
823168004,0.015237289,2
823168005,0.012749331157894736,19
823168006,0.015322599499999999,30
823168008,0.013399800823529413,17
823178001,0.016932203,1
823180003,0.03382324371428572,7
823189001,0.02201695,1
823190001,0.025335593400000002,10
823198001,0.042355932,1
823199001,0.0215127125,4
823212001,0.030305084333333333,3
823258001,0.033881355,1
823277001,0.033881355,1
823278001,0.042355932000000006,3
823306001,0.033881355,1
823306002,0.013542373,1
823307001,0.02540678,2
823324001,0.015519774166666667,6
823324002,0.022016949999999997,6
823324004,0.05043615926666667,15
823330001,0.059305083,1
823332003,0.011847458,1
823359001,0.030135593,2
823359003,0.059305083,1
823359004,0.05762711725373134,67
823359005,0.05882341204651163,43
823365001,0.042355932,4
823365002,0.030491525,5
823382001,0.004220339,1
823392002,0.016932203,1
823414001,0.021135594,5
823414002,0.020121066,7
823420002,0.033881355,1
823427001,0.02540678,5
823430001,0.013542373,1
823436001,0.0179311439375,16
823436002,0.013964219074074073,27
823458001,0.02201695,1
823494001,0.013542373,1
823505001,0.029266779320000002,50
823505002,0.016720742142857143,21
823518001,0.030908474499999998,30
823518002,0.02540678,8
823588004,0.015237289,1
823597002,0.020553672666666665,3
823597003,0.02201695,2
823597005,0.02201695,1
823611001,0.020322034,1
823611002,0.0125254235,2
823663001,0.016932203,1
823664001,0.014508475,1
823671001,0.027101696,4
823685002,0.01761017,1
823704001,0.020322034,2
823707001,0.010152542,1
823723001,0.084728815,1
823741001,0.033776835666666664,6
823763001,0.013542373,1
823763002,0.013542373,2
823763003,0.013293785666666667,3
823772002,0.033881355,2
823789002,0.033881355,1
823791001,0.022016949999999997,3
823791002,0.026178736818181815,11
823791006,0.0310847465,2
823791009,0.034446326666666666,3
823791013,0.03436582008333333,12
823793001,0.021655367,3
823793002,0.02536158133333333,3
823798001,0.0333220345,2
823820001,0.00819491515,4
823827001,0.011847458,4
823827002,0.00681355935,2
823850002,0.009949152,1
823860001,0.118627116,8
823872001,0.013542373,2
823922002,0.028457627,3
823926001,0.006525423675,4
823956001,0.013015065999999999,9
823956002,0.013280720437499999,16
823960003,0.022016949999999997,3
823963001,0.0115220342,10
823965001,0.0060847457,1
823971001,0.0052542374,1
823972001,0.02540678,6
823972002,0.02201695,1
823979001,0.0060847457,1
823986001,0.016030508399999997,5
823986002,0.016932203,7
824031001,0.00979661,1
824039001,0.06777966,2
824041001,0.05083051,2
824062001,0.02540678,1
824079001,0.030805084950000002,6
824085001,0.027101694333333332,3
824087002,0.07582034039999999,5
824118001,0.03308450951388889,72
824135002,0.011847458,1
824140001,0.006762712,2
824143001,0.10167797,6
824146001,0.0060847457,1
824146002,0.008457627,1
824146007,0.0050677964,1
824148001,0.015237289,2
824148002,0.015237289,3
824178001,0.016932203,1
824185001,0.038750847299999995,10
824192001,0.033881355,1
824194001,0.016932203,1
824194002,0.026014830375000002,16
824194003,0.015237289,4
824194004,0.024491524833333334,6
824194005,0.03131525340000001,10
824208002,0.033881355,7
824208003,0.03350282416666667,6
824227003,0.0049406778750000005,4
824238001,0.027529660749999997,4
824249001,0.013542373,1
824254001,0.05083051,2
824259001,0.013542373,2
824269001,0.006762712,1
824282001,0.05083051,3
824310001,0.0147966105,2
824312002,0.042355932,2
824334001,0.02540678,1
824334003,0.030491525,1
824337001,0.016720479875000003,120
824337002,0.015192797374999999,8
824337003,0.012956416571428571,7
824337004,0.010152542,1
824337007,0.014807204124999999,8
824340001,0.011721109727272727,11
824340002,0.013568567181818182,11
824340003,0.010152542,2
824340004,0.01429661,2
824340005,0.008273728755000001,20
824341001,0.015237289,1
824341002,0.0147864414,5
824351004,0.02540678,3
824352001,0.01313559325,4
824352002,0.00467796605,4
824352003,0.012334746,8
824352005,0.008406779666666668,3
824352007,0.016932203,1
824352008,0.008259887,6
824360001,0.021169491,1
824360002,0.02159321975,4
824360003,0.021282486533333332,15
824409002,0.010576271,2
824430010,0.016932203,1
824432001,0.008457627,1
824435003,0.006762712,1
824448001,0.010152542,2
824490001,0.024123550710526315,38
824490003,0.04060246618181818,11
824490006,0.03045197823809524,21
824495004,0.042355932,2
824495007,0.0246525425,2
824495008,0.025454237600000002,5
824499001,0.0407669488125,16
824499006,0.06649176349295775,71
824501001,0.013241910818181818,11
824526001,0.03314588328571429,28
824526002,0.02879661075,4
824526003,0.06777966,2
824526004,0.06653261330303031,66
824560001,0.008457627,4
824614001,0.08384180966666667,15
824614002,0.09744068166666668,6
824616003,0.006762712,1
824616007,0.006762712,2
824628003,0.005915254333333332,3
824642002,0.010152542,1
824657004,0.020003390200000002,5
824706001,0.012878531166666667,6
824706002,0.011898305,3
824742001,0.0506610185,2
824748001,0.010152542,1
824748002,0.006762712,1
824748006,0.010152542,1
824748007,0.009134856095652174,23
824752001,0.024424670703703705,54
824764001,0.024827749558139534,43
824764002,0.02540678,3
824764003,0.024211864607142856,28
824764004,0.024162712,10
824764005,0.016932203,9
824764007,0.017824345727272727,11
824764009,0.00828813554,5
824764011,0.0239788135,4
824764012,0.02497440363265306,49
824764013,0.025317797,8
824767001,0.02540678,4
824767002,0.017822034125,8
824767003,0.011138674727272728,11
824767004,0.015011299666666667,6
824774001,0.033881355,1
824778004,0.023949153333333334,3
824812002,0.016932203,1
824813001,0.010391713444444443,27
824821003,0.02540678,1
824832001,0.01164406811111111,9
824835001,0.027101694285714288,7
824896001,0.04856416614285714,7
824935001,0.048288137,2
824935002,0.04320339,1
824983007,0.010152542,1
824983013,0.010152542,1
824983014,0.010152542,1
824995001,0.024992863771929826,228
824995003,0.010152542,1
824995004,0.02510290580952381,42
824995005,0.02540678,2
824995006,0.024928547980392155,51
824995009,0.025185381640625,64
824997001,0.029985446439790578,191
824999001,0.016627118,1
824999002,0.0054067797,1
825005001,0.00803389815,2
825005002,0.012694915,1
825011001,0.013319612795238094,21
825056002,0.06438982925,4
825060001,0.0122881355,1
825063001,0.016932203,1
825070001,0.02540678,1
825070002,0.02540678,2
825086001,0.017588983125,4
825086002,0.009544583404347827,23
825107001,0.05083051,7
825107002,0.026621468666666665,3
825107003,0.05083051,2
825107005,0.048288137142857145,7
825107006,0.049619415363636364,11
825109001,0.032751411833333334,6
825109002,0.033376647111111116,9
825109003,0.0331694908125,16
825109004,0.033881355,4
825109005,0.03277683616666666,6
825109006,0.06725423666666668,3
825142001,0.0589449135,4
825169001,0.036133173428571426,7
825173001,0.023711864,1
825182002,0.03038559275,8
825189001,0.01654600457142857,14
825189002,0.011847458,1
825195006,0.03580226,3
825195007,0.066084745,6
825195008,0.06420550825,8
825200001,0.040497177333333335,3
825200002,0.09621186722222223,18
825243001,0.059305083,2
825312004,0.059305083,5
825312005,0.03368738166666667,9
825318001,0.0066453716999999995,13
825318005,0.0055254237,1
825318007,0.014268764857142858,7
825318008,0.01618711846,25
825318009,0.007101695,5
825367002,0.020322034,1
825412001,0.02540678,2
825437001,0.0489661026,10
825437002,0.033881355,1
825437007,0.05083051,4
825437009,0.05083051,2
825471003,0.04219067825,4
825471005,0.02540678,5
825509004,0.011830508600000001,5
825509009,0.012412429333333334,3
825509010,0.013209039666666667,6
825533001,0.027011299333333332,6
825550001,0.016932203,3
825550002,0.02201695,9
825550003,0.016532203000000002,5
825550004,0.01665677975,4
825564001,0.01520955309090909,11
825564003,0.0050056499,6
825564005,0.016871186,5
825572001,0.011847458,3
825572002,0.02072639228571429,7
825573001,0.021734463666666665,3
825573003,0.016932203,1
825577001,0.025194915499999998,6
825577002,0.010152542,2
825577003,0.013542373,4
825577004,0.010237287833333332,6
825580001,0.016902542,16
825580002,0.016932203,15
825580003,0.0167065675625,32
825580004,0.0162542369,10
825581001,0.02540678,2
825581002,0.0241355935,2
825585001,0.024935133148148148,81
825585002,0.024812617999999998,18
825585007,0.024884134786885247,61
825585008,0.02424023608695652,23
825597001,0.030491525,1
825600001,0.013542373000000002,12
825600002,0.025023430029411764,34
825600004,0.025127118833333333,6
825624003,0.04146186425,12
825624010,0.04164971766666666,6
825642004,0.010152542,2
825650001,0.017050847,1
825688001,0.041406779,4
825688004,0.04084261514285714,7
825688005,0.016932203,1
825695001,0.08201695,1
825700003,0.03902711846666666,15
825708001,0.059305083,1
825708002,0.05702346646153847,13
825714001,0.023341807000000003,6
825719001,0.01651471863157895,19
825719002,0.01651506577777778,18
825719003,0.016213074857142858,7
825719004,0.016427360714285712,14
825720001,0.0081652541875,16
825720002,0.008256658714285716,7
825720003,0.008457627,7
825720004,0.008384180709090909,33
825720005,0.007847457,1
825720006,0.008457627,1
825720008,0.006974576266666667,6
825720010,0.008457627,1
825728001,0.03599102741176471,17
825728002,0.02540678,1
825744001,0.0120779662,5
825744002,0.013542373,2
825744003,0.013542373,1
825748002,0.010152542,1
825748004,0.008118644,1
825764005,0.009711864,1
825771001,0.025115873846153845,104
825771004,0.02497608982142857,56
825771005,0.02485546166666667,36
825771006,0.02412768393333333,30
825771007,0.024803705441860464,43
825772001,0.006197740033333334,3
825772003,0.00783389826,5
825781001,0.0675288128,20
825781004,0.13557628,7
825781005,0.134589838,5
825782001,0.03016706989795918,49
825783001,0.005745762783333334,6
825783002,0.006762712,1
825783005,0.0057966101749999995,4
825783007,0.00592881362,5
825783008,0.00608474585,2
825783010,0.006366362546153846,13
825811001,0.019757063000000002,3
825811002,0.0177994345,6
825811004,0.014665253833333334,12
825811006,0.02074576225,4
825831001,0.016807909,3
825831004,0.016932203,2
825903001,0.04107627,2
825909003,0.033398304000000004,2
825927001,0.029794726666666667,9
825927003,0.05032203550000001,20
825927004,0.016932203,1
825984001,0.030491525,1
825986001,0.011847458,2
825986002,0.009779661,1
825994001,0.05102542275,4
825994002,0.059174332571428574,14
825997007,0.02244067825,4
826000001,0.027101696,7
826000007,0.02470339,2
826018001,0.016367231666666666,3
826018002,0.015718643999999997,5
826027001,0.0627372878125,16
826027002,0.042355932,2
826033002,0.033881355,1
826033004,0.041936441500000005,4
826045004,0.016932203,2
826056001,0.0215932205,4
826069002,0.02038983,1
826069005,0.033881355,2
826150002,0.006762712,1
826150003,0.016567297764705884,17
826150004,0.016555555222222223,9
826150005,0.016895479833333334,12
826154002,0.012922034199999998,5
826154004,0.015237289,3
826164004,0.016932203,1
826164005,0.016367231666666666,3
826164009,0.016906779333333333,6
826164016,0.016432203066666665,30
826179001,0.033881355,1
826197001,0.0193050848,5
826197003,0.010152542,1
826200004,0.033881355,1
826203001,0.013338983099999998,10
826203002,0.013014124333333333,12
826205001,0.013382264071428573,56
826205002,0.013271599975609755,41
826205004,0.01322921719047619,21
826205011,0.013542373000000002,3
826209001,0.024693856208333333,48
826209002,0.01787651342857143,14
826211001,0.01150847475,4
826211002,0.030602904952380956,21
826213001,0.038118646,1
826213002,0.017881356,1
826213003,0.021169491,1
826218002,0.0050677964,3
826218003,0.006762712,1
826252001,0.02146878924390244,41
826252003,0.04220096842857143,14
826252004,0.018043583285714284,7
826492001,0.0323447027,80
826492002,0.03278761596938776,98
826492003,0.03211563017777778,45
826492004,0.033281279112359556,89
826492005,0.016875705833333334,6
826492006,0.018627118,8
826492007,0.020642606131034483,58
826492008,0.0101525426,4
826498001,0.033236480285714284,42
826498002,0.03293370933333333,45
826498003,0.032892513400000004,120
826500001,0.0264067805,6
826500002,0.0287966105,2
826500007,0.014414313333333333,9
826500008,0.021169491,1
826501001,0.02201695,1
826505001,0.03367160925,16
826505003,0.0327256348125,32
826505005,0.03363908194117647,17
826508001,0.016517890444444447,18
826508002,0.016152829457627117,59
826508003,0.012508254385714285,77
826508005,0.011045564432467533,77
826508006,0.011333333285185185,27
826508007,0.01661718275862069,29
826508010,0.01580912011904762,42
826508011,0.01643059997297297,37
826541001,0.05083051,1
826541002,0.05083051,1
826620001,0.01320339,5
826628002,0.019847457,2
826646001,0.01666828062406015,133
826646002,0.012694915000000001,2
826646009,0.016752039901234566,81
826646012,0.016672781352941177,85
826776001,0.0130000002,5
826811001,0.033881355,1
826832001,0.027101696,4
826835001,0.016593220925,4
826838001,0.0214661025,4
826838002,0.05083051,2
826851004,0.06947458,1
826883004,0.042355932000000006,12
826948001,0.042355932,1
826949001,0.011363196457142857,14
826949003,0.014508475,1
826949004,0.013259887,6
826955001,0.010152542,2
826955002,0.010152542,2
826955010,0.0033728813,2
826989001,0.008457627,1
827083001,0.019389831333333333,15
827083003,0.021515739000000002,7
827083004,0.008406779625000001,4
827141003,0.042355932,5
827141004,0.0382610172,5
827184001,0.01638983,1
827232001,0.050536724166666665,6
827242001,0.012406779,1
827256001,0.042355932,2
827267007,0.016932203,1
827267011,0.01615254266666667,6
827280002,0.016932203,1
827349001,0.033881355,3
827349002,0.024981840499999998,14
827359001,0.013542373,1
827359002,0.021734463666666665,3
827359003,0.02201695,9
827359006,0.022016949999999997,3
827359008,0.022016949999999997,3
827359015,0.016932203,5
827359018,0.022016949999999997,3
827370001,0.024656779923076924,52
827370002,0.024488412571428572,49
827370003,0.02502824885714286,21
827397003,0.015237289,8
827397009,0.013542373000000002,3
827411001,0.024839351804347824,46
827411005,0.010152542,1
827411006,0.023799601529411768,51
827420001,0.03263922557142857,7
827428001,0.021318527965517243,29
827428004,0.02127401191666667,12
827428006,0.02187853166666667,12
827480001,0.027118644,1
827487001,0.022016948799999998,5
827487003,0.04189954514634146,41
827487004,0.038372882,5
827500003,0.016932203,2
827500004,0.027937721465116278,43
827500005,0.02714043571428571,7
827526001,0.118627116,1
827572001,0.02540678,1
827572002,0.02540678,1
827594001,0.010152542,1
827606003,0.016932203,1
827625001,0.013542373,1
827632001,0.04266012605263158,19
827635001,0.04941388858064517,217
827635002,0.04945574527777778,108
827636001,0.033881355,2
827637002,0.033881355,1
827658002,0.037803874,7
827658003,0.04185362072727272,33
827680001,0.011,2
827681001,0.049420097952380955,42
827681002,0.02165692536206897,29
827682001,0.0067627117,3
827682003,0.011847458,1
827687001,0.021511347576271187,59
827687002,0.020087457880000003,25
827687003,0.009404121015686275,51
827687006,0.02510895928571429,7
827688001,0.038118645,2
827698001,0.015237288000000002,2
827704002,0.013542373,1
827704003,0.02201695,1
827704006,0.014672316333333333,3
827704007,0.013542373,1
827760001,0.03309569120833333,48
827760002,0.016388700266666667,15
827760003,0.033118643,1
827760004,0.0154343218125,16
827792001,0.0413995761,40
827792002,0.041469361076923075,39
827799001,0.0314646885,12
827799002,0.010602636205555556,72
827806001,0.0131525425,1
827824001,0.05083051,1
827833001,0.015237289,1
827838003,0.042355932,1
827838005,0.02137530285714286,7
827881002,0.033881355,1
827907001,0.02438418100952381,105
827907002,0.024908118105263156,19
827907005,0.024039547999999997,3
827907012,0.024883777500000002,14
827935002,0.011813559,2
827955002,0.084728815,1
827957002,0.026105932,4
827957003,0.025466101499999998,4
827957004,0.0135423735,2
827957006,0.030491525,2
827959001,0.021491526,1
827962004,0.0412397533090909,55
827968001,0.016576658503118503,481
827968002,0.016527542111842108,152
827968003,0.01660920065714286,35
827968004,0.01656867543360996,482
827968005,0.016277316734042552,47
827968007,0.006762712,2
827968016,0.0166177193,110
827968021,0.01669233479002625,381
828000001,0.02201695,1
828046002,0.06777966,1
828047001,0.007779661,2
828049001,0.03218644,4
828049002,0.034180791999999995,3
828050001,0.0166525425,2
828050002,0.01680296575,8
828058001,0.084728815,1
828067001,0.01324135602,50
828067002,0.013073011846153846,13
828067003,0.013416949266666667,15
828114002,0.0185423722,5
828114003,0.02501200525,24
828114005,0.025234867142857144,14
828116001,0.042169491428571425,7
828116003,0.04135084735,40
828130001,0.0050677964,1
828151001,0.016932203,1
828205001,0.059305083,1
828251002,0.04917124613793104,29
828251003,0.05023050975555556,45
828268001,0.04596973496428571,28
828268002,0.05045567275,52
828295001,0.015376020037037037,27
828295002,0.008697863004347826,23
828295006,0.0135423725,2
828295008,0.016617767137931033,29
828299001,0.02201695,1
828305001,0.02201695,1
828305002,0.0214661025,4
828465002,0.042355932,2
828470004,0.02183521711111111,18
828470005,0.015237288,2
828499001,0.010152542,1
828499002,0.010152542,1
828499006,0.012694915,1
828531001,0.0065635595,4
828533002,0.015237289,1
828533003,0.013542373,1
828536001,0.041108958785714286,42
828536002,0.04191134276923077,13
828536003,0.040676553416666664,12
828536004,0.04022824839999999,15
828553002,0.03176271,1
828619001,0.018627118,1
828624001,0.012355932,2
828635001,0.0050677964,2
828635002,0.006423728849999999,2
828652001,0.0108305084,5
828652002,0.01227118675,4
828652004,0.0158022595,6
828718001,0.011847458,2
828718002,0.011847458,2
828718003,0.011847458,3
828718005,0.011847458,3
828771001,0.0050677964,1
828776001,0.010152542,1
828780001,0.118627116,7
828812001,0.024382567,7
828819003,0.006762712,1
828830001,0.06777966,1
828841001,0.016519773333333335,3
828852001,0.16779661,2
828852002,0.16779661,3
828854001,0.25254238,2
828854002,0.25254238,2
828890001,0.011847458,1
828890002,0.016932203,1
828911001,0.042355932000000006,3
828911002,0.02449668443478261,23
828911003,0.026735472642857142,28
828912004,0.058488642650000006,100
828918001,0.007186440499999999,3
828919005,0.016932203,1
828922001,0.0417966095,2
828926001,0.013542373,1
828926003,0.012186441,1
828928001,0.016215353852941178,34
828930003,0.012931356075,40
828933001,0.009135594,1
828934001,0.01622493243457944,214
828934002,0.01634569179166667,48
828938001,0.009745385784444446,45
828982001,0.024562508240601504,133
828982004,0.013542373,4
828991001,0.033263362923076925,13
828991003,0.033392721535545025,211
828992001,0.05040678,4
829008001,0.02525181642857143,7
829008002,0.006689655299999999,29
829014002,0.02540678,1
829017002,0.020322034,1
829017005,0.025291525800000002,5
829017009,0.020322034,1
829031002,0.05761017,1
829041001,0.02040113,3
829045004,0.006762712,1
829045009,0.023611643608695655,23
829054005,0.016623486428571428,56
829054006,0.016399410391304346,23
829054007,0.016472316066666666,15
829054008,0.0166525425,2
829135002,0.05083051,4
829135003,0.046858758333333334,3
829135004,0.05064798046153846,13
829145003,0.011847458,3
829145004,0.02540678,1
829145005,0.015644067666666667,3
829145007,0.014138620000000001,28
829145009,0.02540678,7
829145011,0.024959645142857142,21
829147001,0.020887006,3
829147002,0.013542373000000002,6
829152002,0.02820052491549296,71
829166003,0.014389830499999999,2
829166004,0.011847458,1
829168001,0.021435029,27
829168004,0.015174259078124998,32
829180001,0.013090395666666666,3
829183001,0.017570620999999998,3
829183002,0.018627118,1
829185001,0.0252415255,4
829185002,0.008155624,11
829200001,0.01669007242857143,7
829302001,0.02973103089719626,107
829302002,0.029400548044117646,68
829302003,0.02889730780392157,51
829302004,0.011847458,1
829302008,0.009764207097058823,34
829308001,0.032787975018867925,53
829308003,0.03297502168421053,19
829308005,0.03263708782352941,17
829376001,0.0050677964,1
829390001,0.019372882,3
829397001,0.008457627,1
829432001,0.02540678,1
829435001,0.042355932,4
829437001,0.021451977666666667,3
829438001,0.024135593599999998,10
829439002,0.0406610166,5
829466001,0.015237289,2
829501001,0.042355932,1
829501004,0.042355932,2
829581001,0.022254237333333333,3
829607003,0.02540678,1
829618001,0.02450543271794872,39
829618004,0.02540678,20
829618005,0.02404479442857143,14
829618006,0.025028401513513515,37
829643001,0.03978165470588235,34
829643002,0.042355932000000006,6
829643003,0.041169156953947364,152
829643004,0.04147708744444444,27
829643005,0.040736026148936164,47
829646002,0.040455205714285715,21
829646005,0.04200790946666667,15
829646006,0.03985244270588235,17
829646007,0.040237288999999996,2
829646009,0.0296440685,2
829654003,0.025745763333333335,3
829662001,0.042355932,4
829687002,0.00613559325,2
829693002,0.049533358468085105,47
829717003,0.0060847457,1
829783001,0.022129943,3
829783005,0.0321762712,5
829783006,0.029644068,1
829812001,0.07587005200000001,3
829812002,0.07587005200000001,3
829813001,0.020915255,2
829813002,0.020322034,1
829845004,0.03265748533333333,24
829845006,0.032724477069767444,86
829882004,0.024730697,9
829882005,0.02540678,1
829883001,0.009502824866666667,3
829883004,0.0085084745,2
829962004,0.013542373,1
829962010,0.010830509,1
829962011,0.0119152546,5
829991001,0.009872881111111112,18
829991002,0.009618643866666667,24
829991003,0.009726694679166667,24
829991004,0.009870056333333333,9
830016001,0.012694915250000001,4
830016002,0.031989032147058824,68
830016003,0.032741016293333335,75
830100001,0.0165932202,5
830100002,0.018627118333333335,3
830100003,0.029953994857142858,14
830176001,0.031747302727272726,22
830185001,0.015088983714285714,56
830195001,0.014970339749999999,12
830326001,0.016932203,1
830346001,0.010152542,1
830365002,0.022348668999999998,7
830365003,0.02540678,3
830366001,0.013542373,1
830417003,0.016932203,1
830463001,0.118627116,2
830485001,0.04985375414285715,35
830487001,0.023694915,3
830489002,0.033881355,3
830489003,0.033013667838709675,31
830489004,0.021650848133333334,15
830502001,0.029921609874999998,8
830508001,0.02540678,1
830535002,0.10167797,8
830545002,0.029644068,1
830581002,0.006762712,1
830581003,0.01658659449090909,110
830667001,0.02119067875,4
830725001,0.02540678,2
830725002,0.02540678,1
830744001,0.023636804,7
830747001,0.006,1
830754001,0.011847458,1
830770001,0.011847458,1
830784002,0.0278644065,4
830793001,0.013542373,1
830839001,0.036694914,1
830865003,0.042355932,1
830865004,0.042355932000000006,3
830876001,0.022057204125,8
830877001,0.059305083,4
830919001,0.0229502126875,16
830919004,0.013203389833333334,6
830923001,0.011,1
830934001,0.008457627,3
830936001,0.039395480000000004,3
830936003,0.03811864433333333,3
830938001,0.0049406778750000005,4
830941001,0.016672316,3
830941003,0.016932203,2
830953001,0.03043502766666667,9
830953002,0.021869622615384613,13
830955002,0.066084745,4
831008002,0.008457627,3
831024001,0.03386440715789474,19
831027001,0.02486198557142857,14
831027002,0.02540678,1
831047001,0.042355932,1
831052002,0.021169491999999998,2
831052003,0.02159322,1
831069001,0.0050677964,2
831153001,0.020084745833333334,12
831177001,0.023711865,2
831177002,0.02201695,1
831211001,0.013090395666666666,6
831211002,0.009338982800000001,5
831252001,0.0016779661,2
831267001,0.018260827944444447,18
831269001,0.008945386000000001,27
831269002,0.015553672333333332,3
831269003,0.02201695,5
831269004,0.010754237158333332,12
831269006,0.019050847750000002,4
831269007,0.02540678,1
831269009,0.019519179789473682,19
831273001,0.02265254325,4
831273003,0.022489642916666667,36
831282001,0.02780043709677419,31
831282004,0.023027542374999998,32
831282007,0.030125814576923076,26
831283001,0.032752541600000004,10
831302001,0.03337555064383562,146
831302002,0.03294612510714286,28
831302003,0.024491525666666666,3
831302004,0.011683616222222222,9
831302005,0.033474575666666666,15
831302006,0.033881355,2
831384003,0.015905568714285716,14
831390001,0.02540678,1
831395001,0.020120057083333334,12
831412001,0.024969183636363634,11
831416001,0.0406186439,10
831417002,0.02201695,1
831430003,0.019273862894736843,19
831430005,0.010978814,4
831430008,0.02426864435,20
831431001,0.033245584132867136,143
831446001,0.06354237,1
831446002,0.084728815,2
831446005,0.084728815,2
831450002,0.06692554364285715,28
831450003,0.06777966,1
831453003,0.050474577,2
831460001,0.013542373,8
831460002,0.02540678,10
831460003,0.016932203,5
831462002,0.05083051,2
831467001,0.0299406775,2
831467002,0.029864406,1
831467003,0.011847458,1
831493001,0.016932203,2
831543001,0.09833414071428571,7
831547001,0.01190176381632653,49
831547010,0.0111207629375,16
831547011,0.01304011305,30
831555001,0.0201501215,14
831555002,0.008698681533333334,18
831555008,0.022864407,2
831560001,0.0182881358,5
831560002,0.011539291545454545,11
831568001,0.021819210000000002,3
831571001,0.0050677964,1
831580001,0.007327683516666667,6
831582001,0.008457627,2
831588001,0.0081627118,5
831592001,0.038067796599999995,10
831594001,0.006762712,1
831610001,0.033451977333333334,3
831611001,0.036000001499999996,6
831615002,0.008457627,4
831623001,0.030368038285714282,7
831644001,0.02540678,1
831644003,0.018627118749999998,4
831650001,0.02996139322222222,18
831654001,0.166667796,5
831654002,0.06777966,1
831684001,0.08210495519230768,26
831684005,0.08392912295454545,22
831686001,0.06438983000000001,9
831686003,0.0632090389,30
831686004,0.06161864328571429,14
831720001,0.07664164592857144,28
831736001,0.018711865,1
831739001,0.042355932,1
831742001,0.011847458,1
831742003,0.016932203,1
831761002,0.059305083,1
831777001,0.008423728750000001,4
831777002,0.008457627,6
831777003,0.01981356,2
831777004,0.011584746142857144,14
831784001,0.020322034,1
831809001,0.014565841692307692,13
831809002,0.015237289,1
831845001,0.02201695,2
831859001,0.05083051,1
831861001,0.038640300777777775,9
831861002,0.033881355,4
831861003,0.039012325636363636,11
831861004,0.0641412418888889,9
831865001,0.030491525,1
831902001,0.011602905857142857,14
831939001,0.030786440400000004,15
831939002,0.0326966094,20
831939003,0.03174717479166667,24
831939004,0.03197976993548387,31
831939005,0.033881355,2
831961003,0.0165254235,2
831968001,0.10167797,2
831987001,0.024206214944444446,18
831998004,0.011847458,1
831998007,0.015237289,1
832009001,0.0304915255,2
832018001,0.048795400142857145,14
832018003,0.043793786333333334,12
832036001,0.016284819217391305,46
832036002,0.015914060408450705,71
832036003,0.016206779366666667,60
832036005,0.013118643875,8
832036013,0.009293785333333334,3
832036017,0.010045197333333334,3
832051001,0.042355932000000006,3
832051002,0.032186440999999996,2
832075003,0.023711864,1
832080001,0.059305083,1
832083002,0.010152542,1
832083004,0.012254237,1
832084001,0.010152542,1
832084002,0.006762712,2
832084003,0.0167627116,10
832093002,0.016932203,1
832111001,0.030491525000000002,6
832114002,0.01647874813846154,65
832114005,0.01628813525,12
832122002,0.013542373,1
832166001,0.031799285842105264,19
832166002,0.024135593599999998,5
832177001,0.06708753630588236,85
832245002,0.025612994583333337,12
832251001,0.016819208666666665,6
832251003,0.016352165555555558,9
832253001,0.030546673238805968,67
832253002,0.025444978761194028,134
832253003,0.02974450023404255,94
832264001,0.02201695,1
832269001,0.01594067775,4
832278002,0.011847458,1
832278003,0.011847458,1
832279001,0.05083051,1
832282001,0.020468927333333335,3
832282004,0.0073174113636363634,11
832284001,0.029803623275862067,29
832284003,0.011903290470588234,17
832291001,0.050265538222222225,9
832298002,0.01688082596875,32
832298003,0.03381355844444445,9
832298006,0.015090120609756098,41
832307003,0.049365944065625,320
832307007,0.06647793035051547,485
832309005,0.0472881367,20
832309007,0.03285611182978724,47
832309010,0.047279662125000003,16
832311001,0.0358940685,8
832311002,0.04440588860526316,38
832311003,0.0230960455,6
832312001,0.03043451418181818,11
832312002,0.06507203316666667,12
832312003,0.059673198375,32
832313001,0.041898306,1
832320001,0.01753702005263158,19
832320002,0.0297050842,5
832321001,0.0168372878,5
832321002,0.016932203,16
832323001,0.024743879777777776,9
832330001,0.0168203387,10
832330002,0.016376059125,16
832330003,0.01660402276923077,91
832330004,0.016283127743181816,44
832331001,0.015727683333333332,15
832331002,0.01685381325,8
832331003,0.016322193487735847,106
832331004,0.01638669159259259,27
832331008,0.0168847454,5
832348001,0.0016779661,1
832359001,0.016591461216981133,106
832359002,0.011553672238095239,21
832359003,0.008725988633333332,30
832359006,0.010757062333333333,3
832361001,0.014076107932692308,104
832361002,0.01674387911111111,18
832361003,0.011483050727272726,22
832361006,0.008254237166666666,12
832362001,0.02244067825,4
832362002,0.014704600607142859,28
832362003,0.02132333776923077,13
832441001,0.118627116,1
832446001,0.05083051,1
832453001,0.015696680520833332,48
832453002,0.013460360625806453,31
832453003,0.010460709090909091,11
832453005,0.015365853414634145,41
832453006,0.011282486,3
832453007,0.009299152365,20
832457001,0.030169491333333336,3
832458001,0.016446604,143
832458002,0.006607778153112033,241
832461001,0.06777966,1
832465001,0.02210461727586207,29
832465002,0.024375829195652173,46
832465003,0.024700565291666667,24
832465006,0.016932203,2
832465007,0.02222881375,4
832465008,0.024605263421052632,38
832468004,0.0072372882,3
832473001,0.008707528355813954,86
832473003,0.009555726555555555,99
832473004,0.00905084729,20
832473005,0.0032998167175675676,74
832475001,0.02410299807692308,26
832475002,0.01762106510714286,28
832479003,0.017180426080645163,62
832481001,0.016478582163636363,55
832481002,0.014637149767346938,49
832481003,0.00872647559310345,58
832481005,0.01514618625,8
832482001,0.012180163146296297,54
832482002,0.01603661633207547,106
832482004,0.01504896388888889,9
832490001,0.0243548730625,64
832505001,0.024808207315789473,19
832505002,0.024563088833333333,18
832505003,0.0252934325,16
832505004,0.02498305116666667,6
832520001,0.02502165752777778,36
832520002,0.024330001623931622,117
832526002,0.030491525,2
832527001,0.021700308863636362,22
832527002,0.0282050843,20
832581001,0.055067796,2
832590001,0.013711864,1
832616001,0.024652542583333336,24
832665001,0.028231638888888893,9
832692001,0.025175261765957448,47
832697002,0.02201695,2
832697003,0.02201695,2
832697004,0.02201695,2
832723003,0.04979726361538462,26
832723004,0.049926555166666664,12
832732001,0.00888135588,5
832732002,0.008579660900000001,10
832732003,0.008457627,4
832795001,0.029351557903225807,31
832824001,0.0671355932,5
832824003,0.06777966,1
832831001,0.16713135583333336,12
832841001,0.033881355,1
832860001,0.084728815,1
832860002,0.038271186,3
832884001,0.016450613637931034,29
832884002,0.022757966306,50
832884006,0.009890771999999999,9
832884008,0.0098841805,12
832887002,0.029993220100000002,20
832923002,0.007644067710000001,10
832932001,0.042355932,1
832932002,0.03348305075,4
832934001,0.03353846061538462,13
832934002,0.022310300538461537,13
832946001,0.021169491,1
832946002,0.024638418,3
832946004,0.041213202368421055,19
832969001,0.03591901966666666,9
832969005,0.03718401914285714,7
832969008,0.035717513,3
832977001,0.04111299399999999,3
832985001,0.03971186666666667,3
832993001,0.03290927147058824,34
832993004,0.0333305075,10
832994001,0.011,1
832994002,0.010364406999999999,2
832995001,0.0999433291875,32
832995003,0.09840678222222222,9
832995004,0.09296909564705882,17
832997001,0.0494745772,5
832997004,0.04998305250000001,12
833000001,0.012694915,1
833006005,0.0301271185,4
833013001,0.091535904,55
833013003,0.10052468965217391,23
833021001,0.040405570214285716,42
833021002,0.049281074583333334,24
833021004,0.03882486025,12
833023001,0.033881355,1
833098001,0.06386238861904762,42
833098004,0.06544194842500001,40
833099001,0.04424406785,20
833100003,0.014898305,1
833100004,0.014898305,1
833375002,0.015237289,1
833408001,0.0498040266875,16
833459001,0.01305701090909091,55
833459002,0.01305797393181818,88
833482002,0.033881355,3
833482005,0.033881355,12
833484002,0.04235593333333334,3
833485002,0.018627118,1
833485005,0.011423728,1
833490001,0.011344633,12
833493002,0.01566101675,4
833499002,0.022764407066666666,30
833499003,0.024587772642857143,28
833499005,0.02406506306451613,31
833499006,0.01171721697368421,19
833499009,0.02352933523076923,13
833499010,0.023271186692307693,13
833500001,0.018444219059701495,67
833500002,0.018646433093023256,43
833530002,0.01529578978064516,62
833530003,0.016081150193939395,33
833530005,0.016338982733333333,15
833530006,0.008333997964705882,17
833530008,0.015864406590909094,11
833530009,0.015713747555555557,9
833534001,0.10167797,2
833534003,0.09962470000000001,7
833548001,0.03470460185714286,7
833771001,0.006762712,1
833776001,0.05083051,1
833776002,0.07342938,3
833778001,0.013542373,1
833781002,0.011479418600000001,7
833785001,0.010016948777777777,9
833785002,0.011847458,1
833856001,0.01981356,1
833870001,0.0016779661,3
833959001,0.02201695,1
833975001,0.011847458,1
833981001,0.0048389829,4
834001002,0.02201695,2
834002001,0.015960804874999998,16
834016001,0.008457627,8
834020001,0.00506779655,2
834021005,0.010152542,2
834021008,0.011847458,1
834027001,0.02540678,1
834028001,0.0076101697,1
834029001,0.02201695,8
834036001,0.02201695,2
834036002,0.022016949999999997,3
834049001,0.008033898210000001,10
834049002,0.008219341935294118,17
834051001,0.021908735923076923,13
834051002,0.02201695,1
834055001,0.026796610499999998,2
834058001,0.0043898304,2
834063001,0.04157822672115385,104
834063003,0.041825293243589745,78
834063006,0.041764268295918366,98
834069002,0.015237289,2
834071001,0.015237289,2
834130001,0.010152542,1
834179001,0.02540678,2
834179002,0.0248432205,8
834192001,0.05083051,4
834217004,0.007991525208333334,12
834217005,0.006716101837499999,8
834217009,0.0148983047,20
834229001,0.011847458,1
834229002,0.0122881355,1
834258001,0.029058701682926825,41
834258003,0.026410767352941174,17
834269001,0.013542373,1
834269002,0.013298305199999999,5
834292001,0.016932203,3
834333001,0.05025423846153846,13
834333002,0.05010411771428571,7
834340001,0.03478663929411765,17
834340002,0.041227872111111105,9
834348001,0.020322034,2
834365001,0.025173729,4
834365003,0.016932203,6
834367001,0.04066102,1
834367002,0.04066102,1
834368002,0.0466497175,6
834368003,0.04987570754166667,24
834368005,0.11862711600000002,6
834369001,0.033881355,1
834378002,0.10032203720000002,5
834378004,0.10167797,14
834378005,0.09705547363636363,11
834381001,0.16777965749999998,4
834383001,0.013542373,1
834383002,0.0394745761,10
834387002,0.010152542,2
834412007,0.021491526,1
834424001,0.02540678,2
834426001,0.013542373,1
834431001,0.03256981352380953,21
834431002,0.031056496333333336,6
834431003,0.03166949075,12
834440001,0.013411017,4
834442001,0.012186441,1
834451002,0.011508474,1
834462002,0.024932204,1
834534001,0.042355932,2
834534004,0.02201695,2
834603001,0.0031214689166666667,6
834603003,0.0030847457333333336,3
834624001,0.0252881358,5
834647001,0.0584881341,10
834647002,0.07625423,3
834661001,0.011847458,1
834661003,0.0148983052,2
834661011,0.025040061909090913,11
834662002,0.016932203,1
834662003,0.0172288133,10
834674001,0.011847458,1
834682004,0.01447881425,4
834694001,0.020932203,1
834711001,0.011847458,1
834724001,0.05083051,2
834741001,0.0050677964,1
834753001,0.0213118648,5
834766001,0.059305083,2
834792001,0.059305083,2
834794001,0.04066102,2
834794002,0.050668282,7
834799001,0.022864407555555556,9
834842001,0.05083051,8
834844001,0.067494914,5
834884001,0.0033728813,1
834893001,0.05083051,1
834897003,0.033881355,1
834897005,0.033881355,1
834905001,0.012387005416666666,6
834906001,0.016217000257575758,66
834906002,0.016399671741935483,31
834906010,0.016644067483870966,31
834906012,0.016488751654545452,55
834906013,0.016538933673913042,69
834906017,0.016398161233050847,118
834906018,0.016701229333333335,51
834924004,0.013214689333333333,3
834924005,0.033881355,1
834924006,0.03281556956779661,118
834936002,0.013542373,1
834960001,0.033881355,2
834960002,0.015237288999999998,5
834967002,0.0327521185,8
834967003,0.06777966,2
834992002,0.067101694,5
835001001,0.050055085,4
835001003,0.04861017,1
835001005,0.05083051,8
835008001,0.021075329777777776,9
835008003,0.04326160760869566,23
835008005,0.042561206222222224,18
835008009,0.025801884044444445,45
835008011,0.02193063474074074,162
835017001,0.016932203,2
835017002,0.02201695,1
835019001,0.05083051,9
835020001,0.0321864415,2
835028001,0.012101695,1
835028002,0.012694915,1
835028003,0.016932203,1
835028004,0.016932203,1
835028005,0.016932203,1
835045002,0.02201695,1
835045003,0.020209039833333334,6
835061001,0.011847458,2
835061002,0.020327683,3
835061003,0.03162146866666667,3
835061004,0.031343220000000005,4
835136001,0.024211864,2
835136002,0.02540678,5
835168001,0.083211863875,8
835168002,0.08447368552631579,19
835168005,0.084728815,6
835184001,0.022779660666666663,3
835184003,0.030491525,1
835207001,0.11740808107692308,13
835216002,0.038627121,5
835225001,0.02904237275,4
835296002,0.021050848,1
835340002,0.0130000002,5
835340003,0.012593220583333333,6
835348001,0.06660523646296297,378
835348006,0.06606333558187136,342
835348010,0.0660637336033058,121
835348011,0.06645762630364373,247
835390001,0.03349825787671233,73
835390003,0.01508474575,4
835405001,0.05083051,1
835417001,0.022016949999999997,12
835417002,0.015237289,2
835492001,0.020322034,1
835522002,0.011,1
835522003,0.014677966,1
835522007,0.013522033999999999,5
835522011,0.012423729,7
835542002,0.049322035,1
835542003,0.04941808044444444,9
835552001,0.0125254235,2
835552002,0.013542373,5
835561002,0.011847458,3
835563002,0.016528248333333332,6
835563005,0.006762712,3
835563006,0.015058112095238094,21
835563007,0.01757627091304348,23
835563008,0.006699152675,4
835581002,0.007983051,1
835595001,0.013542373,1
835596001,0.013542373,1
835602001,0.013542373,2
835605001,0.006762712,9
835605002,0.016932203,1
835605004,0.016932203,7
835605009,0.006762712,1
835607001,0.00662711874,5
835607002,0.010152542,2
835634005,0.016932203,2
835639002,0.021169491,1
835639004,0.042355932,1
835650001,0.012692494,7
835653001,0.009927965833333335,36
835653002,0.02188597909090909,11
835656001,0.002576271,1
835657001,0.023711864,2
835658002,0.05831663968181819,22
835666001,0.033012428600000004,30
835666002,0.03266828025,28
835667001,0.029525423250000002,4
835675001,0.02912106504761905,21
835675002,0.026659604416666666,12
835704001,0.0245694914,5
835704002,0.012694915,1
835704004,0.010152542,2
835704008,0.025044068000000003,5
835704009,0.024879301696969697,33
835712001,0.02492483452173913,23
835712003,0.024852232323943662,71
835712004,0.02493571031034483,29
835753001,0.0033728813,4
835755001,0.0031468926333333334,3
835768001,0.07531524920000002,5
835768002,0.033638982,10
835785001,0.033881355,1
835801001,0.018627118,2
835802004,0.006762712,3
835851001,0.04203153813924051,79
835851002,0.0168389825,4
835851003,0.021462470142857144,14
835851004,0.04232072988461539,26
835851005,0.04141401115999999,75
835852003,0.01657909583333333,12
835941005,0.014672316333333333,3
835943003,0.0076101695,2
835943004,0.007194915499999999,2
835981001,0.030491525,1
836009001,0.010152542,2
836009002,0.008177966500000002,2
836009003,0.008457627,2
836047001,0.0963022625,12
836095004,0.015237289,1
836115001,0.016932203,1
836120001,0.05930508500000001,2
836120002,0.05083051,2
836130006,0.03273233071698113,53
836130007,0.03319773933333334,36
836131001,0.0125254242,5
836142001,0.015018489818181819,11
836142002,0.016573132212962964,108
836142003,0.016477417202312137,173
836142004,0.01658628635,220
836162002,0.020033899,4
836162004,0.02154661075,4
836203001,0.010152542,2
836212001,0.033601694,2
836258001,0.003983050766666667,6
836267001,0.05831638266666667,9
836274001,0.033349152,5
836284002,0.008457627,3
836284003,0.007398305000000001,4
836285001,0.016932203,1
836286001,0.010152542,3
836286002,0.013542373000000002,3
836286003,0.009305084566666667,6
836327001,0.021169491,1
836344001,0.04066102,1
836344002,0.04066102,2
836361001,0.03925847675,4
836361002,0.09409927714285715,7
836364001,0.026714286714285718,7
836364002,0.03938983,4
836364005,0.06700338800000001,5
836364007,0.06777966,6
836367001,0.042355932,5
836367002,0.033881355,3
836383001,0.021844633,6
836389001,0.084728815,2
836391001,0.040319614571428575,7
836391002,0.03993836927272727,11
836393002,0.10167797,1
836394001,0.03092655333333334,3
836394002,0.06777966,2
836480003,0.03321186375,4
836485001,0.013542373,1
836486002,0.011135593,2
836486004,0.009389830500000002,2
836538002,0.027101695999999998,6
836538003,0.026666667333333335,3
836540004,0.066483292,35
836540006,0.06717547235294118,17
836551001,0.005581920855555556,9
836551004,0.008457627,2
836551006,0.0050677964,3
836569001,0.02201695,2
836600001,0.011,2
836605002,0.03295291833333333,9
836605003,0.033881355,3
836605004,0.03353672233333333,3
836605005,0.033881355,4
836605006,0.033881355,1
836605007,0.033881355,6
836605009,0.033561440125,8
836607001,0.011847458,4
836607002,0.006647598979166666,24
836607003,0.008226502236363635,11
836607004,0.008457627,4
836625002,0.011942218727272726,22
836625003,0.032751412333333334,3
836699001,0.016619142294117647,51
836699002,0.02540678,8
836699003,0.013380414333333333,9
836706001,0.0099231635,15
836706003,0.0096440675,4
836746001,0.015520580957142857,7
836789001,0.016932203,2
836809004,0.0033728813,1
836809005,0.0016101695,7
836827001,0.016932203,1
836862001,0.012915254250000001,2
836918001,0.013542373,1
836954001,0.011570621666666668,3
836959001,0.012599383818181818,11
836959002,0.013315678124999999,8
836997001,0.009576271,5
836997004,0.006762712,1
836997005,0.013542373,5
836997006,0.011454545463636364,11
836997008,0.012638418333333333,3
836997010,0.008457627,2
836997011,0.013542373,4
836997014,0.013542373,10
837005006,0.010152542,6
837005008,0.00830508465,2
837005010,0.00676271165,2
837106002,0.0007966102,1
837159002,0.010152542,1
837205001,0.006762712,1
837249001,0.01668450175163399,153
837249002,0.011996918499999999,11
837249009,0.0212610176,10
837249012,0.016522094267857144,56
837249024,0.01673542763414634,41
837250001,0.0176101701,4
837255001,0.0060847457,2
837257001,0.0060847457,1
837278001,0.04930387528571429,28
837278002,0.02532973845454545,22
837283001,0.06083586047368422,38
837285001,0.06605855072727272,11
837306001,0.031397403000000004,47
837306003,0.0158022595,6
837306006,0.032950281733333336,105
837306008,0.013542373,2
837306010,0.03163425447368421,19
837306011,0.0140508475,4
837323001,0.04998305233333333,6
837323002,0.020322034,2
837351001,0.041179461588235294,34
837351002,0.03886286613636363,22
837370001,0.006762712,1
837430001,0.026016949,2
837438002,0.05016469583962264,212
837439003,0.0212,5
837439004,0.02201695,2
837443001,0.02201695,2
837443002,0.016619414272727274,11
837444001,0.07641808033333333,6
837444002,0.06330024257142856,7
837444003,0.07032203525,12
837448001,0.09595763,8
837448002,0.07625423,1
837448004,0.07371186,3
837552001,0.006310734466666666,3
837576001,0.013542373,1
837625003,0.022018832444444445,9
837625004,0.020736077500000002,14
837680002,0.03364971666666667,9
837680004,0.033187499265625,64
837680005,0.03337953907142858,28
837694001,0.00619774,6
837705001,0.012412429,3
837706001,0.10167797,2
837739001,0.02540678,1
837741001,0.0236472455625,16
837741002,0.018293528545454546,22
837741003,0.01880226,6
837741004,0.02634140442857143,7
837741005,0.011847458,2
837741006,0.016864406,1
837743001,0.04204708177777778,9
837743002,0.025444068200000003,10
837776001,0.015237289,1
837776002,0.010152542,2
837802001,0.030491525,1
837804003,0.011847458,1
837810001,0.10103874428571429,14
837810002,0.042694918,5
837811001,0.033881355,1
837851002,0.025677966,1
837874001,0.033711864333333334,3
837897001,0.013457627,4
837938001,0.027101696,1
837939001,0.06668045094666666,75
837939002,0.06668018809836067,61
837939004,0.06515254083333334,18
837941001,0.0398591911025641,39
837949001,0.013542373,1
837955001,0.016932203,2
837981001,0.009672316200000001,15
837981002,0.009926553333333333,9
838055001,0.0249512715,16
838055002,0.025067796857142857,7
838055003,0.02442894423076923,13
838085001,0.016932203,1
838099001,0.01332122692857143,42
838099002,0.013542373,1
838158001,0.0099237285,2
838167001,0.022016949,2
838178002,0.013271186600000002,10
838182002,0.050497176133333335,15
838184001,0.0050677964,2
838184002,0.0043898304,1
838197001,0.0060847457,1
838197002,0.0089209038,3
838197003,0.010909604666666668,3
838197004,0.0050677964,1
838197005,0.016932203,1
838270001,0.002629237325,8
838321001,0.024969330327380954,168
838325004,0.05083051,1
838340001,0.019757063000000002,9
838340003,0.010057203125,8
838357002,0.02540678,7
838358001,0.10127118900000001,5
838358002,0.09804600714285715,7
838383001,0.01703905647826087,23
838440001,0.033203389,5
838485001,0.011146892666666667,3
838640001,0.029864098563636362,55
838645001,0.07943220375,4
838687001,0.0050677964,1
838687004,0.012411017,4
838689003,0.008457627,4
838689004,0.016932203,1
838689005,0.008457627,1
838689006,0.016364406999999997,2
838689007,0.011847458,5
838693001,0.018627118,1
838712001,0.118627116,2
838712002,0.15083050333333334,3
838717001,0.016932203,3
838726004,0.021812147666666667,12
838726005,0.04196476342105263,38
838726006,0.042355932,11
838729002,0.006762712,2
838769001,0.008643070705882354,17
838769002,0.009305084566666667,3
838769005,0.02540678,13
838770001,0.018005649000000002,3
838770002,0.009359212432258065,31
838770003,0.019662428833333332,12
838780003,0.011550847749999999,4
838780005,0.0112203392,10
838780006,0.006197740033333334,3
838780007,0.0079279660875,8
838780009,0.011847458,1
838787001,0.013542373000000002,3
838787005,0.033881355,3
838791001,0.06319208999999999,3
838804001,0.02201695,2
838806002,0.05083051,2
838809001,0.013259887,3
838809002,0.013451271375,8
838813002,0.020322034333333332,6
838813004,0.021398306,2
838823001,0.027101696,1
838823002,0.0379180805,6
838823003,0.048087570833333336,6
838825001,0.012156779999999999,4
838825002,0.029418079,3
838825003,0.029593219888888887,9
838834002,0.02540678,1
838834006,0.033597457000000004,12
838857002,0.011847458,1
838898001,0.018474576,2
838899001,0.13557628,3
838900001,0.02540678,13
838900002,0.02524595137777778,45
838900003,0.021780791799999998,15
838901001,0.023092009952380952,21
838901003,0.0238474575,4
838909001,0.06777966,4
838918002,0.02540678,1
838920001,0.024376059500000002,16
838920003,0.019559321999999997,2
838920006,0.0215783904375,16
838951001,0.06688833411764705,17
839053001,0.118627116,1
839053002,0.084728815,2
839053004,0.07625423,1
839079003,0.02540678,1
839080002,0.02540678,1
839086001,0.013542373,9
839129001,0.0329491515,2
839153001,0.012186441,1
839158001,0.006983051,1
839187003,0.033881355,1
839194001,0.011282486,6
839194002,0.012923729,2
839194003,0.010152542,1
839194006,0.0095254236,4
839227001,0.006762712,12
839227003,0.006524120015384615,13
839265002,0.016932203,4
839284002,0.015237289,2
839284005,0.02540678,2
839284006,0.02540678,1
839287001,0.024952784785714284,14
839287002,0.02540678,1
839287007,0.025079096444444445,9
839294003,0.02540678,1
839306001,0.008881355740000001,5
839306004,0.013542373,5
839311002,0.025190678,4
839311003,0.03319026735483871,31
839332001,0.0663534039122807,114
839332002,0.06598076464044944,89
839332003,0.06371227707317073,41
839332007,0.0404576272,5
839332008,0.0659200961632653,49
839332009,0.06665932128,50
839334003,0.032550846833333334,6
839402001,0.03024939385714286,14
839402002,0.03349608815384615,26
839426001,0.04416384316666667,6
839450001,0.02191949225,8
839450002,0.021622882,8
839451001,0.25254238,1
839457002,0.021000000600000002,10
839464001,0.2848305,4
839464002,0.27490328352941173,17
839482002,0.118627116,2
839482003,0.15252542,1
839494001,0.2520968585714286,7
839496002,0.00677259327368421,247
839496003,0.010069975554285715,70
839496004,0.00986307718627451,51
839521001,0.0121059325,32
839523001,0.029474576,3
839673001,0.025915254,1
839674001,0.02184369188888889,18
839677001,0.034518361500000004,12
839716001,0.016932203,1
839717001,0.03020903966666667,3
839752002,0.016368643750000002,4
839766001,0.042355932,1
839766002,0.06777966,3
839766003,0.06777966,2
839769003,0.05083051,1
839816001,0.01761017,1
839824002,0.02201695,1
839844002,0.011177024666666667,9
839844003,0.00968220325,4
839845001,0.016932203,1
839845002,0.022864407,1
839849002,0.06777966,1
839849004,0.02540678,1
839869001,0.0329661015,2
839869003,0.040841808,3
839891001,0.023711864,2
839891002,0.023632768,3
839899001,0.033549190781609194,87
839899002,0.016771858761904762,63
839900001,0.013542373,1
839900002,0.016932203,3
839915001,0.03348234379166667,24
839915002,0.033239708714285714,7
839915003,0.03218644,5
839915011,0.03333333258333333,12
839939001,0.02540678,1
839959002,0.013698305599999998,5
839996001,0.24978107833333332,12
840011001,0.05930508500000001,2
840016001,0.0667062138888889,9
840016002,0.048870055833333335,6
840021001,0.10011017,2
840024001,0.05083051,1
840027001,0.064328388875,8
840027002,0.06621186375,16
840027006,0.06777966,2
840027008,0.06777966,1
840027010,0.021888620571428572,14
840029002,0.033881355,2
840033002,0.0050677967,2
840033006,0.008457627,1
840044001,0.01781356,1
840044003,0.02201695,1
840049003,0.016932203,1
840061002,0.023711864,1
840061003,0.059305083,6
840129002,0.016932203,1
840161003,0.038118646,1
840210001,0.02540678,2
840210002,0.019310734666666666,3
840210003,0.0235762714,5
840232001,0.013542373,1
840260001,0.016932204,2
840272001,0.050462470714285716,7
840350002,0.015855933,2
840351001,0.008457627,3
840351002,0.008251412338888889,18
840351003,0.00823305075,4
840351004,0.008457627,2
840360001,0.012696798555555555,9
840360002,0.006358119248387096,31
840360003,0.006338983,2
840438001,0.0307175135,6
840438002,0.033881355,4
840438003,0.027101696,1
840438004,0.027101696,1
840448002,0.0394033897,10
840448003,0.05083051,6
840475001,0.04371610225,4
840475002,0.05083051000000001,5
840475004,0.04405085,3
840504001,0.03350470722222223,9
840504002,0.033881355,5
840504003,0.03268220275,8
840505009,0.02201695,1
840505010,0.012033898,1
840505011,0.01747033925,4
840505013,0.02201695,2
840506010,0.0138813555,1
840506012,0.016056497,3
840506013,0.011355932,1
840506015,0.02540678,2
840509008,0.015923729,2
840509009,0.02201695,1
840509010,0.01761017,1
840535001,0.03089439346153846,13
840566001,0.030491525,1
840567001,0.0165254235,4
840604001,0.016859563952380953,21
840604002,0.018627118,1
840604004,0.013565678375,8
840607001,0.01420932215,40
840607003,0.015084746599999999,15
840607007,0.010845270427419354,62
840607009,0.016822685384615385,13
840607010,0.017239963894736844,57
840614002,0.0162542369,10
840622001,0.05083051,1
840622002,0.05083051,1
840628001,0.033881355,2
840628002,0.0304915255,2
840635001,0.033881355,1
840635002,0.033881355,1
840653001,0.0113305085,2
840653004,0.02540678,1
840663001,0.018847458,10
840663002,0.021316385000000004,6
840689001,0.042355932,1
840720002,0.009322034,5
840720004,0.009368644125,4
840720006,0.00979661,1
840720011,0.009926553999999999,3
840774001,0.009813559599999999,5
840842001,0.013542373,2
840889001,0.04158595657142857,7
840889002,0.042355932,9
840909001,0.013074701925925926,27
840909004,0.033881355,1
840947002,0.02560835367857143,28
840947003,0.0238135598125,16
840956005,0.0062033897,1
840959002,0.030491525,1
840966001,0.012186441,2
840966003,0.021553159454545456,11
840971001,0.040152542,1
840990001,0.02540678,1
841062002,0.030079095666666666,3
841062003,0.03028248533333333,3
841062005,0.02910593175,4
841062008,0.030491525,1
841173001,0.023146893,3
841173002,0.021838983750000002,20
841173004,0.02021845611111111,9
841182001,0.015907656137931034,29
841182002,0.0167627115,4
841182003,0.016932203,4
841182004,0.013542373,2
841185001,0.013542373,1
841185003,0.013254237,1
841228001,0.015110169,4
841228002,0.016832463846153847,26
841228003,0.009177519931578948,19
841228004,0.0158289193125,32
841228005,0.009587570333333335,6
841238002,0.02189830566666667,3
841238003,0.050055833470588236,17
841260001,0.00859999982,5
841260002,0.016932203,2
841260003,0.0080338985,4
841260005,0.011847458,2
841260007,0.009429225856756757,37
841260008,0.013418078833333333,6
841260010,0.007851954410204082,49
841260011,0.010152542333333334,6
841260012,0.011847458,2
841260013,0.0105305085,10
841260014,0.010741525675,8
841260015,0.01643656881818182,33
841260027,0.016411342730769232,26
841260029,0.006395762805,60
841283001,0.033881355,2
841298001,0.01181382443359375,128
841298004,0.016990078195121952,41
841298005,0.013639374276923077,65
841375001,0.016932203,1
841383002,0.008266963181727576,301
841383003,0.008292998553164557,237
841402001,0.016334891586206896,29
841402003,0.01660768880487805,41
841402004,0.016178907444444446,18
841434001,0.02469337472727273,11
841434002,0.025222222444444446,9
841434003,0.025179507181818182,22
841434007,0.02359698677777778,9
841434009,0.020299435166666668,6
841434012,0.024347458000000002,12
841473001,0.009211864412,50
841473002,0.015164649714285713,21
841473004,0.013441415,23
841498003,0.018627118,5
841498007,0.016932203,1
841498008,0.042355932,2
841544006,0.013542373,1
841544009,0.012668550111111112,9
841544010,0.012502825,15
841544011,0.013288135625,8
841544014,0.01313411954347826,23
841544015,0.012852442823529412,17
841551002,0.013542373,1
841558001,0.013542373,1
841558008,0.013542373,2
841565001,0.06674224425471699,106
841565005,0.06601836083333333,24
841665001,0.008457627,2
841668001,0.011847458,8
841668002,0.011649717833333332,6
841675001,0.0049067797,2
841699002,0.024269402421052633,19
841699003,0.022737288499999998,12
841699008,0.023973164,12
841702001,0.027101696,2
841702003,0.027101696,2
841702005,0.027101696,2
841702007,0.027101696,1
841793001,0.030380144904761902,21
841793002,0.009940364203703703,27
841793003,0.025600423225000002,40
841807003,0.024735405222222222,18
841807004,0.02080037688888889,9
841807005,0.02380762725,20
841808001,0.02201695,1
841845007,0.02201695,1
841850001,0.02518079133333333,3
841850002,0.02540678,3
841852002,0.05156609920000001,5
841863001,0.11577562333333334,21
841884005,0.0127415255,8
841884006,0.013203389833333334,6
841884007,0.0130699153125,8
841898002,0.018627118,1
841922001,0.015237288,2
841957001,0.013584746,8
841960002,0.01661895774074074,27
841960003,0.016932203,4
841960004,0.016102998384615385,13
841964001,0.02540678,1
841992001,0.01417796625,4
841992002,0.014520581142857144,7
842000001,0.03328336788020834,192
842000003,0.03330705652155173,232
842000008,0.033196162790697675,129
842001001,0.017355932,6
842001002,0.018288136,1
842001004,0.014389831,1
842004003,0.03310820825746268,268
842004005,0.033362531115044246,113
842007001,0.0337152532,5
842020001,0.022355933,10
842028001,0.033073728025000006,40
842028004,0.03307322714917127,181
842028007,0.03341774603921569,102
842028010,0.033112993523809524,21
842054001,0.054220337,1
842054002,0.054220337,1
842054005,0.04337288,1
842055001,0.049932205,2
842055002,0.05083051,2
842055003,0.05083051,1
842055009,0.04934745875,8
842056002,0.05083051,1
842057004,0.0609999985,2
842057005,0.06777966,3
842062001,0.013542373,5
842062002,0.015186441,3
842062003,0.03357257250909091,55
842062006,0.027101696,1
842062007,0.016932203,8
842064001,0.02777966,2
842066001,0.054220337,1
842067002,0.066601695,2
842069002,0.07477966,2
842070001,0.08133899,2
842072001,0.06777966,1
842112001,0.02966424514285714,21
842112003,0.02457681816129032,31
842112005,0.030413559066666665,45
842165002,0.016367231666666666,3
842165004,0.030271187,4
842165006,0.016932203,1
842165008,0.042355932,1
842238001,0.021911570434782607,23
842238002,0.008440678,2
842238003,0.02201695,2
842290001,0.059305083,1
842302001,0.031963153434782614,23
842302002,0.0326822028125,16
842302003,0.0257457625,2
842314001,0.015237289,1
842318001,0.02979322,5
842319001,0.022864407,1
842319002,0.0050677964,1
842333003,0.022819209666666663,3
842345002,0.033542372,1
842360001,0.011183616116666668,12
842361001,0.02201695,1
842361002,0.02201695,4
842378001,0.05065348533333333,9
842381001,0.027101696,2
842381002,0.035576273,1
842384001,0.032915253,1
842384003,0.06777966,1
842450002,0.026805085,2
842450003,0.021169491,1
842463002,0.0169322035,2
842560005,0.033881355,1
842605001,0.02484855853246753,77
842605003,0.006762712,2
842605004,0.013542373,2
842605005,0.02531477028571429,7
842605006,0.016932203,12
842605009,0.024196610400000002,5
842605011,0.018627118,3
842605012,0.024515952323529412,34
842605014,0.02487400478313253,83
842605015,0.023750385500000002,22
842606003,0.03157627056,25
842607001,0.024794371849056602,53
842607002,0.0235614409375,32
842607003,0.024637288400000002,10
842607004,0.023146893,6
842607005,0.024734261714285714,28
842678001,0.013000000166666666,6
842680001,0.04122598883333333,6
842716001,0.0308305075,4
842718001,0.041779661111111116,9
842724003,0.03312353702816902,142
842724004,0.014355932333333333,3
842727001,0.031876140000000004,13
842727002,0.02879661,1
842755001,0.03165575606896552,29
842761001,0.016572504333333335,9
842761002,0.016479284,36
842761003,0.016932203,2
842761004,0.004220339,1
842761005,0.011847458,1
842761008,0.016481839904761902,21
842785001,0.042355932,4
842894001,0.022305085500000002,2
842921001,0.013542373,2
842928001,0.004525423625,4
842942002,0.05066343957142857,7
842952002,0.03328048043548387,62
842952003,0.029077966,5
842956002,0.074949147,2
842976002,0.0026949153,1
842976005,0.004578055231578947,19
842976008,0.004587570500000001,9
842994001,0.0182288135,2
842999001,0.033881355,3
843012001,0.0586355921,10
843012002,0.026367231666666668,6
843066001,0.13294291368421052,19
843213001,0.0160268365,12
843213005,0.016588135400000002,10
843230001,0.016932203,3
843267002,0.021745763333333334,15
843271002,0.0674677952,5
843272001,0.02529378566666667,3
843272002,0.02540678,1
843284001,0.033881355,10
843284002,0.033542372,10
843321001,0.013542373,1
843332001,0.02540678,1
843333001,0.0358785315,6
843362003,0.042355932,1
843362004,0.016837140347826084,23
843363001,0.020322034,1
843373001,0.01663485606521739,46
843373002,0.0202050849,10
843373003,0.016713918545454544,33
843380004,0.029649402091633463,251
843380005,0.029841114987096774,155
843380007,0.029861827239130435,46
843396001,0.015413299211538462,26
843396003,0.011525423,1
843457002,0.05857263771428572,14
843457003,0.058322035,1
843457004,0.0574039535,6
843457005,0.059305083,4
843458002,0.04973305175,8
843458003,0.0493898316,10
843458004,0.04933050925,4
843458005,0.05040678,2
843465001,0.0492016375862069,29
843465002,0.048566738750000005,16
843465003,0.05083051000000001,5
843465004,0.050640745960784314,51
843465005,0.030491525000000002,3
843465007,0.03583833184615385,13
843465008,0.0485107356,15
843465009,0.050521437,17
843465010,0.049715396916666675,24
843465011,0.05083051,14
843465023,0.05083051,1
843489001,0.008457627,1
843498001,0.029549905111111115,9
843498003,0.02438447847368421,19
843505001,0.008457627,3
843533002,0.0116949155,2
843537001,0.016730931893750002,16
843537002,0.011847458,3
843537003,0.016854089608695652,23
843540001,0.013542373,1
843545001,0.014389830650000001,2
843551001,0.02201695,1
843555002,0.032385248945945945,37
843555003,0.0316807905,42
843555006,0.016932203,1
843568001,0.025118643,1
843591001,0.011847458,1
843594001,0.021169491,1
843597001,0.012530266523809524,21
843597002,0.013474576399999999,20
843608001,0.06760339000000001,5
843608002,0.0675661,10
843614001,0.03242857085714286,7
843614002,0.03142372833333334,6
843614003,0.033881355,4
843614004,0.0304915255,2
843614008,0.0308906774,20
843614009,0.03296836106666667,15
843614010,0.03317514041666667,12
843614011,0.03338019956818182,44
843614012,0.03331638333333334,9
843614013,0.03331131525,68
843614014,0.03314871435483872,31
843614015,0.033350507720000006,25
843634001,0.016932203,1
843634002,0.016932203,6
843634003,0.02201695,1
843642001,0.04182384978571429,28
843642002,0.04182751747058824,17
843642003,0.04176717231578947,19
843671001,0.015084275686111112,36
843673002,0.021169491,1
843673003,0.03732398953846154,26
843685001,0.0045593223,1
843685002,0.006762712,10
843685003,0.0117152543,5
843685005,0.012638418333333333,3
843687001,0.011847458,1
843687004,0.042355932,4
843687005,0.04113423728,25
843687008,0.04182627125,16
843687010,0.0414798725625,16
843701001,0.028813560333333335,12
843709001,0.016932203,1
843709002,0.013076271,2
843720001,0.02985299169387755,49
843721001,0.015237289,1
843730002,0.014672316,3
843738002,0.016932203,3
843738003,0.02540678,2
843738004,0.008412429333333334,12
843752001,0.05987005533333334,3
843752003,0.03058050975,4
843753004,0.028884437636363634,11
843753007,0.03164098536363636,11
843764001,0.053372882,1
843772001,0.009525423777777778,9
843772002,0.007469491610000001,10
843772004,0.00834322025,4
843777001,0.02028144505263158,38
843777002,0.011685137207692308,26
843777005,0.026447310036231884,69
843793001,0.0330387204796748,123
843793003,0.03280535738709678,31
843793004,0.032999357371212124,132
843805002,0.008457627,4
843811001,0.019576272,1
843812001,0.0125169495,2
843817001,0.049830507,1
843817003,0.05083051,3
843846001,0.033881355,2
843869003,0.010152542,4
843872001,0.012364407000000001,4
843872002,0.016254236999999998,5
843872003,0.029882566357142853,14
843872005,0.017604519466666666,15
843872006,0.029314500555555553,18
843873001,0.0096949149,7
843873003,0.011372881599999999,5
843873004,0.0140000005,6
843873006,0.012394673357142857,14
843873007,0.010262372580000002,25
843893001,0.014559322,2
843903001,0.027332930571428573,14
843903002,0.021386441200000002,5
843906001,0.011,2
843908002,0.010152542,1
843935001,0.015237289,1
843940001,0.03344823165142857,175
843940005,0.03284591611363636,44
843945008,0.0241355935,4
843982001,0.0381186435,2
844030001,0.059305083,3
844059001,0.021408533620689656,29
844059003,0.022016949999999997,3
844059006,0.0217500005,8
844059008,0.02201695,1
844086001,0.04201695,1
844090001,0.0576101715,2
844090002,0.13557628,2
844091001,0.08811864,1
844093001,0.06522034,1
844099002,0.06777966,1
844101001,0.08447033875,4
844103001,0.15252542,1
844104001,0.06567796533333332,3
844108001,0.027101696,1
844108002,0.04066102,1
844109002,0.04146798488888889,18
844111001,0.04794558547368421,19
844118001,0.05083051,1
844121001,0.03361017,1
844125002,0.026819209333333333,3
844135001,0.05083051,2
844135004,0.049961018275000005,40
844135005,0.0250000002,5
844160002,0.020485007230769233,13
844198001,0.016932203,3
844198002,0.01396610175,4
844243001,0.0050677964,1
844244001,0.09828814000000001,6
844254001,0.021243451727272728,11
844277001,0.016601695,2
844291001,0.016932203,1
844294001,0.012989569461538461,13
844294002,0.022543220775,40
844302001,0.0203813565,2
844306001,0.02187288175,4
844306002,0.0212796615,4
844368001,0.008457627,2
844395001,0.025971750999999998,3
844395002,0.05851412250000001,6
844409001,0.01349007243142857,35
844409002,0.015277481605714285,35
844409003,0.015544980153846154,13
844411001,0.032374763888888894,9
844411002,0.02178165567647059,34
844411003,0.021268765857142855,28
844432001,0.020322034,2
844432002,0.027101696,1
844451001,0.016932203,1
844456001,0.030491525,1
844483001,0.04878126567567567,74
844501001,0.01048559315,20
844501002,0.011847458,2
844503001,0.0298813556,5
844503002,0.02540678,1
844529004,0.0501129957037037,27
844549001,0.107029660625,8
844587001,0.0335508475,4
844718001,0.0132915254,5
844730002,0.027101695999999998,3
844745001,0.026915253899999998,10
844806001,0.006423728849999999,2
844856001,0.02540678,1
844874006,0.009305084500000001,4
844874008,0.014132203,5
844874010,0.008457627,1
844874012,0.006762712,1
844877001,0.10158397909090909,11
844893001,0.02540678,1
844906001,0.016932203,1
844915001,0.06637437617647059,68
844915003,0.033881355,1
844915007,0.06777966,3
844915008,0.06486639999999999,17
844917001,0.02540678,3
844917002,0.02540678,1
844917003,0.0200338985,2
844921002,0.02201695,5
844921003,0.022016949999999997,3
844921004,0.020619855428571428,7
844929002,0.0889661,2
844933001,0.06718813500000001,10
844933002,0.06777966,1
844935004,0.10124670777777779,9
844960001,0.0206610178,5
844967001,0.033881355,1
844967002,0.016932203,1
844967008,0.022016949999999997,6
844968001,0.02540678,1
844970001,0.1183762688,5
844971001,0.11388136,1
844982001,0.10107909666666666,3
844985001,0.15252542,1
844996001,0.027440678,1
844999001,0.14321469333333334,3
845023002,0.011847458,2
845031003,0.02540678,1
845032001,0.016684945,17
845032002,0.013010895714285714,14
845032003,0.016172098923076923,13
845046002,0.011584746,4
845046004,0.013186440769230768,13
845046005,0.02540678,1
845060001,0.013542373,2
845086002,0.059305083,2
845095001,0.01981356,2
845112001,0.05071912957142858,7
845112002,0.046593221666666663,6
845116001,0.04687570666666666,3
845163001,0.010152542,1
845181005,0.008457627,4
845181007,0.008457627,1
845191002,0.048647458399999996,5
845191004,0.04852984617391304,23
845191006,0.04921549771428572,7
845203001,0.07777966205,20
845241001,0.016265183416666665,48
845241002,0.016813558947368423,19
845285001,0.028045197499999997,6
845301002,0.018627118,2
845301003,0.0111461136,29
845301007,0.013118643749999999,4
845427012,0.0118474575,2
845427013,0.016932203,1
845427015,0.0164576265,2
845427016,0.010830509,1
845427017,0.016680790666666667,6
845427020,0.016932203,2
845428001,0.021500000999999998,2
845428004,0.050531780750000005,8
845435001,0.02207627125,4
845446001,0.05083051000000001,5
845497003,0.016932203,1
845497004,0.033881355,1
845541001,0.03238983,1
845576001,0.02520647181818182,55
845576002,0.02154372956,25
845610001,0.015211865166666666,12
845610003,0.024820150993055554,144
845614002,0.02201695,1
845699001,0.01175635625,24
845714001,0.042076271,2
845729001,0.04188033881,100
845729002,0.04129217096536797,231
845746001,0.0140508475,4
845746002,0.016932203,1
845778001,0.0660847475,2
845790001,0.03313379081889764,254
845790002,0.033039026868421056,228
845790003,0.021888335764705884,34
845790004,0.024785311,3
845790005,0.0219830518,5
845790006,0.03317270212105263,190
845790007,0.033196059675675675,74
845906001,0.029644067375,8
845906003,0.029474576,3
845917002,0.05083051,1
845917005,0.045745765,4
845918001,0.030830509000000002,3
845918002,0.029372881,3
845918003,0.033881355,2
845918005,0.027118644,1
845918006,0.02744067775,4
845918008,0.033881355,1
845921001,0.027101696,1
845923001,0.016932203,2
845923003,0.014389831,1
845923004,0.016932203,2
845923005,0.016932203,1
845923006,0.0145033899,10
845925001,0.0043898304,1
845931001,0.042355932,1
845933001,0.033881355,1
845934001,0.029619854428571426,7
845934002,0.024398305500000002,2
845934004,0.030491525,1
845935001,0.042355932,2
845935002,0.042355932,2
845942001,0.024135593333333333,3
845942004,0.02540678,1
845942005,0.019559322,2
845948001,0.033881355,1
845950001,0.024644068,1
845950003,0.033881355,1
845951001,0.055350281333333334,3
845955001,0.03335593133333333,3
845967001,0.018627118,2
845967002,0.0388248585,12
845967007,0.041391133923076924,13
846015001,0.024092278888888888,9
846025001,0.02034004275,32
846080002,0.03354802233333334,3
846115002,0.0638248581111111,18
846115003,0.04091525404166666,24
846139002,0.022802259916666665,12
846139003,0.018303571732142858,56
846145001,0.0419322034,10
846149001,0.008457627,1
846150001,0.020322034,1
846150003,0.020322034,1
846279001,0.0094677966,5
846296002,0.016932203,2
846296003,0.009135594,1
846296006,0.011847458,4
846327001,0.033464406,10
846327005,0.010830509,1
846327008,0.033881355,1
846334001,0.0160847454,5
846334002,0.01599322,10
846337001,0.016883238777777778,9
846337002,0.015237288,2
846337003,0.0161694912,5
846347005,0.017341404,7
846353001,0.02702015543243243,37
846356001,0.0477748195,28
846356002,0.026086933548387096,31
846399001,0.049733496028571425,105
846399002,0.050388178390243905,41
846406001,0.033881355,2
846407001,0.0170288135,10
846442001,0.012977401166666666,6
846442002,0.033881355,8
846442003,0.0169322035,2
846442005,0.033881355,10
846442006,0.03366828,7
846581001,0.02540678,1
846581002,0.021420995870967744,31
846592001,0.02540678,1
846599001,0.06777966,1
846600001,0.0589661008,5
846600002,0.06390556771428571,7
846604001,0.084728815,1
846607001,0.03932015027777777,18
846607002,0.039039547,3
846607008,0.042355932,2
846612001,0.048336159999999996,6
846612002,0.04998587666666667,6
846612003,0.05083051,1
846700001,0.010152542,1
846705001,0.013542373,2
846713006,0.012788135666666667,6
846713009,0.013542373,4
846753001,0.0131559324,5
846753002,0.03006779625,96
846782001,0.0191906785,8
846782002,0.020322034625,8
846826002,0.006762712,1
846829003,0.033881355,5
846847001,0.023227603142857146,7
846873001,0.05083051000000001,5
846973086,0.02353026642857143,7
847073001,0.02540678,1
847080004,0.05908716571428572,7
847086001,0.059305083,2
847100003,0.02540678,1
847128001,0.006682529457692307,26
847187001,0.015237289,6
847200003,0.033671186000000006,5
847202001,0.084728815,1
847204001,0.11798304733333333,3
847208001,0.057327683333333344,6
847209001,0.022016949999999997,3
847211002,0.033881355,1
847237001,0.0386073445,6
847237002,0.042233898199999995,5
847277001,0.023711864,3
847279002,0.06589368181818182,11
847310001,0.0033728813,1
847541001,0.04928813666666667,3
847570001,0.013271186600000002,5
847673001,0.024786879601851854,54
847673002,0.02510734466666667,3
847673003,0.0152406778,5
847673005,0.03322501386206897,58
847711002,0.011847458,1
847862001,0.022016949999999997,3
847862002,0.033771632,19
847862003,0.021172317166666666,6
847922001,0.008457627,1
847923002,0.013542373,2
847956001,0.0177864412,5
847959001,0.042355932,2
847962001,0.027101696,1
847967002,0.02540678,8
848012001,0.084728815,2
848025001,0.06947458,1
848039001,0.011847458,6
848082001,0.042355932,18
848175001,0.030237288,2
848205002,0.025101695,4
848242003,0.026228813500000003,2
848254001,0.02540678,1
848256001,0.006762712,1
848256002,0.006762712,1
848256004,0.006762712,1
848307001,0.02201695,4
848307002,0.022016949999999997,3
848308002,0.0060847457,1
848308006,0.005415254100000001,14
848311001,0.006762712,4
848312002,0.016932203,1
848324001,0.015237288999999998,5
848324002,0.01629661,4
848325001,0.014564972,3
848325003,0.016932203,1
848337001,0.016932203,1
848338001,0.016932203,3
848355001,0.084728815,1
848357001,0.013542373,8
848358004,0.013952543000000001,5
848359001,0.05083051,1
848365001,0.047021185,4
848420001,0.06552542,1
848420003,0.084728815,4
848420006,0.08441721115384615,13
848420007,0.08434419926923077,26
848422003,0.027101696,1
848435001,0.0040508476,1
848435002,0.02201695,7
848436001,0.025300847625,8
848436002,0.02540678,4
848438001,0.030254237,4
848460001,0.021732580777777778,9
848460002,0.02504331488888889,9
848507001,0.042355932000000006,3
848511001,0.054220337,1
848519001,0.02540678,2
848523001,0.033276028285714285,7
848677001,0.015237289,6
848678001,0.0420423725,4
848681001,0.042086628777777774,9
848681002,0.04191525414285714,7
848681003,0.04114940348148148,27
848681007,0.030491525,2
848684001,0.033881355,1
848776001,0.012949152666666667,3
848782001,0.10078612123809523,21
848788001,0.059305083,3
848796002,0.01644838190909091,11
848813001,0.02201695,2
848860002,0.022016949999999997,3
848864001,0.0202406782,5
848881001,0.0759279635,4
848883001,0.08353483988888889,9
848883002,0.084728815,2
848885001,0.055915253,2
848885003,0.059305083,2
848974001,0.0133898305,2
848988001,0.02540678,6
848995001,0.020322034,1
848997001,0.0298135589,10
848997003,0.03364007888235294,17
848999002,0.020322034,1
849001001,0.042355932,1
849005001,0.024841808333333337,6
849005002,0.0247830512,5
849048002,0.033397093571428574,7
849103001,0.03214175572727273,11
849103003,0.013542373,1
849114001,0.0421915253,10
849144001,0.011610169666666665,3
849144002,0.014295668666666666,9
849148001,0.009644068,2
849182001,0.02201695,8
849182002,0.018627118,8
849182003,0.01820762675,4
849203002,0.05083051,1
849204006,0.05063196285714285,7
849204007,0.05022542480000001,10
849204009,0.05083051,3
849209001,0.018062147333333334,3
849214001,0.015237289,1
849214006,0.015237288,3
849214007,0.0211694925,2
849214008,0.020767555214285714,7
849214010,0.015237289,1
849214012,0.024559323,2
849215003,0.016932203,1
849215004,0.027101696,1
849215005,0.0257457635,2
849217001,0.02540678,1
849217006,0.02201695,2
849217007,0.016932203,1
849218002,0.022983051,2
849218003,0.015966102,1
849218004,0.0211694915,2
849231001,0.02201695,1
849231002,0.02201695,1
849255001,0.05083051,3
849257001,0.01379755188888889,72
849257002,0.024549637142857145,7
849265001,0.015237289,2
849267002,0.04591807883333334,6
849272001,0.02201695,2
849293002,0.015237289,2
849312001,0.023711864,2
849319001,0.014542373,2
849322001,0.022016949999999997,3
849327001,0.010152542,5
849341001,0.008457627,2
849361002,0.030296609625,8
849361003,0.06406779563636364,22
849361005,0.047440678,2
849362001,0.05083051,1
849440001,0.058563557875000005,8
849440002,0.04182344625,12
849440003,0.057343219083333334,12
849468001,0.023711865,4
849470001,0.027101696,1
849474001,0.02540678,10
849487005,0.06212994266666667,6
849490001,0.05497175166666667,3
849493006,0.040550847555555554,18
849493007,0.08255649770833333,24
849493010,0.022016949999999997,6
849517001,0.041556900285714286,14
849519001,0.06438983000000001,2
849519004,0.06495480166666667,6
849523001,0.03338418,9
849530001,0.04574576266666667,3
849543001,0.041600753,9
849544001,0.047652542374999995,8
849544002,0.04907692430769231,13
849549003,0.054220337,2
849572003,0.08227812031818181,22
849584005,0.021574153250000002,32
849584006,0.031762711,11
849584007,0.011847458,2
849584010,0.013542373,1
849586002,0.029385592999999998,16
849586004,0.042355932,5
849588001,0.023779661,2
849588002,0.05083051,1
849588007,0.0494669721025641,78
849588008,0.05031306214705883,68
849591001,0.05624771723076923,13
849591004,0.017822437160714286,84
849597002,0.02540678,9
849597003,0.014419963,9
849605002,0.011847458,1
849607001,0.011847458,2
849632001,0.0852161025,4
849634001,0.033576271,3
849634003,0.033796610500000004,2
849637001,0.09510704968421053,19
849637002,0.08777796830000001,10
849643001,0.10167797,2
849648001,0.011847458,4
849648003,0.014389830499999999,2
849648005,0.011847458,1
849659001,0.084728815,3
849663001,0.033881355,2
849711003,0.02201695,7
849711004,0.02119491575,4
849730002,0.10167797,5
849738001,0.024580123522727274,44
849738002,0.024455744177777777,45
849738003,0.019787821814814817,27
849738004,0.012694915,1
849747003,0.008457627,1
849753003,0.033881355,1
849802001,0.0563389825,4
849817001,0.06438983166666666,6
849817002,0.084728815,2
849855001,0.011,2
849855002,0.02201695,2
849859002,0.008457627,2
849859003,0.0076101695,2
849859004,0.010152542,2
849859005,0.011847458,5
849868001,0.025149935076923077,13
849868002,0.035219698905660374,53
849873002,0.0292203385,4
849883001,0.011847458,1
849886001,0.024936766923076923,26
849886002,0.023079530846153846,13
849886010,0.024429259842105266,95
849886012,0.024640070603773587,106
849938001,0.02314689266666667,3
849938003,0.033881355,2
849938005,0.013460708818181817,11
849945001,0.007940678349999999,2
849984002,0.05083051,1
850015002,0.015802259666666665,3
850015003,0.01981356,4
850040001,0.03194430928571429,7
850134001,0.007085687461111111,18
850134003,0.013542373,1
850137001,0.016932203,4
850137004,0.016932203,3
850137018,0.016932203,2
850137022,0.015754237125,8
850137027,0.015237288,2
850137030,0.016932203,2
850139001,0.024022599222222222,9
850139008,0.023451977666666665,6
850139009,0.02540678,3
850139011,0.02540678,2
850176002,0.028889830249999998,20
850176003,0.029496821656249998,32
850183001,0.021559322750000002,8
850191001,0.045269066999999996,8
850224001,0.07463624,13
850241001,0.016264667153846155,13
850241004,0.02540678,5
850241005,0.01935805075,8
850241006,0.016932203,7
850242001,0.015076271799999999,10
850242002,0.033881355,2
850244001,0.004853029928767124,73
850244002,0.006226199722429907,107
850244003,0.003641120048550725,138
850244005,0.004897886435802469,81
850244006,0.007047796709999999,50
850249002,0.016932203,20
850249003,0.011939972041666665,24
850251001,0.01032434508409091,44
850251002,0.010587761922033898,118
850259001,0.012084274861111112,36
850259002,0.014401565115384615,13
850259004,0.01097046002857143,35
850261001,0.013542373,1
850261002,0.0132576272,5
850261011,0.013542373,1
850261015,0.012644068,3
850277001,0.048985170625,48
850277002,0.0297182213125,32
850277004,0.03665693062500001,112
850281001,0.023415527516129034,31
850281002,0.05083051,1
850314001,0.0313389825,4
850359002,0.042355932,1
850426002,0.016932203,1
850426003,0.013542373,2
850426005,0.013542373,2
850426006,0.006762712,1
850426007,0.016932203,1
850426008,0.015237289,1
850446001,0.014577575615384615,13
850523001,0.051677966500000005,2
850523002,0.03323432145000001,40
850541001,0.02201695,2
850541003,0.016576272,1
850548003,0.006762712,2
850549001,0.03083050872727273,22
850549002,0.06777966,4
850562001,0.07837288249999999,2
850581002,0.009731638333333334,6
850587001,0.025971750666666668,6
850587004,0.008457627,13
850587007,0.0082680084125,16
850589001,0.033881355,4
850606010,0.021254238,1
850606011,0.02201695,2
850617001,0.026084746000000002,5
850618001,0.02201695,1
850622001,0.011847458,2
850622002,0.015980932875,8
850622006,0.017862469142857145,35
850626002,0.02540678,12
850641001,0.013542373,8
850641002,0.012587570666666667,6
850643001,0.020116222214285717,14
850643002,0.02008232385714286,7
850643003,0.0262542365,2
850678001,0.0050677964,1
850678002,0.0090508475,2
850678003,0.006762712,1
850726001,0.05083051,2
850728001,0.08049152625,4
850732002,0.033881355,2
850732003,0.0260328391875,16
850732004,0.030444067499999998,10
850784001,0.019559322,2
850784002,0.02369868188888889,9
850784003,0.024686441,2
850787001,0.026830508333333333,3
850791001,0.019568738888888892,9
850792001,0.0249559326,5
850792002,0.023932203625,8
850800002,0.02030885177777778,9
850806001,0.046762714,5
850824001,0.02879661,1
850828001,0.026875706666666666,3
850841001,0.015237289,1
850871002,0.009632768,3
850872001,0.00820339,1
850877001,0.0162983048,10
850877002,0.016932203,3
850877003,0.016932203,2
850877004,0.0167627116,10
850877005,0.016932203,2
850877013,0.016932203,2
850878001,0.030491525,1
850879001,0.017779660875,8
850880005,0.02201695,1
850883001,0.010152542,1
850883005,0.010152542,2
850885002,0.016932203,1
850885003,0.015802259666666665,3
850885004,0.016932203,3
850885005,0.015237288,2
850885006,0.016932203,1
850889001,0.02540678,4
850892001,0.008457627,1
850893001,0.084728815,1
850895001,0.009881355599999999,5
850896001,0.018627118,3
850897001,0.010999999666666668,3
850899002,0.033881355,1
850905001,0.009898305,1
850906001,0.05083051,2
850906002,0.04649717666666667,6
850916002,0.02540678,1
850917001,0.024908065415730336,712
850917002,0.0248520803030303,33
850917003,0.024787248033333334,210
850917004,0.015284540378787879,33
850917005,0.0099004234375,8
850917006,0.02481920922222222,9
850984001,0.008457627,15
850984002,0.008317266878125,32
850984004,0.016501603027027027,37
850985001,0.02201695,4
850985002,0.029974576,2
850996001,0.029644068,1
850996002,0.059305083,1
851010001,0.015504842357142858,14
851010003,0.016254236999999998,4
851010006,0.016344632541666668,72
851010007,0.016527641121495327,107
851010008,0.016528031076923078,156
851010009,0.016465849712871287,101
851011001,0.013542373,1
851062001,0.018627118,1
851062002,0.0179859725862069,29
851062005,0.033138745837209306,43
851065001,0.022864407,2
851065002,0.025406779666666667,3
851094001,0.02111440748214286,56
851094002,0.02128074029090909,55
851094005,0.0068305084,1
851094007,0.021545455163636363,55
851094008,0.021747187722689076,119
851094009,0.021714856139705883,136
851108003,0.0131881357,10
851110001,0.01584045668478261,46
851110002,0.019316737166666667,48
851110003,0.018320695210526317,38
851124001,0.03368195323529412,17
851130002,0.07900847562499999,8
851133001,0.02540678,1
851133002,0.0241355935,2
851137001,0.02540678,1
851137002,0.02540678,2
851137007,0.02540678,1
851142001,0.021451977666666667,3
851167001,0.015205004714285713,21
851214001,0.008220339,1
851214002,0.0033728813,3
851214003,0.009135594,1
851237001,0.010152542,1
851264002,0.016932203,1
851309001,0.025175140999999998,3
851317001,0.02267419977777778,9
851317003,0.01222702975,38
851318001,0.033071186,10
851350001,0.013983051,1
851363001,0.025288136,4
851363002,0.030491525,2
851363004,0.030261941181818183,11
851365003,0.042310734333333336,9
851370002,0.025131827044444444,45
851370004,0.02447203415,20
851374001,0.02154813629,100
851374004,0.019614407,4
851400001,0.05857431403846154,130
851400005,0.023711864,2
851400006,0.025971750999999998,3
851400007,0.05531788953333334,45
851400008,0.03218644,1
851400009,0.027423729,2
851400010,0.0308305078,5
851400011,0.0577389818,25
851400014,0.05810169327659574,47
851400015,0.05014762064516129,62
851400017,0.058021185,36
851400019,0.05727212705555556,18
851400020,0.05813539001785715,168
851407001,0.018627118,2
851439002,0.017779661500000002,2
851450001,0.03331638333333333,6
851450003,0.03370338933333333,6
851496001,0.01650242092857143,14
851515001,0.013542373,1
851530002,0.013514124333333334,6
851545001,0.07540678075,4
851545002,0.07968474675000001,20
851546002,0.0656817313888889,18
851546003,0.06100498429411766,17
851547001,0.05422033866666667,3
851549002,0.06438982950000001,6
851606001,0.03210785772727273,33
851606002,0.02464461404032258,62
851608001,0.009644068,2
851608002,0.015921455463414634,41
851608003,0.02448690318181818,22
851622001,0.011476695125,8
851633001,0.0102691926,17
851633003,0.010301695080000001,5
851633005,0.011525424,4
851633006,0.010463277,3
851659003,0.009474576,3
851675001,0.033881355,8
851680001,0.02540678,3
851680002,0.023817797,4
851680003,0.02540678,2
851694001,0.021413759352941177,17
851694002,0.010098869694444445,36
851699001,0.011847458,1
851703001,0.015237289,2
851703003,0.01286440675,4
851720001,0.03363922428571429,7
851726001,0.059305083,1
851774001,0.03233656119047619,21
851774002,0.016932203,1
851774003,0.013290557,7
851774006,0.012762711999999999,4
851774008,0.03357566496428572,56
851774011,0.033881355,1
851778002,0.025320493363636364,22
851778003,0.050347459000000004,6
851780001,0.030491525,5
851780002,0.02540678,6
851780003,0.02504274160869565,23
851788003,0.037512711000000004,4
851802001,0.04051165203125,32
851822001,0.015237289,2
851866001,0.05422033833333334,3
851866002,0.06133898215,20
851866003,0.0644915252857143,7
851877001,0.04129661,6
851877002,0.04043155138461538,13
851882001,0.016932203,1
851884001,0.011121065000000001,7
851913001,0.042355932,1
851930001,0.056672316,6
851936002,0.033172167,19
851936003,0.032493836136363634,22
851936004,0.01805838,9
851936011,0.033313293765625,64
851936012,0.03352542321428571,14
851936013,0.033087923,32
851947001,0.020322034,2
851947002,0.020322034,4
851947003,0.0389661,1
851992003,0.008638418333333333,6
851993001,0.09440678190476191,21
851996001,0.0629774005,24
851996002,0.06327495183333334,18
852026001,0.013542373,4
852031001,0.0381186435,2
852043001,0.021228814,4
852049002,0.047440680000000006,3
852049003,0.04593741953846154,13
852092001,0.02934297082352941,17
852092002,0.02906026333333333,9
852103002,0.07824576371428571,14
852109001,0.02102300307142857,14
852122001,0.052525423,1
852148003,0.013542373,1
852149002,0.016932203,2
852149005,0.033881355,7
852150001,0.02201695,1
852169001,0.015391525999999999,10
852174001,0.024564518408759124,137
852174003,0.02495193897260274,146
852174004,0.02540678,1
852180001,0.024932203545454546,11
852180003,0.030491525,10
852181002,0.029474575999999995,5
852181003,0.02186440725,8
852190001,0.06777966,3
852208001,0.0206203394,5
852219001,0.012864406666666666,3
852219003,0.0082828389,32
852228002,0.020322034,1
852255001,0.04320339,1
852289001,0.016932203,4
852299003,0.027101696,1
852300001,0.016932203,2
852300002,0.02540647178181818,55
852341001,0.02540678,2
852341002,0.0214661025,4
852365001,0.016932203,4
852365002,0.0196440674,5
852365005,0.030342065454545455,11
852369001,0.053822033666666665,6
852369003,0.027101695999999998,3
852369004,0.027101696,1
852369005,0.06383282930136987,73
852369006,0.062030884488888896,45
852370002,0.027101696,1
852374001,0.032186440250000004,4
852374003,0.013542373000000002,3
852374004,0.013542373,5
852374005,0.0134881357,5
852374006,0.033881355,2
852374011,0.033690676875,8
852374013,0.03302017687301587,63
852374015,0.031755447285714285,14
852379001,0.023163464644444447,45
852379003,0.02500052909375,32
852379004,0.033881355,3
852381001,0.016932203,3
852381002,0.016932203,1
852389001,0.0050677964,1
852420001,0.028572359769230768,13
852420002,0.05019491675,8
852442003,0.0493223931971831,142
852448003,0.042355932,1
852448004,0.018627118,1
852458002,0.029759886666666666,6
852465001,0.02201695,1
852465003,0.03068522942857143,7
852488001,0.01983474595,4
852488002,0.017699153199999998,4
852498001,0.024581487076923075,13
852511001,0.016516609826,50
852511006,0.01675786885714286,7
852512005,0.030491525,7
852512006,0.033881355,2
852513006,0.06721469000000001,3
852521001,0.03163074978571429,14
852521003,0.020322034500000002,2
852523001,0.015237289,3
852523002,0.02201695,1
852523003,0.04886286736363637,22
852534001,0.013316384333333334,6
852535001,0.06635530372222223,54
852536001,0.015237289,1
852536002,0.011372881599999999,5
852541001,0.021311634022727274,44
852541002,0.021081607777777775,27
852541004,0.015237289,1
852577002,0.025971750999999998,6
852584001,0.03326210265512821,780
852584002,0.03311586801169591,171
852584006,0.03296926096186441,236
852584017,0.033881355,9
852584022,0.03307867687654321,81
852585002,0.04122245753571429,56
852614001,0.03330739513636364,22
852614002,0.03300770336363636,11
852614003,0.03297740033333334,15
852614005,0.033881355,3
852636002,0.019774012,6
852641001,0.047141756636363635,22
852641003,0.10167797,6
852642001,0.033881355,1
852643001,0.024776271433333334,30
852643003,0.02502627145,20
852643004,0.0191302968125,32
852643006,0.02505475907692308,13
852666001,0.024888335411764707,17
852669001,0.0096525425,2
852670001,0.0389661005,2
852671001,0.018570621666666665,3
852672001,0.030491525,1
852674002,0.016728813,1
852678002,0.016668549555555554,18
852678003,0.016678736318181817,22
852678004,0.016744458615384615,13
852679001,0.03326502236363637,11
852679002,0.02540678,1
852679003,0.033881355,3
852680002,0.016707241545454544,11
852724001,0.0043898304,2
852724002,0.010152542,1
852724003,0.0043898304,3
852734001,0.042355932000000006,3
852739001,0.03291283228571429,7
852739002,0.0305525418,5
852739003,0.03184745730000001,10
852739004,0.010830509,1
852739005,0.032751411833333334,6
852740001,0.05083051,1
852740002,0.012186441,2
852746001,0.01674387922222222,18
852746002,0.016932203,9
852746003,0.0167627115,4
852746004,0.016573189272727273,11
852746005,0.0162966095,2
852746007,0.014844849846153845,13
852748001,0.03153389813636364,22
852748002,0.03050000013636364,22
852748003,0.030364406875,24
852748004,0.032186440250000004,4
852748005,0.0308305084,10
852748006,0.031418079,6
852767001,0.03632956666666667,9
852767002,0.018627118,1
852767003,0.016932203,1
852767004,0.042355932000000006,6
852767005,0.042355932,4
852772001,0.00601694922,5
852772004,0.006762712,1
852773001,0.025316384466666668,15
852773002,0.022016949999999997,3
852775001,0.013542373,9
852775002,0.01580458605882353,51
852775003,0.018231124272727273,11
852775004,0.03317514041666667,12
852775005,0.013542373,5
852785001,0.04017298073529412,34
852785002,0.0381186435,8
852785003,0.039111228645833336,48
852785004,0.040865275717948714,39
852809001,0.033881355,6
852834001,0.06697457500000001,4
852834002,0.049864408,1
852834003,0.033881355,1
852837001,0.0304915255,2
852843003,0.05083051,1
852843004,0.049360775964285716,28
852851001,0.02183898275,4
852860001,0.0101525425,4
852861001,0.011760828944444445,9
852862001,0.04088838334146341,41
852892001,0.013542373,1
852910001,0.060631961428571426,7
852923003,0.02201695,1
852932002,0.011347457916666666,12
852933001,0.008222457625,8
852940004,0.024989507904761905,21
852940005,0.019003766777777778,9
853006002,0.013542373000000002,3
853013001,0.013542373,1
853016001,0.012690678,4
853016003,0.01332203411111111,9
853081002,0.0033728813,1
853089002,0.030491525,1
853097001,0.013542373,8
853110001,0.032559321333333335,3
853113001,0.042355932,1
853122003,0.007919491550000001,4
853127001,0.02201695,2
853163002,0.03388135625,4
853163003,0.050830507500000004,2
853186001,0.013542373,1
853191001,0.010152542,2
853191003,0.015237289,3
853197001,0.008376449563157895,19
853198001,0.0083510895,7
853198002,0.008457627,6
853222001,0.00608474585,2
853222002,0.0043093221000000004,4
853222003,0.006762712,1
853239001,0.013190292886363636,44
853245001,0.015237289,1
853251001,0.0252542375,2
853256001,0.01493220375,4
853274001,0.013542373000000002,3
853284001,0.016786924571428573,7
853284002,0.01524152525,4
853316001,0.008382851341176471,17
853316003,0.007961992742424243,33
853317001,0.033881355,1
853321001,0.07474092071428572,7
853325001,0.015237289,1
853325003,0.0214576275,2
853327001,0.047090395400000006,15
853334001,0.006762712,1
853348001,0.016932203,1
853376001,0.030491525,1
853382001,0.011847458,4
853384001,0.0116324155625,16
853388001,0.014997175833333333,18
853390001,0.02540678,10
853390002,0.014688560125,8
853390003,0.024053672583333335,12
853391001,0.016932203,10
853391002,0.010152542,3
853391003,0.006762712,2
853393002,0.013542373,1
853394001,0.041750605071428575,14
853394002,0.0313389825,4
853394003,0.06607344466666666,3
853395001,0.010152542,2
853395003,0.011847458,1
853467001,0.018980225666666666,6
853467002,0.0295677965,4
853468002,0.030491526,3
853468003,0.041277349454545455,11
853469001,0.042355932,5
853472001,0.03004858713333333,15
853474001,0.025971751666666668,3
853474004,0.02789070755172414,29
853474005,0.021714643770491805,61
853504001,0.02161334825,16
853504002,0.02070998177777778,9
853504003,0.05083051,3
853510001,0.027101696,2
853510003,0.02918644,1
853510005,0.018627118749999998,4
853516001,0.015237289,1
853545001,0.020322034428571428,14
853545002,0.016788135333333332,6
853552001,0.013090395666666666,3
853552004,0.013542373,4
853554001,0.067237287,10
853554002,0.06777966,1
853556001,0.06777966,2
853557001,0.033881355,1
853558001,0.013184322125,8
853559001,0.0978073990909091,11
853562004,0.02201695,1
853567001,0.015802259666666665,3
853570002,0.10006780071428571,14
853572001,0.015525423500000001,6
853572002,0.016932203,6
853588001,0.0112542375,2
853589001,0.0129957628125,8
853589002,0.01312711875,12
853589004,0.013144068,4
853594001,0.042355932,1
853612001,0.008319403841379311,58
853612002,0.016259533625,32
853612003,0.016426404789473686,19
853612004,0.010152542,4
853612006,0.0157118642,5
853623001,0.016932203,3
853626001,0.02540678,1
853626004,0.016932203,1
853627001,0.00811016945,10
853632001,0.018864406,1
853636001,0.011353107500000001,6
853636002,0.011847458,11
853642003,0.013377966199999999,10
853654001,0.008276634264285715,28
853654002,0.008457627,13
853654003,0.007456012909523809,21
853654004,0.0081585956,14
853654005,0.0084067796,5
853654007,0.008381629216129031,31
853654008,0.008457627,2
853654012,0.008158192055555557,9
853654013,0.00816313550625,16
853654015,0.008222457625,8
853662001,0.0050677964,1
853680003,0.025101695,4
853686001,0.006762712,1
853694001,0.014107345,3
853694002,0.015237288999999998,5
853698001,0.02201695,1
853701001,0.010152542,2
853702001,0.02498305116666667,6
853702002,0.022864407,1
853704001,0.02201695,2
853708001,0.011847458,2
853714001,0.0043898304,2
853717001,0.0060847457,2
853721002,0.059305083,1
853728001,0.02201695,2
853740001,0.03369572142857143,21
853740002,0.0333661008,15
853740014,0.0330042366875,16
853740017,0.033881355,2
853752001,0.018288136,1
853753001,0.042355932000000006,3
853753002,0.042355932000000006,3
853754001,0.03896610175,4
853754002,0.06777966,1
853785005,0.021400261384615385,13
853785006,0.035934811153846155,26
853791001,0.035576273,1
853792001,0.033881355,1
853792005,0.02992655333333333,3
853803001,0.05789265533333334,3
853839001,0.023802664357142855,14
853839003,0.04222787177777778,9
853847001,0.048570622,3
853847002,0.05083051,3
853881001,0.016298956,177
853881002,0.013723828529411765,17
853881004,0.0155050847,10
853886001,0.05083051,2
853889001,0.030491525,1
853906002,0.02777966,2
853911001,0.03257040346153846,26
853912001,0.030262711749999997,4
853913001,0.013171186500000001,10
853916001,0.014389831,1
853920002,0.033881355,7
853921002,0.033881355,2
853924001,0.01015254225,4
853925001,0.022135592750000002,4
853925002,0.014932204,3
853928001,0.21347269333333332,9
853931001,0.01213135575,4
853931002,0.014677966,3
853931004,0.012483050628571428,14
853931005,0.01523728775,4
853949001,0.042355932,1
853978001,0.006762712,1
853992001,0.024286832153846156,13
854000001,0.00993785275,6
854003001,0.0337627125,2
854004001,0.03162146866666667,3
854004002,0.06684206390909092,22
854004003,0.0663521648888889,36
854020001,0.016651722274193547,31
854020005,0.011649717833333332,12
854021001,0.010954310739130434,23
854021002,0.013414043714285714,14
854025003,0.02783262675,8
854025004,0.02540678,5
854043001,0.025263241421875,32
854043004,0.029523112272727272,22
854043005,0.029563767393442623,61
854043006,0.029427195431818178,44
854043007,0.0207457635,8
854043008,0.030491525,2
854060001,0.02540678,1
854075001,0.04838229888888889,9
854075002,0.04948910569047619,42
854129001,0.118627116,1
854151001,0.0050677964,4
854168001,0.030491525,7
854181001,0.049418080499999996,12
854184002,0.03298305033333333,3
854184003,0.015237289,1
854184006,0.022016949999999997,3
854193001,0.016688982725000003,40
854193002,0.0165932201,45
854193003,0.016712267654761904,42
854193004,0.016549063013157894,38
854199001,0.016932203,1
854202001,0.016042373,2
854222001,0.025006164272727272,11
854222002,0.06664971666666668,6
854223001,0.008457627,3
854229002,0.009135593000000001,2
854236001,0.013542373000000002,6
854247001,0.041545879344827584,58
854247002,0.015098614,11
854261001,0.029439224914285717,35
854261002,0.02845338975,8
854262002,0.009967642181818183,11
854279001,0.013328197363636364,11
854301001,0.06755367166666666,3
854301002,0.0301186435,2
854301003,0.0249830505,4
854305001,0.042355932,1
854305002,0.03614124533333333,3
854322001,0.021677966000000003,6
854328001,0.02201695,1
854338001,0.014559322000000003,5
854338006,0.013449651117647059,17
854338008,0.017022598583333333,12
854338009,0.013542373,10
854356001,0.020472155285714284,7
854356002,0.012744221772727273,22
854356003,0.009975517555555556,9
854356006,0.021275608739130435,23
854384001,0.01670261915909091,44
854384002,0.016737287666666666,6
854384003,0.013046533318181818,55
854384004,0.016338982666666665,3
854384005,0.0050677964,3
854407001,0.030491525,1
854460001,0.022864407,5
854471001,0.0135847458,8
854471002,0.013559322,1
854532001,0.031191283542857145,35
854550001,0.030259533499999998,16
854573001,0.027028248833333334,6
854602001,0.04967039782524272,103
854602002,0.025368039095238094,21
854602003,0.01981356,1
854602004,0.04855520056756757,37
854602005,0.05022290816666666,66
854602008,0.05000476476470588,153
854602009,0.05030750732142857,56
854602010,0.05040061770454545,44
854619002,0.011783167931034485,29
854619003,0.021380414925925927,27
854637001,0.03190395416666667,6
854637002,0.015237289,4
854657001,0.005423729,1
854661001,0.012576271,1
854663002,0.016599575953125,128
854663005,0.016665762493333333,75
854677001,0.016932203,1
854677003,0.016932203,4
854677004,0.01664971733333333,3
854678001,0.008457627,1
854678002,0.0077288137,1
854678005,0.008457627,1
854679002,0.010661017,1
854679003,0.006423728849999999,2
854683001,0.004220339,5
854683002,0.0031186440714285712,7
854683003,0.0050677964,2
854683004,0.0033728812999999996,5
854687004,0.02622457675,16
854687009,0.013542373,1
854687015,0.016740112666666668,3
854701001,0.04978531133333333,3
854715001,0.02544491585,20
854724001,0.013542373,1
854726001,0.02226218296875,32
854726002,0.032080508125,8
854726003,0.040661018,3
854731001,0.023711864,1
854733002,0.033881355,2
854733004,0.017073446000000003,3
854733006,0.022581921666666668,3
854733008,0.018084745333333336,3
854736001,0.0250338985,4
854753001,0.003,1
854753002,0.0045762714,1
854758001,0.02512542405,20
854760001,0.021559322428571427,7
854760002,0.0197627124,5
854767001,0.05053140729411765,17
854776001,0.030491525,1
854777001,0.03360593125,8
854780001,0.024463680642857144,14
854784001,0.06325988566666667,3
854786001,0.06587288042857144,28
854787001,0.06402157090909091,22
854789001,0.021881356555555554,18
854793001,0.033881355,1
854793003,0.033881355,1
854793004,0.027101696,1
854794001,0.06405084683333334,18
854809002,0.0118474575,2
854811001,0.025250847599999997,10
854812002,0.016932203,1
854818001,0.008260132521739131,23
854818004,0.008429378423333333,30
854818005,0.008352165627777778,18
854826001,0.014075451419354838,31
854826002,0.02145197825,12
854830001,0.010050262706896552,29
854830002,0.02050031455555556,27
854854001,0.0208022605,6
854873001,0.050432204,8
854881002,0.02201695,1
854881004,0.02201695,8
854883001,0.030394452636363634,11
854883002,0.028584745499999998,8
854883003,0.030491525,4
854883004,0.030491525,1
854885001,0.030491525,1
854885002,0.030491525000000002,3
854885004,0.028584745499999998,8
854892001,0.0114237285,2
854920001,0.03709039533333334,6
854931001,0.019362096,11
854931002,0.01976271225,4
854951001,0.028228813499999998,2
854951003,0.04990657903571429,84
854951004,0.047983051944444445,36
854963004,0.020593220500000002,2
854963005,0.02201695,2
854967002,0.02879661,3
854977002,0.00659322046,5
854988001,0.059305083,2
855005001,0.016875705666666668,3
855037001,0.016932203,4
855055001,0.080627825625,24
855071003,0.042355932,1
855073001,0.019983050999999998,6
855076001,0.008305084666666667,3
855077001,0.007610169350000001,4
855077002,0.008355932333333335,3
855077003,0.00677966115,2
855080001,0.024979326076923075,91
855080002,0.02487651358730159,63
855080003,0.025245763,16
855080004,0.0246117106969697,33
855080005,0.024884394264150945,106
855080008,0.025255008022727274,44
855080009,0.024957313476190474,189
855080010,0.02530508511111111,9
855080011,0.024927061741573033,89
855081001,0.04939351652173913,23
855081003,0.021663991245614033,57
855081004,0.028481746846153844,26
855087002,0.0033728813,4
855098001,0.0389661025,2
855098002,0.042355932,2
855110001,0.008245762675,4
855110004,0.012728814,3
855126001,0.016497174833333333,6
855145001,0.0150381362,20
855160002,0.06777966,2
855180001,0.0252542375,4
855198004,0.016932203,3
855198005,0.04185946314583333,48
855200007,0.01772881325,20
855210003,0.05280790816666667,6
855211002,0.0511694925,2
855216001,0.013452784714285713,7
855216002,0.012970944333333331,21
855216003,0.007895479966666667,6
855216004,0.013542373,8
855239001,0.016493172944444443,72
855239002,0.016594027190476188,63
855239003,0.016588846048387094,62
855239004,0.016797274470588236,51
855240001,0.022022598666666667,3
855240002,0.02540678,2
855249006,0.020290018888888886,9
855249007,0.028764831375,8
855249008,0.04619160030434783,23
855249009,0.01865189023076923,13
855255003,0.030491525,1
855262002,0.023429378333333334,6
855274001,0.008457627,3
855303002,0.09802086346153847,26
855303003,0.10126392571428573,7
855317001,0.02201695,2
855317002,0.011564972,3
855317003,0.011847458,4
855323001,0.02540678,1
855323002,0.030491525,2
855346001,0.02201695,1
855358001,0.040726694375,8
855383001,0.0021525424,1
855386001,0.007688751890909091,11
855386002,0.008457627,4
855386004,0.008457627,3
855409001,0.047033896799999995,5
855467001,0.015237289,1
855477001,0.02540678,1
855477002,0.04735593346153846,13
855507001,0.009758543862295082,61
855507002,0.009874926674137932,58
855507004,0.00974606784774775,111
855509003,0.013542373,1
855521001,0.016932203,1
855521002,0.020322034,1
855531001,0.00990628138235294,34
855616001,0.03320096814285715,7
855616002,0.014694915,5
855673001,0.021883777928571428,14
855685001,0.02201695,1
855685004,0.02201695,1
855686001,0.02201695,1
855686002,0.021720339999999998,2
855706001,0.01618519424264706,68
855706002,0.01633371481756757,148
855706003,0.016413340298387098,62
855706004,0.01657882924528302,106
855716003,0.02201695,2
855716004,0.022016949999999997,6
855722003,0.010152542,1
855723001,0.007785310766666667,3
855735001,0.021911017625,8
855735002,0.016932203,2
855737001,0.013542373000000002,3
855737002,0.013542373,1
855748001,0.01659322,4
855748002,0.01992324896226415,53
855767001,0.042355932,2
855767002,0.042355932,2
855769001,0.03262221152631579,38
855769002,0.03110532632142857,28
855769003,0.030805649066666666,15
855772001,0.01934322075,4
855778001,0.033881355,1
855778002,0.027101695999999998,3
855778003,0.06777966,2
855788002,0.024644068375,8
855788004,0.05879660933333333,3
855790001,0.030377118374999998,8
855792001,0.008457627,1
855792003,0.0076101695,2
855793001,0.013211511416666667,48
855793002,0.01329696838028169,71
855793003,0.013375847599999999,40
855793004,0.0131525425,32
855793005,0.013378531166666666,24
855793006,0.012923728916666667,6
855798002,0.011847458,1
855803001,0.013542373,1
855809001,0.02540678,1
855816001,0.01583051,1
855816003,0.006762712,5
855816004,0.006554479571428571,7
855818001,0.026428572,7
855823005,0.009355932,2
855824003,0.0804915267,10
855827002,0.006762712,1
855827009,0.02540678,6
855834001,0.02540678,6
855834006,0.040957626999999996,34
855834007,0.041161017071428566,14
855847001,0.030491525,2
855847004,0.02816101675,4
855851001,0.013542373,1
855862001,0.04303874164285715,14
855893001,0.015986817,9
855893002,0.0251999998,10
855915003,0.0220169495,2
855915004,0.042227118200000004,5
855915005,0.016932203,3
855926002,0.06777966,1
855928001,0.033881355,6
855930001,0.059084744,5
855935004,0.021135593,1
855944004,0.015762711,1
855953001,0.033881356,5
855991002,0.014779661,2
856009002,0.015423729,1
856030001,0.022016949999999997,3
856047001,0.0155830502,5
856047003,0.016701694666666666,15
856047004,0.032819915,8
856060002,0.010152542,1
856060003,0.025158409653846154,26
856075001,0.0050677964,2
856107002,0.013542373,1
856109001,0.009711864242857143,7
856109002,0.009813559000000001,6
856109003,0.02540678,12
856113002,0.0303355926,5
856115001,0.016932203,12
856117001,0.027101696,2
856119003,0.019627119000000002,3
856121001,0.02189830566666667,3
856137001,0.024559321500000002,4
856198001,0.027101696,2
856232002,0.042355932,1
856270002,0.033379755122377626,286
856270003,0.03322886669426752,157
856290002,0.015237289,2
856290003,0.02498305116666667,6
856304002,0.031135593000000003,2
856310001,0.023526836250000002,12
856310002,0.020322034,4
856310003,0.025201506999999998,9
856310006,0.018627118,1
856332001,0.033881355,4
856332002,0.027101695999999998,3
856346002,0.025406779,2
856382001,0.02540678,1
856394001,0.013542373,1
856405001,0.050483052,2
856440001,0.042004237124999996,16
856440002,0.041705925861313865,137
856440005,0.030491525,5
856525001,0.03377966025925926,27
856525002,0.033881355,1
856527001,0.02067161025,8
856527002,0.016508474333333332,6
856551001,0.056997880050000005,40
856617001,0.006762712,3
856617002,0.016900726142857144,7
856617003,0.006762712,2
856617004,0.010152542333333334,3
856617006,0.00718644075,4
856633001,0.06777966,1
856644001,0.051314771,7
856666001,0.01452966075,4
856667004,0.023603813875,16
856667005,0.024853511214285716,28
856667006,0.024987185097560975,41
856678001,0.011711864666666667,6
856699001,0.016932203,4
856702001,0.048005649000000004,3
856714001,0.03440254216666667,12
856717001,0.014107345,3
856726002,0.013542373,5
856786002,0.050375616387096776,31
856786003,0.04958996242307693,26
856787001,0.0588194899,20
856797002,0.058514123,3
856805001,0.08309830575,20
856806001,0.05899152475,4
856808001,0.0494365,73
856808007,0.045179662200000005,10
856812001,0.084728815,2
856816001,0.05030383051851852,27
856818001,0.08442372983333334,6
856840001,0.016483597314516128,62
856840003,0.016932203,1
856840004,0.01668752692307692,39
856847001,0.02794188857142857,7
856847003,0.02159322,1
856848001,0.016690072285714286,14
856848002,0.016635189285714287,21
856863001,0.0478644055,4
856886002,0.030491525,1
856888001,0.033881355,1
856888002,0.013542373,2
856919003,0.024196126142857145,7
856919004,0.02540678,7
856919005,0.024781544555555556,9
856919006,0.022864407,1
856922001,0.030491525,4
856923001,0.009624697021428572,14
856927001,0.005954802207407407,27
856930001,0.05498305,1
856949001,0.02494083521296296,108
856950001,0.015090395999999999,3
856968001,0.118627116,2
856985001,0.016932203,1
856992001,0.02105847535,20
856992002,0.02201695,1
856995001,0.008294915166666668,15
856997001,0.017779661000000002,2
857004001,0.02201695,1
857007001,0.024166666916666666,12
857030001,0.042355932,4
857030003,0.08350555310344827,87
857030005,0.08412590885714286,77
857082001,0.042355932,2
857082003,0.09934463500000001,12
857084001,0.05083051,1
857097001,0.016512868592592593,27
857097003,0.02540678,13
857157002,0.008338983,1
857163001,0.013170904080882354,204
857163002,0.013401827116883116,154
857163003,0.013466101875,8
857171001,0.033881355,12
857171002,0.033881355,2
857171003,0.011055085,4
857176007,0.01981356,2
857215001,0.011682809,7
857224001,0.012293785666666666,12
857224002,0.016932203,3
857227001,0.036845036476190474,21
857227002,0.033334609258064515,31
857237001,0.013542373,7
857265005,0.023435028666666666,6
857265007,0.02540678,1
857265008,0.02540678,1
857267001,0.033881355,5
857267002,0.013013182777777778,9
857271001,0.043689265,3
857272001,0.066084745,4
857276001,0.04018201917391304,23
857277001,0.028796609700000003,10
857279001,0.05736671745454546,11
857280001,0.066084745,10
857299001,0.008457627,1
857301004,0.016932203,3
857327003,0.02978389775,4
857328003,0.021355933,1
857330001,0.01015932226,5
857337001,0.021537530857142856,7
857345003,0.06777966,1
857345008,0.053254236999999996,2
857347001,0.04520339125,4
857347002,0.05083051,1
857349001,0.0454576285,2
857349004,0.047694914,1
857350001,0.009299435,3
857354005,0.030491525,1
857357001,0.021282486666666666,3
857357002,0.02201695,2
857373001,0.016932203,1
857377001,0.013542373,2
857414001,0.040482777612903226,62
857414008,0.042355932,2
857417001,0.025002825000000003,6
857417004,0.013035892411764706,17
857417005,0.02540678,3
857420001,0.026677965999999997,2
857427001,0.01677966057142857,7
857427002,0.010152542,1
857427004,0.01642372852173913,23
857427006,0.009587570333333333,18
857440002,0.04917667471186441,59
857440006,0.0486857896923077,26
857448001,0.02540678,1
857448004,0.02540678,1
857448005,0.02540678,2
857448006,0.016932203,1
857448007,0.010152542,1
857453001,0.0206610168,5
857453002,0.01340677975,4
857453003,0.015237289,2
857453005,0.02201695,1
857453007,0.016932203,1
857453008,0.015237289,1
857514003,0.042355932,1
857519001,0.016932203,1
857541001,0.0271016945,2
857570001,0.03007627066666667,6
857571001,0.018127487695652172,23
857572001,0.040896422851851855,27
857574001,0.042355932,1
857574002,0.021849577125,8
857574005,0.02540678,1
857582002,0.02540678,2
857584002,0.015237288,2
857586003,0.0338813555,4
857586004,0.0381186435,2
857621001,0.040686594636363635,55
857621002,0.04221016933333333,15
857621003,0.049619856000000004,7
857630001,0.0050677964,1
857661001,0.042355932,1
857690001,0.0151737295,8
857690002,0.013444915375,4
857690004,0.013111380285714286,7
857699002,0.0389661,1
857713001,0.0076101697,1
857716001,0.0154949156,5
857716002,0.015237289,4
857725001,0.01588983085,4
857725002,0.01657203375,4
857725003,0.013548023,3
857755002,0.013542373,1
857755003,0.02063983125,4
857762001,0.021639225714285715,7
857764002,0.01442615057142857,7
857766003,0.02201695,1
857766004,0.02201695,2
857778001,0.03369426246153846,26
857778003,0.033881355,1
857778004,0.015237289,1
857778011,0.03344490276177286,361
857782002,0.016932203,1
857793001,0.066000003,4
857794003,0.016932203,1
857794006,0.01981356,2
857794007,0.027101696,2
857797003,0.0187796612,5
857806003,0.02201695,1
857812002,0.016661016600000002,10
857812003,0.024903201792592592,135
857812004,0.02464339004,25
857812006,0.020187651714285715,14
857812007,0.026832464230769234,26
857812010,0.02608474665625,32
857842001,0.012661017,1
857842002,0.015338983,1
857845001,0.013542373,2
857845003,0.012864406666666666,3
857851001,0.059305083,1
857855001,0.02540678,1
857855002,0.02419774,3
857855003,0.02044256111111111,9
857880002,0.016177965750000002,20
857887001,0.048963155434782614,23
857895001,0.0050677964,1
857896001,0.0213389832,5
857896002,0.02540678,9
857901001,0.017991525,4
857924003,0.012412429,3
857924004,0.010152542,1
857924010,0.033390457444444445,54
857924011,0.03349717433333333,15
857966001,0.013542373000000002,3
857974001,0.079478814875,8
858037001,0.016932203,1
858052001,0.0141087575,12
858052005,0.01330836535483871,31
858052006,0.018859486548387098,31
858052007,0.00870527292962963,54
858052008,0.015715411860465114,43
858062001,0.059305083,1
858078001,0.015237289,1
858123001,0.02477118675,4
858123002,0.02540678,2
858125001,0.03191949125,4
858145001,0.011847458,1
858147001,0.033107651465346534,202
858147005,0.0335199926407767,103
858147006,0.03139830425,4
858161001,0.013448516999999998,80
858161002,0.013231638583333332,12
858172001,0.009874091714285715,7
858172002,0.006762712,5
858206001,0.020830509285714286,7
858225001,0.04087736770588235,34
858278001,0.023711864,1
858279001,0.054220337,1
858280001,0.027101696,1
858288001,0.02540678,1
858305001,0.044474576,1
858306002,0.019550848000000003,4
858306003,0.020866526125,8
858306005,0.02201695,1
858306006,0.020548023333333335,3
858306016,0.02201695,1
858313001,0.025120855,23
858320002,0.016932203,1
858321001,0.013542373,1
858321002,0.016932203,1
858329001,0.030491525,13
858344001,0.020322034,1
858349001,0.0121389832,5
858350001,0.020322034,1
858376005,0.03967231644444444,9
858381001,0.04398565623076923,13
858381002,0.03458757016666667,6
858381003,0.033881355,4
858381004,0.0347288132,5
858389004,0.016830508217391304,23
858401001,0.016932203,1
858401002,0.008949152,1
858407001,0.022016949999999997,3
858407002,0.02201695,17
858419001,0.00622033908,5
858419002,0.011847458,2
858441001,0.02540678,1
858453002,0.0271016945,2
858456002,0.011550847666666668,6
858460001,0.016932203,1
858460002,0.033627917264150944,106
858460006,0.033467246243243244,37
858517003,0.033881355,3
858517004,0.03271398225,8
858542001,0.00771791765,14
858545001,0.007572639178571428,14
858556001,0.005436440725,16
858565001,0.04652715432653061,49
858565002,0.04981779825,4
858568001,0.006536723233333333,3
858610001,0.039531073,3
858640003,0.030432203,12
858640004,0.020576271333333333,12
858671002,0.012767554714285714,7
858671003,0.01271610175,8
858692001,0.011847458,2
858692003,0.0130000002,5
858692004,0.01325262319047619,21
858692005,0.011254237555555555,9
858731001,0.0083135595,4
858740002,0.016932203,1
858740004,0.030491525,1
858764001,0.033881355,1
858783001,0.016932203,1
858800003,0.013542373,1
858800004,0.01981356,2
858816001,0.047440680000000006,3
858833001,0.0271694915,8
858833002,0.030071186,5
858833004,0.030268509947368422,19
858834001,0.02540678,2
858834002,0.025000000300000002,10
858834003,0.02512711892857143,14
858854002,0.02540678,1
858856001,0.041445072370370366,27
858856002,0.04171565898507463,67
858856004,0.04162383806451613,31
858856005,0.04148057361538462,65
858866001,0.0387762708,5
858871002,0.030237287,1
858878001,0.024847458,3
858880001,0.030491525,1
858883001,0.010580552788421052,95
858883002,0.02540678,4
858891001,0.0131355932,5
858895001,0.017529660750000002,4
858908001,0.010152542,1
858910001,0.010152542,1
858910002,0.0118474575,2
858912001,0.025125000375,8
858912003,0.022959322100000002,10
858912004,0.024351695,4
858918001,0.025256053607142857,28
858918004,0.025171032727272728,11
858983001,0.0323220335,2
858992001,0.05083051,6
858992005,0.020796611,2
859025001,0.02540678,2
859053002,0.0789661,1
859056001,0.08811863999999998,3
859066001,0.004934624528571429,7
859068001,0.03346499634782609,23
859073002,0.02540678,1
859076001,0.023711864,3
859077005,0.024936549692307693,39
859077008,0.022864407,2
859077013,0.013996541346938776,49
859077015,0.025325800666666665,18
859077016,0.02498728845,20
859077017,0.018627118,1
859077018,0.02491916592307692,26
859081001,0.014220339633333332,9
859081002,0.008614035080701755,57
859081003,0.016149152899999998,5
859092001,0.02540678,3
859101009,0.016757061833333333,6
859101011,0.015237288999999998,5
859105002,0.01041996205,18
859105003,0.01523996410526316,19
859105004,0.008308851122222223,9
859105005,0.0132259885,6
859105006,0.014076639608695651,23
859105007,0.011832203500000001,10
859105008,0.0138813556,5
859105009,0.01518886165,14
859105010,0.006762712,1
859118001,0.014517353333333332,21
859118002,0.014268765714285713,21
859121001,0.035576273,2
859123001,0.005857729827272727,33
859125001,0.032581134208695656,115
859125004,0.033218026977272726,44
859125005,0.03139107883157895,95
859125006,0.032922836026315794,38
859125007,0.03237661763779528,127
859135001,0.04985267353846154,13
859136002,0.03343230722222222,81
859136003,0.032957626500000003,8
859136004,0.0261457629,20
859136005,0.03270628825,76
859136006,0.033418857632183906,87
859139001,0.0415974575,4
859139002,0.03424368379245283,53
859139003,0.038294696645161296,31
859148001,0.012412429,3
859148002,0.016932203,3
859148003,0.013286252444444445,27
859152001,0.0652372895,2
859153001,0.02310653744642857,56
859153002,0.013542373,2
859154001,0.016932203,3
859158001,0.013542373,4
859174001,0.009451977111111112,9
859174003,0.010152542,1
859174004,0.0096440675,4
859174006,0.010152542,3
859174009,0.0096440675,4
859174012,0.009700564666666668,9
859174014,0.009883474375,8
859174016,0.0098271184,5
859174017,0.009783050500000001,5
859174022,0.010152542,2
859174023,0.009736517454545455,11
859174033,0.0097514125,3
859176002,0.031881355,1
859186001,0.024734866250000005,28
859186002,0.016932203,1
859186005,0.015237289,1
859191001,0.011847458,2
859205001,0.006916061464285714,42
859208005,0.007179921684615385,13
859208006,0.00761016935,8
859208007,0.0078915253,5
859232001,0.016932203,1
859236001,0.010152542,2
859236004,0.008612288000000001,8
859236006,0.006685028333333333,12
859236009,0.0083406779,10
859247007,0.02540678,1
859249001,0.01465536711111111,9
859262001,0.004465104623529412,34
859276003,0.020362288125,8
859279001,0.02540678,4
859318001,0.00953995138095238,21
859319002,0.030491525000000002,3
859326002,0.015237289,1
859327001,0.030491525,1
859327002,0.030491525,2
859339001,0.010152542,2
859363001,0.014954802500000001,6
859363002,0.013542373,1
859363003,0.014389830999999999,2
859396001,0.01319279675,8
859399001,0.02853107322222222,9
859399006,0.02537091656521739,69
859400004,0.030312146583333335,12
859400005,0.05740496253571429,28
859400006,0.032802259533333336,15
859400007,0.048582947303030304,33
859401001,0.02755932227777778,18
859416011,0.016932203,2
859416013,0.008457627,6
859419001,0.040838982875,8
859423001,0.06593066181818183,22
859424001,0.024441091609756094,41
859424003,0.042355932,5
859424004,0.0366913843125,48
859458002,0.013881356000000001,10
859458008,0.013542373,1
859597001,0.013542373,2
859617001,0.04176486896363636,55
859617002,0.0412966105,4
859619001,0.030491525,2
859622001,0.022581921333333334,3
859622002,0.027101694666666665,3
859622006,0.020322034,2
859623001,0.042355932,4
859626003,0.016932203,2
859627001,0.018432204,6
859668001,0.033740112083333336,12
859668003,0.013542373,2
859687002,0.050570622333333336,3
859696001,0.05083051,1
859703001,0.021723655869565216,46
859706001,0.01303389825,4
859711001,0.027518888771084337,83
859711004,0.030491525,13
859725001,0.042355932,1
859736001,0.029788488416666665,48
859736002,0.030052195329545454,88
859736003,0.030341404,28
859737001,0.024954848852459015,122
859737002,0.024646719296089383,179
859737003,0.024883657901234566,81
859737004,0.024712484780487803,164
859743001,0.021630110333333334,51
859743002,0.021554511329032258,155
859743003,0.02173145393442623,122
859743004,0.02158776284745763,59
859743006,0.02162310513157895,38
859744001,0.02933680976923077,39
859744003,0.030491525000000002,6
859746001,0.02201695,1
859747001,0.011847458,1
859747002,0.010661017283333333,6
859789001,0.016423728,1
859805001,0.0221002825,12
859805002,0.016508474285714288,7
859805004,0.0248796613,20
859805007,0.023745762857142857,21
859808001,0.01543546346153846,26
859808002,0.02474826681818182,88
859808003,0.022613075314285712,35
859845001,0.009932203,1
859850002,0.021512107,14
859851001,0.006762712,3
859873001,0.03315696326086957,23
859874001,0.059305083,2
859886001,0.020322034,1
859888001,0.08410169625,4
859890001,0.04009604566666666,3
859903001,0.033881355,1
859912003,0.042355932,1
859926001,0.02297941907142857,14
859926003,0.02362288175,8
859932001,0.0186271195,2
859940001,0.013542373,1
859942001,0.02522033925,8
859945001,0.029118644,2
859952001,0.024825666142857142,7
859952002,0.06777966,2
859957002,0.11757061866666667,3
859961001,0.13557628,1
859965001,0.04744067799999999,3
859983001,0.054220337,1
860030001,0.05083051,3
860045002,0.034901694,5
860063002,0.050694916666666666,3
860063003,0.05083051,4
860063004,0.05083051000000001,10
860135003,0.04163579975609756,41
860135011,0.042045379709677415,31
860135014,0.042355932000000006,3
860135016,0.04193187094117647,51
860138001,0.016932203,1
860138002,0.016932203,1
860170001,0.02449878957142857,7
860170002,0.009174113936363637,11
860172001,0.03834463244444444,18
860172002,0.03931506816438356,73
860172003,0.03878420797560976,41
860172004,0.03930131814814814,27
860172005,0.04045371561538461,26
860172006,0.04039765338461539,13
860204002,0.012412429,3
860217001,0.042355932000000006,3
860218001,0.084728815,1
860231002,0.008457627,1
860232001,0.042355932,1
860241001,0.05083051,1
860246001,0.016932203,3
860249001,0.04823163927777778,18
860249002,0.04829755311111111,27
860256002,0.058848397555555564,18
860258001,0.0414872885,4
860258002,0.06523729,1
860264001,0.020533898999999998,6
860264002,0.020513097727272726,11
860285001,0.03324143816326531,49
860285002,0.03363922428571429,14
860295002,0.016178907444444446,9
860295003,0.0135423725,2
860295004,0.0164039545,6
860301001,0.033705084,10
860301003,0.011847458,3
860302001,0.012974576,2
860302003,0.0165932202,5
860305001,0.014672316333333333,3
860305003,0.012669491833333333,6
860317001,0.021939908272727272,11
860322001,0.008234576372,25
860322002,0.00477966096,10
860322003,0.005200968421428572,14
860322004,0.012493220533333332,30
860334001,0.01515657780952381,21
860334002,0.005576271075,12
860336001,0.008334360495454546,22
860336002,0.007933010371428573,21
860336003,0.0033258003222222223,18
860336004,0.003677966058333334,12
860359001,0.016932203,1
860361002,0.00803389835,2
860367001,0.0156610175,4
860367002,0.0150338985,2
860395001,0.008096740469230769,65
860395002,0.008006306560465117,43
860411001,0.0050677964,4
860411003,0.008330508371428572,14
860411004,0.00669491537,10
860411005,0.011847458,1
860411009,0.016508474500000002,4
860480001,0.015237289,3
860489001,0.016932203,1
860489002,0.014616447025925926,27
860489003,0.017517554785714286,28
860498001,0.024768362,3
860521002,0.008457627,1
860523001,0.020322034,1
860523002,0.020322034,1
860525001,0.008380145214285714,14
860525002,0.008128329242857142,7
860525003,0.009549434866666666,12
860525006,0.008072740041666667,24
860525007,0.009131073266666668,15
860525008,0.010152542,5
860525009,0.016653601375,16
860527001,0.010152542,1
860546001,0.015237289,4
860549002,0.028610169666666668,3
860575001,0.015237289,1
860578001,0.016932203,1
860581001,0.011847458,4
860585005,0.023836864375000003,8
860585007,0.011525424,4
860590001,0.008457627,2
860616003,0.03004660975,4
860617001,0.014084746,1
860618001,0.025813559333333333,3
860618002,0.0274847456,5
860620001,0.02540678,2
860620002,0.02540678,2
860622001,0.022864407,4
860622002,0.0238262715,4
860622003,0.023711864666666665,3
860623001,0.02540678,1
860623004,0.02540678,1
860623005,0.02540678,2
860624003,0.0233728816,5
860624006,0.023742373,10
860624008,0.023182203499999998,4
860624012,0.0252966105,4
860625001,0.033881355,2
860630003,0.00863233376923077,13
860630004,0.006290018683333333,18
860632001,0.012398305,2
860632004,0.006762712,1
860632007,0.013542373,1
860645001,0.008457627,1
860646001,0.033881355,6
860646002,0.00813983045,4
860651001,0.014107344666666667,3
860651002,0.009934462966666667,15
860653006,0.006536723283333333,6
860657001,0.006762712,1
860657002,0.004898305033333334,3
860657003,0.013542373000000002,3
860657004,0.006762712,4
860658001,0.02201695,9
860663002,0.025088983375,8
860663007,0.02216592331578947,19
860680001,0.016932203,1
860681001,0.008457627,1
860682002,0.0099830505,2
860696011,0.0028135593,1
860696035,0.0023898305,1
860705001,0.03935723723076923,13
860705002,0.02644067781818182,11
860705004,0.02602281692307692,26
860711001,0.0399322025,2
860711002,0.039177965999999995,2
860720001,0.033572033125000005,8
860731001,0.047440678,5
860731002,0.07548022,6
860738001,0.010152542,8
860738002,0.010152542,2
860746001,0.02540678,1
860746002,0.02201695,1
860751002,0.02201695,1
860752001,0.023463680642857143,14
860752002,0.023881356200000002,10
860754001,0.033881355,1
860797001,0.025015867567375887,282
860797002,0.02499745154887218,133
860797003,0.02503678551098901,182
860797004,0.025014353603603604,111
860819001,0.029618643625,16
860820001,0.02131285375,24
860822001,0.024921435988235294,85
860822003,0.024830841098039215,51
860833001,0.024453315692982456,114
860833002,0.02485034925882353,170
860833003,0.024347458,6
860833004,0.024877119,4
860833013,0.024829349871794873,117
860833018,0.024914827201680673,119
860833022,0.02477430896491228,57
860857002,0.035576273,1
860857003,0.027101696,2
860867001,0.06777966,4
860867002,0.04831779539285714,28
860883001,0.10167797,3
860886001,0.101406785,2
860888001,0.04066102,1
860892001,0.08811864,2
860893001,0.033881355,1
860894001,0.04087005666666666,3
860895001,0.10113559466666666,3
860896001,0.05040678,1
860901001,0.04066102,1
860904001,0.07625423,2
860907001,0.010736077095238095,21
860923001,0.027101696,1
860949001,0.014019773999999999,12
860949002,0.016287589096774194,31
860949003,0.013915254899999998,10
860977001,0.027440678,2
860978001,0.015720339,2
860982001,0.026031074,6
860982003,0.0467627132,5
860985001,0.010152542,1
860988001,0.021652543,2
860988007,0.018306968633333334,9
860988010,0.01810169525,4
860997001,0.008305085,1
860997002,0.025299869846153848,13
860997003,0.025256658999999997,7
861020001,0.042355932000000006,3
861023001,0.012412429666666667,3
861023002,0.015237289,4
861023003,0.02823163766666667,3
861024001,0.03128248533333333,9
861027001,0.014516949833333332,6
861028001,0.0155920904,15
861029001,0.0333728805,10
861029002,0.0182338976,5
861035001,0.0168086155,24
861035002,0.016907720888888887,18
861036001,0.025067796799999997,5
861036002,0.019681733111111113,9
861036003,0.017664928,13
861040001,0.04394632866666667,18
861041001,0.03124858683333333,6
861043002,0.059305083,1
861051001,0.055067795499999996,6
861053001,0.013542373,7
861095001,0.0116347461,20
861121001,0.019846376127659576,47
861123001,0.05815254266666667,3
861133001,0.026548023333333337,3
861167002,0.055330509,2
861173001,0.024389830777777777,9
861173003,0.02986366952173913,23
861173004,0.038186441800000005,10
861173005,0.05083051,1
861182001,0.024932204,1
861260001,0.0135423725,2
861260002,0.019830508,2
861373001,0.013542373,1
861379001,0.02540678,1
861409001,0.015237288,4
861409002,0.021065375885714284,35
861410002,0.03039548,6
861410003,0.029404067559999997,25
861410004,0.029788633764705884,17
861411002,0.011813559666666668,6
861411003,0.010152542,6
861411004,0.02540678,15
861423001,0.013542373,1
861431001,0.01440113,3
861431002,0.0076101697,1
861434001,0.0104491525,2
861442001,0.01570273876923077,13
861442003,0.016651001318181816,22
861443001,0.011847458,7
861443003,0.013258474499999999,4
861451002,0.016932203,5
861457001,0.008215496342857143,7
861458001,0.02303874142857143,7
861458002,0.016932203,1
861462001,0.02201695,1
861464001,0.01688559275,8
861464002,0.01573849857142857,7
861469001,0.010999999666666668,3
861469002,0.01505598427651515,132
861471001,0.029714688958333332,24
861477001,0.025152542700000002,10
861477003,0.025232445714285713,7
861478001,0.025244821333333334,9
861478002,0.016762711599999997,15
861478003,0.02540678,6
861498002,0.02525047111111111,9
861514001,0.023354490106382977,47
861514004,0.012466102133333332,30
861519001,0.04058278946153847,13
861541001,0.008220339,2
861541002,0.021254238,1
861547001,0.026576271,1
861547002,0.024841807666666663,3
861558002,0.015065961229166666,120
861558003,0.01697856971264368,87
861564001,0.0181711859,10
861564002,0.016752394695652175,23
861565001,0.03360424985714286,63
861569001,0.06777966,2
861574003,0.030491525,1
861582001,0.02201695,1
861583001,0.04636697006976744,43
861583002,0.05005875835555555,45
861583008,0.04835792747058824,17
861583009,0.049629698956521744,46
861597001,0.016932203,1
861600001,0.033881355,4
861600002,0.05083051,1
861600003,0.03079815081818182,11
861604001,0.0304915255,2
861608001,0.03163019954545455,11
861608002,0.031201848181818183,11
861608003,0.025783427,9
861617001,0.011847458,1
861620001,0.021063335842105263,19
861621001,0.012994067875000001,20
861621002,0.013394989043478262,23
861639001,0.059305083,2
861660001,0.07357704236363637,22
861660002,0.0650677982,5
861682001,0.0950067828,5
861682002,0.09259503957142858,28
861685001,0.011483419608695651,23
861685002,0.01126553705,30
861710001,0.03286016875,4
861710002,0.0335508475,2
861710003,0.033881355,2
861710004,0.033881355,5
861710005,0.033881355,1
861712001,0.047440680000000006,3
861728001,0.033881355,4
861731001,0.030411621857142856,35
861731002,0.016538982755555556,45
861737001,0.042355932000000006,3
861740001,0.0253881354,10
861765001,0.02238983109090909,11
861765003,0.027361581333333333,3
861767001,0.02984665084126984,63
861767002,0.021557794475409835,122
861769001,0.010152542,1
861778001,0.032627118000000004,52
861803001,0.016176112015625,64
861803003,0.015237289,1
861803009,0.016555084464285715,56
861803014,0.01655471961589404,151
861836005,0.008457627,1
861847004,0.02133595707142857,28
861847005,0.02195641707142857,14
861848001,0.033133600352941175,17
861848002,0.02001386772727273,11
861848004,0.0197796612,5
861850001,0.016893462,7
861850002,0.016584161086206896,58
861850003,0.0164576268125,16
861850004,0.016750384909090907,11
861850006,0.016366525125,8
861851001,0.02201695,2
861851002,0.021675359384615383,13
861851003,0.021532204,5
861953002,0.05083051,1
861970002,0.012830509,1
861972001,0.047989831733333335,15
862054001,0.033311863750000004,20
862063001,0.029663964130434782,23
862063002,0.03006016895,20
862065001,0.04139406775,4
862069003,0.022016949999999997,3
862092002,0.050014528571428574,7
862103001,0.056776834666666665,12
862103003,0.0590474564,5
862104001,0.050451272500000005,8
862104002,0.05003013255555556,9
862104009,0.05083051,1
862104018,0.050370461428571434,21
862105001,0.05908166272727273,11
862105003,0.058355931,13
862105004,0.05825032461538461,13
862105005,0.05917917514285714,7
862105009,0.059305083,4
862105013,0.05911525286666667,15
862105014,0.058723163,3
862106001,0.04994847596,25
862106003,0.050577299666666665,33
862106004,0.04991949285714286,28
862106006,0.05000975996969697,33
862109001,0.023711865,2
862116007,0.006762712,6
862116008,0.010152542,3
862122001,0.01680871642857143,7
862122002,0.016932203,1
862167001,0.016213820323076923,26
862167002,0.024502825000000002,3
862167003,0.04014877611111111,9
862167004,0.018705345692307692,13
862167006,0.03265793527272727,11
862174001,0.0176991525,4
862174002,0.016932203,2
862201001,0.02908936790909091,11
862219002,0.020101694,1
862219003,0.05083051,2
862249001,0.02540678,2
862249002,0.024135593333333333,3
862271001,0.0302463274,15
862271003,0.029914043214285712,28
862272001,0.03601614342857143,21
862272003,0.06540086627906977,43
862272004,0.06746610075000001,40
862316001,0.0205974585,8
862319001,0.020322034,1
862325001,0.02829265533333333,15
862325002,0.039318019736842104,38
862325003,0.0164305082,5
862325004,0.041296609875,8
862336001,0.02201695,4
862340001,0.0244180785,24
862340002,0.028730696074074077,27
862368002,0.013542373,2
862379006,0.010771185999999999,2
862380001,0.05083051,7
862386002,0.061,2
862396001,0.033881355,1
862399001,0.023711864666666665,3
862414001,0.020322034,3
862425001,0.03705932175,4
862431001,0.0716779655,10
862433001,0.0577754225,8
862439001,0.011,1
862449001,0.015237289,4
862453001,0.029670621177777776,90
862453002,0.02956832596875,32
862482001,0.017506933636363634,11
862482002,0.013542373,4
862482003,0.01240889821875,16
862482004,0.013832929857142856,7
862482005,0.01348426157142857,7
862482007,0.017682746547008545,117
862482009,0.01931087179512195,41
862483001,0.011338091284210526,19
862496001,0.0132847459,10
862496002,0.011385842705882353,17
862559001,0.013542373,1
862561001,0.03366101666666667,3
862563001,0.02540678,1
862626001,0.013090395666666666,3
862626004,0.010830509,1
862626005,0.012067797,2
862626008,0.013542373,1
862627002,0.010050847,2
862627003,0.009535593200000001,5
862635001,0.02540678,1
862642002,0.008457627,1
862661005,0.012036723,6
862693001,0.01809745825,12
862693002,0.0245118646,10
862693003,0.012073446313333335,15
862693005,0.008457627,3
862693006,0.014266344142857143,7
862693007,0.0252118645,2
862693009,0.010745763,1
862693010,0.020887005333333333,3
862693011,0.022016949999999997,3
862730003,0.006762712,2
862738001,0.033435027400000004,15
862738003,0.03355851423809524,21
862738006,0.03206537464285714,14
862751001,0.006506690555263157,38
862821001,0.010152542,7
862821004,0.02540678,4
862834001,0.0060847457,1
862937001,0.015237289,1
862937002,0.013542373,1
862956001,0.021288136,2
862956002,0.015237289,9
862956004,0.019474576125,16
862958001,0.0243016952,5
862958002,0.024135593599999998,5
862959002,0.02201695,1
862970001,0.021564209955010225,489
862970003,0.01968644125,4
862970004,0.049939395242424245,33
863000002,0.0193156780625,16
863000003,0.0200455509375,16
863000004,0.020322034,10
863000005,0.05050847533333334,6
863001001,0.015672155485714285,35
863001002,0.022809322125,8
863002001,0.009483051,2
863013001,0.02169774066666667,6
863013003,0.013542373,1
863024001,0.02540678,2
863067001,0.013761171181818181,11
863067002,0.012919492,4
863067003,0.013825886045454545,11
863103003,0.0214491535,2
863106001,0.011210654142857143,7
863107001,0.008457627,3
863116001,0.021531668736842105,19
863116002,0.02053578227777778,18
863116003,0.020694916,10
863116005,0.020720339400000003,10
863123002,0.02395399542857143,7
863123005,0.0234745765,10
863123007,0.022864407,2
863156001,0.021717514333333337,6
863156002,0.011847458,2
863156003,0.014847458374999999,8
863163001,0.02486293326086957,23
863163002,0.013460574913043477,23
863171001,0.004559322,2
863246003,0.0247754239375,16
863248014,0.0028135593,1
863250018,0.0027542373,2
863284001,0.04825120563157895,95
863287003,0.0335403780882353,34
863295001,0.013008473999999999,2
863308002,0.008457627,1
863346001,0.0103601695,4
863409001,0.030416195333333333,27
863409002,0.027101695999999998,3
863438001,0.13557628,2
863456001,0.0230921611875,16
863456002,0.0168843222125,40
863456003,0.025194915583333335,24
863456004,0.02410395506666667,30
863456005,0.02332073023076923,13
863456006,0.023617702888888887,9
863456007,0.024771186666666667,6
863456008,0.02498305116666667,6
863477001,0.016363039677419356,62
863477005,0.0168847454,5
863477006,0.016739951242857144,70
863499001,0.0218050855,6
863499002,0.013271186600000002,5
863502001,0.033881355,1
863502004,0.033881355,1
863515001,0.009926553333333333,9
863515004,0.009831505176470589,17
863525002,0.02540678,1
863541001,0.0048644066,3
863541002,0.004605932050000001,4
863544001,0.0149576275,2
863560001,0.016932203,1
863560004,0.016932203,2
863561001,0.029106537428571427,7
863561002,0.0186271195,2
863561003,0.0296203388,5
863564001,0.02540678,2
863564004,0.02503954833333333,3
863564005,0.020322034,1
863565001,0.024406779944444443,18
863565004,0.014819208833333333,12
863570001,0.016732579666666667,9
863570003,0.01544915225,12
863574001,0.0304999995,2
863574002,0.0325288128,5
863574008,0.033881355,3
863577001,0.0325254232,5
863581001,0.030491525,1
863581002,0.033881355,1
863583001,0.03311612690247453,687
863583002,0.03310859366932725,877
863586001,0.018627118,1
863587001,0.016640954387755102,49
863587002,0.016489569461538463,52
863587003,0.0167813556,10
863587004,0.01626315757894737,19
863587005,0.016661016588235295,34
863587006,0.01643099257142857,7
863587007,0.016442372599999998,20
863587008,0.016555555222222223,9
863595001,0.03310249703947368,380
863595002,0.033224082226865674,335
863595004,0.033142462869980883,523
863595005,0.03307434335616438,365
863595006,0.033126126784224844,1103
863599001,0.011606537821428573,14
863599002,0.0124915259,10
863620002,0.013476531976923077,26
863620007,0.010293785333333333,3
863626001,0.042355932,2
863644002,0.06777966,5
863644003,0.06777966,8
863644004,0.06654699427272727,11
863644005,0.067084745,6
863644006,0.06696045094444444,18
863646001,0.03303098967647059,204
863646002,0.033331023559420296,345
863646003,0.033153493839887645,356
863646004,0.03311860344,425
863646005,0.033206848081632656,490
863649001,0.01238983,1
863665004,0.01679912088888889,27
863667001,0.01761017,1
863692001,0.06733559250000001,10
863692002,0.06756949100000001,5
863692003,0.06721468833333334,6
863692004,0.06777966,1
863692005,0.06777966,8
863700001,0.016932203,1
863700003,0.011847458,3
863721001,0.05374364275,8
863732001,0.16779661,1
863741002,0.084728815,1
863751002,0.013259887,3
863753001,0.02540678,2
863753003,0.02540678,1
863753004,0.016932203333333333,3
863764001,0.20169492,2
863797001,0.018627118,1
863798001,0.007904468381818183,11
863849004,0.030491525,2
863849005,0.030491525,2
863849006,0.030491525,1
863853001,0.03382485866666667,3
863891001,0.012783051,5
863920001,0.0165084745,4
863937003,0.01143132696,145
863937007,0.011398305333333332,6
863937008,0.0084576272,2
863937010,0.011569491795,100
863946001,0.08372542499999999,5
863951001,0.027440678,1
863952018,0.010152542,1
863967001,0.040258475,4
863967002,0.0302161025,8
863967006,0.02201695,2
863980001,0.012081592709302326,43
863980002,0.018324455166666666,42
863980003,0.019459167727272728,11
863983001,0.013412429499999998,3
863983002,0.02442373,1
864006001,0.033881355,1
864013001,0.02201695,1
864014001,0.010152542,2
864032001,0.009584746000000002,2
864040001,0.021420846340206186,194
864040002,0.008118644,1
864040004,0.021788136333333333,12
864043002,0.03137596254545454,11
864043003,0.03162146866666667,3
864043004,0.03185875655555556,9
864055001,0.1330837467352941,34
864116002,0.015733050499999998,8
864116003,0.0166377115625,16
864214001,0.027101695999999998,3
864216001,0.049583434225352115,71
864216003,0.0496358063875,80
864216004,0.050634652777777775,9
864216005,0.049217298051282055,39
864224005,0.049642707008928574,112
864231002,0.01629794810526316,19
864231003,0.016932203,1
864238001,0.08209510355555555,18
864238002,0.08207869357142858,14
864274001,0.019822034,4
864274003,0.047166102,5
864276002,0.010101695,2
864288003,0.005423729,1
864295001,0.020107345111111112,9
864295002,0.0200423735,10
864295003,0.0197665645,22
864295004,0.02062972669230769,13
864297003,0.03335038450909091,55
864297004,0.03332876632876712,73
864309001,0.016367231333333333,6
864309002,0.016932203,2
864315001,0.0444745755,2
864316001,0.029513559,10
864316002,0.022016949999999997,6
864316003,0.042355932,1
864339003,0.021534840722222223,18
864345001,0.049477716222222225,27
864363001,0.04967334475757576,33
864369001,0.004495762675,4
864371001,0.032186440250000004,4
864371005,0.027101696,1
864371006,0.033881355,1
864372001,0.0065762713,1
864373001,0.033826270000000006,4
864380002,0.059101693250000004,4
864400001,0.008355932120754717,53
864415001,0.0164736491015625,128
864415002,0.016527046938697318,261
864415003,0.016486416035885167,209
864415004,0.016611864100000002,10
864415005,0.01655380040151515,132
864433002,0.02201695,1
864434001,0.02464406808333333,12
864434002,0.02540678,6
864434003,0.02282445542857143,14
864434004,0.022482109444444443,9
864434005,0.0239389833,10
864435001,0.020322034,1
864435002,0.024135593333333333,3
864436002,0.01434322025,4
864436003,0.0142966105,2
864436004,0.0158033898,5
864436006,0.016932203,1
864437001,0.029813559125,8
864437003,0.029655367333333335,3
864437005,0.03331638333333333,6
864437008,0.0325254232,5
864443001,0.031885593000000004,8
864443002,0.030943502500000004,18
864443004,0.029361582333333334,3
864459001,0.024359920529411765,17
864459002,0.024259080214285713,14
864487001,0.02347848776923077,13
864487004,0.02540678,2
864498001,0.02247231653333333,15
864500001,0.018004842142857143,7
864500002,0.039109135853658536,41
864501001,0.05083051,1
864509002,0.024715549260869562,23
864509003,0.0167463274,30
864510001,0.047440680000000006,3
864513001,0.01652865180952381,21
864513006,0.01354237325,16
864549001,0.0204110175,4
864562001,0.016224158211267607,71
864562005,0.01648654011764706,17
864596001,0.00744067795,10
864596003,0.0048728812125,8
864615001,0.008457627,1
864623001,0.006310734566666667,3
864653003,0.011847458,2
864653004,0.02201695,1
864668001,0.008457627,1
864668002,0.008457627,4
864703001,0.0063559323000000004,5
864703003,0.008457627,2
864703007,0.007451977333333334,3
864703008,0.0076101697,1
864703014,0.0054915253,4
864703017,0.0059152544,2
864703018,0.008457627,1
864716001,0.0050677964,2
864722001,0.033881355,1
864755001,0.016084745625,8
864755008,0.013944914999999999,4
864755009,0.0168728809375,16
864782001,0.02201695,2
864782003,0.033881355,1
864822001,0.011566586285714286,14
864822002,0.011847458,3
864867001,0.084728815,3
864885001,0.059305083,6
864885002,0.067381355,4
864894001,0.008457627,2
864928001,0.022016949999999997,6
864928002,0.021718028454545454,11
864928003,0.0192627125,4
864928007,0.02140207222222222,18
864953001,0.013400147478260871,23
864953003,0.013322034,11
864953004,0.012593220399999999,5
864953006,0.013238180315789473,19
864978001,0.02201695,1
864980001,0.009146892611111112,9
864995001,0.013542373,1
864997001,0.008457627,8
865000001,0.024627119333333336,3
865030002,0.008457627,1
865033001,0.02540678,1
865033003,0.0249830515,2
865034001,0.04066102,1
865034002,0.03896610375,4
865034003,0.04998305233333333,6
865059001,0.02316525425,8
865059002,0.02338983,3
865069001,0.033881355,9
865071001,0.01546301990909091,22
865072004,0.03557627125,4
865072005,0.026616064739130436,23
865073001,0.015542372599999998,5
865073002,0.029909957312500002,16
865073003,0.03355084666666667,6
865073005,0.033627117500000005,6
865073006,0.0327118636,5
865073007,0.033325423300000004,10
865076001,0.008268521418867926,159
865076002,0.00834173148918919,74
865076003,0.008290061568181819,44
865076004,0.008418079,6
865076006,0.008237288053125,32
865086002,0.042355932,1
865086004,0.04198082495959596,99
865086006,0.04175955394296578,263
865092001,0.033186440000000005,3
865094001,0.021737288,2
865094002,0.030491525,2
865131001,0.016932203,1
865131002,0.014220339,1
865133001,0.0128135595,6
865133002,0.013542373,2
865133003,0.012638418333333333,3
865137001,0.02540678,1
865171001,0.035537750363636364,11
865171002,0.0189661016,5
865171005,0.011847458,2
865172002,0.030491525,11
865172003,0.025320078576923075,26
865202001,0.016549970431034483,58
865202002,0.01658142952173913,23
865202007,0.00845762725,4
865215002,0.0060847457,1
865222001,0.00768813554,5
865224001,0.013542373,8
865236001,0.011377903625925926,27
865240001,0.007847457572727272,22
865240002,0.008021716,32
865246001,0.0070677963,2
865250001,0.0168271183,10
865250002,0.015479419,7
865261001,0.020118644666666668,9
865261003,0.021421695600000002,25
865314002,0.0025593220750000003,4
865314008,0.0050677964,7
865314011,0.0050677964,5
865314012,0.004966706853571429,56
865314014,0.004927143774626866,67
865351001,0.00841016946,5
865355001,0.016171186299999998,10
865374001,0.014389830499999999,4
865388001,0.01781356,1
865391001,0.023711864,3
865409001,0.011644068,2
865430006,0.05083051,4
865434001,0.0650677954,5
865439001,0.0403355938,5
865440001,0.0306610163125,16
865440002,0.018627118,18
865440010,0.033881355,1
865440011,0.033881355,1
865444002,0.030219353209302323,86
865454001,0.048750001,4
865454002,0.027980629142857143,7
865457001,0.03472881275,4
865457002,0.049700565,3
865458001,0.030224732925925927,27
865458002,0.05845762571428571,7
865458003,0.05337288,10
865468001,0.04015331272727273,22
865470002,0.0336271185,2
865470003,0.06614249770370371,27
865471001,0.05083051,2
865474001,0.04955541207692308,13
865477001,0.02650423825,4
865482002,0.02201695,1
865490001,0.018757244182258066,62
865490002,0.016660518794117646,34
865490005,0.0191322035,10
865503001,0.022043584142857144,14
865504001,0.02201695,1
865504002,0.02540678,1
865520001,0.021683616666666666,6
865520002,0.023569813952380954,21
865520003,0.030127117999999998,12
865523002,0.030491525,1
865532001,0.0308474568125,16
865533001,0.02586440766666667,3
865544001,0.0033728813,1
865544002,0.0050677964,2
865553002,0.027101696,4
865553003,0.027101695999999998,6
865558001,0.008521715921875,32
865566001,0.012977401666666666,3
865568004,0.02272573209090909,11
865568006,0.023739407,8
865568008,0.02540678,1
865572001,0.016932203,2
865572002,0.016576271,2
865575001,0.0178177965,4
865578001,0.013542373,2
865587001,0.01760229146478873,71
865594002,0.013625124705882353,17
865594003,0.013787258913793104,58
865595002,0.012413135625,16
865595003,0.012212516634615384,52
865598001,0.023728814458333334,24
865598002,0.021018904230769235,26
865621006,0.033881355,2
865621015,0.033881355,2
865621017,0.027101696,2
865621019,0.027101696,1
865624002,0.0050677964,2
865624003,0.006762712,1
865624006,0.00606779668,5
865624007,0.016932203,1
865662001,0.016932203,1
865663003,0.030214426139534883,43
865663004,0.030312146499999998,12
865663005,0.0302248584,30
865671001,0.030491525,1
865678001,0.031173058947368427,19
865690001,0.04998305233333333,6
865691001,0.02529794842105263,19
865699001,0.022242938066666666,15
865708001,0.016932203,1
865714002,0.020322034,1
865714003,0.02201695,2
865723004,0.022694915363636364,11
865723005,0.02540678,1
865723006,0.0247372884,10
865723007,0.02540678,2
865723009,0.02406679988235294,17
865734001,0.022519774333333336,3
865776001,0.041386883086956525,23
865776002,0.04090819208333333,12
865787002,0.02395399542857143,7
865787005,0.022864407,2
865790001,0.022016949999999997,3
865790002,0.01981356,2
865792001,0.008316384083333335,12
865792002,0.007791395153846154,13
865792003,0.007650847600000001,5
865792005,0.0076101695,2
865792008,0.00718644075,4
865792009,0.008457627,5
865792013,0.007767231626666667,15
865793002,0.022864407,2
865793004,0.02540678,2
865799001,0.0248209741875,16
865799002,0.02657521140625,32
865799003,0.02946052029268293,41
865799005,0.03322331187719298,114
865799006,0.033022981101694916,59
865840002,0.02540678,1
865873001,0.0144971755,12
865873002,0.013508691955128205,78
865873006,0.0148686445,8
865877001,0.030491525,1
865879001,0.02991221182051282,39
865880001,0.02062455112121212,33
865888001,0.01714786651724138,29
865888002,0.014539765423076924,26
865906003,0.0162644068,5
865907001,0.05083051,4
865911001,0.033599575625,8
865912001,0.04967709068965517,58
865913001,0.010830509,1
865913002,0.013542373,1
865914001,0.06654563149038462,104
865917001,0.01655482512244898,49
865917002,0.01636718928358209,134
865921001,0.016715630611111112,18
865921002,0.011753672566666668,30
865926001,0.016645862769470405,321
865926002,0.016575747285365854,615
865929001,0.016381016696,125
865929002,0.016523924585034013,147
865929003,0.01642112554912075,853
865929004,0.016569998362204724,127
865929007,0.01654590375,24
865929009,0.016254236999999998,2
865929014,0.016524372859504134,242
865929016,0.016932203,1
865932001,0.02468260502105263,95
865935001,0.02473893267910448,134
865935002,0.024872340723404256,47
865938002,0.02540678,3
865938005,0.02540678,4
865939001,0.016483838953488372,86
865939004,0.015619854714285715,14
865943001,0.011847458,6
865943002,0.008239406712500001,16
865943003,0.016433413714285715,7
865971001,0.02540678,5
865971002,0.022203389900000002,10
865971003,0.0237118648,5
865971006,0.02437853133333333,3
865971008,0.0182881355,2
865973001,0.03162146866666667,3
865973002,0.03162146866666667,3
865973003,0.029033898142857142,7
865973005,0.030581920166666665,6
865973010,0.0304915255,4
865973013,0.0298135596,5
865973014,0.027101696,1
865973015,0.029361582333333334,3
865973016,0.032016949,4
865973017,0.033655366666666665,3
865977002,0.021682388391304347,23
865977003,0.020548023333333335,3
865977004,0.02201695,1
865977008,0.020468927166666668,12
865977009,0.02201695,2
865977010,0.021720339666666668,6
865977011,0.02201695,1
865977018,0.021326877142857144,7
865980001,0.0221892655,6
865980002,0.023881356200000002,5
865980005,0.0243898308,5
865980007,0.02540678,1
865980008,0.02498305116666667,6
865981001,0.016355932,7
865981003,0.01621610175,4
865981004,0.0157584745,4
865981006,0.0161067794,10
865981009,0.016093220499999998,2
866003001,0.10167797,2
866030002,0.01981356,2
866030005,0.009745763000000001,2
866030006,0.02201695,1
866055001,0.013542373,1
866056001,0.018364406,2
866065001,0.027101696,4
866065002,0.0243118644,5
866065003,0.027101696,1
866086001,0.020322034,1
866090002,0.0415169492,10
866090003,0.042355932000000006,6
866097002,0.027101696,2
866097004,0.017779661500000002,2
866111001,0.013542373,1
866114005,0.021707627,4
866117001,0.021024859533333332,15
866117002,0.02014312688888889,9
866119002,0.007716101925,4
866119005,0.016932203,1
866126001,0.013813559125,8
866126002,0.01570416009090909,11
866126004,0.013457627,1
866126005,0.0129406785,2
866133001,0.015474576333333332,3
866133002,0.0160847455,4
866153001,0.021135594,5
866153002,0.02023305141666667,12
866171001,0.030491525000000002,6
866171003,0.030491525000000002,3
866178001,0.024469632958333334,24
866178002,0.024920097,14
866178003,0.023559322333333334,9
866184001,0.0159067795,2
866184007,0.01669007242857143,7
866218009,0.013542373,1
866244003,0.09930193651256282,199
866247001,0.118627116,2
866248001,0.02540678,1
866251001,0.048367586093750005,32
866260001,0.02378322952631579,19
866260002,0.024706649576923076,26
866261001,0.016414043238095238,21
866261002,0.016888135199999998,10
866265001,0.02433637576923077,13
866265002,0.02382808742857143,7
866265006,0.023661017000000003,3
866269001,0.015237289,4
866269002,0.015877589666666667,9
866294001,0.005542373,2
866294003,0.006762712,1
866307001,0.033128658636363634,22
866307002,0.05083051,16
866383001,0.02465872683783784,37
866383002,0.0253230935625,16
866383003,0.010152542,3
866383004,0.013389830428571428,7
866383006,0.02456497205982906,117
866383008,0.02497510628125,32
866387009,0.016932203,1
866387010,0.042355932,2
866387011,0.0417813992051282,39
866397001,0.033881355,2
866407001,0.04,1
866409001,0.01238983,1
866425002,0.013542373,2
866442002,0.10135351428571429,7
866454001,0.025124294111111112,9
866454003,0.024235169875,8
866455001,0.01684527029032258,31
866455003,0.016690960153333333,120
866457001,0.06551483,8
866457003,0.02642372966666667,6
866465001,0.040237287899999995,10
866465004,0.016932203,1
866468001,0.012894915400000002,5
866482001,0.01605423714,25
866482002,0.01564124275,12
866482003,0.016572638892857143,28
866482005,0.015393462214285714,14
866482006,0.01630202804918033,61
866482008,0.0159220338,5
866482011,0.016183301666666667,27
866488001,0.029701694699999996,10
866488003,0.0300677965,2
866500001,0.011731638666666667,6
866501001,0.03131732538888889,18
866501002,0.033067796,1
866501003,0.029737288333333334,6
866503003,0.024154237457142857,70
866503004,0.02540678,2
866503005,0.023753295833333334,18
866503007,0.023892655666666665,24
866508001,0.013138983199999999,5
866508002,0.021702448833333336,18
866520001,0.016283292857142858,7
866528001,0.028077041545454543,22
866529001,0.020961259571428574,7
866529002,0.0250271189,10
866578001,0.041728813000000003,2
866583001,0.013542373,1
866587002,0.033881355,2
866590001,0.05436186305,20
866590002,0.0408305084,5
866596001,0.09867212482758622,29
866596002,0.039076271,10
866599001,0.0762542425,4
866603004,0.06777966,1
866605001,0.017313558875000003,8
866610001,0.04990429350248756,201
866610002,0.049652045372549025,51
866611001,0.04827683733333334,3
866611002,0.05083051,2
866613001,0.05083051,1
866636001,0.02943954793333333,30
866636002,0.013915254666666666,3
866636006,0.042355932,1
866636007,0.042355932,1
866651001,0.02017796625,4
866651002,0.030315253999999996,5
866657001,0.01657842810909091,55
866660002,0.019395884285714284,14
866714001,0.016770687647058826,34
866714014,0.01655325262882096,229
866714016,0.016493025092920353,113
866714017,0.016375352831250002,144
866724001,0.0098347454625,8
866724002,0.022016949999999997,3
866731001,0.024694203380252102,476
866731002,0.024717447929411766,85
866731003,0.0248422672,160
866742001,0.006084745700000001,3
866755001,0.0330338975,4
866755002,0.02201695,4
866772002,0.026315515153846152,13
866772004,0.0305,2
866778001,0.0381186435,2
866792001,0.024779131625,32
866792004,0.02511942663076923,65
866796001,0.027101695999999998,3
866800001,0.00824576265,10
866800011,0.0083601694125,8
866806001,0.03358982940000001,5
866810004,0.05083051,1
866821001,0.008457627,1
866831003,0.06777966,1
866837004,0.016792046576923077,26
866837005,0.03298644,5
866838001,0.02922457625,4
866838004,0.041677966,2
866899001,0.010152542,1
866943001,0.011556901,14
866943003,0.011616761111111111,18
866958001,0.02317917714285714,7
866958002,0.02540678,4
866958005,0.021847458,2
866958011,0.024316384333333333,6
866991001,0.027440678,2
866991002,0.030491525,1
867022001,0.04972881475,4
867023001,0.024877119,16
867023003,0.02529237325,8
867044001,0.0206045205,6
867044002,0.022745763153846153,13
867044003,0.033881355,2
867044004,0.021582844081632652,49
867050002,0.016932203,6
867098005,0.023711864666666665,3
867098006,0.021220339,7
867104002,0.011508475,2
867104006,0.012864407,2
867104008,0.013542373,1
867104009,0.013542373,1
867105001,0.02540678,1
867107004,0.02201695,1
867113001,0.016254236999999998,5
867113002,0.013824859,3
867118001,0.0304915255,2
867118002,0.027101696,1
867118003,0.0304915255,2
867118004,0.027101696,2
867120002,0.02540678,1
867120006,0.02540678,1
867135002,0.016084746,2
867135004,0.015649717333333334,3
867141002,0.06740783812500001,16
867141003,0.0668178588358209,67
867144001,0.007305084766666667,3
867144002,0.008791767342857143,7
867162002,0.016932203,4
867205001,0.05823210777777778,36
867205002,0.0572219266875,32
867205004,0.05707505928571428,7
867208001,0.016932203,2
867208003,0.02201695,1
867222002,0.042355932,1
867240001,0.036996610400000005,10
867253001,0.030491525,1
867253004,0.027101696,1
867254001,0.038596045,6
867257001,0.013542373000000002,3
867257002,0.013542373,1
867257005,0.013542373,8
867260002,0.015968361233333332,30
867292001,0.011566586285714286,7
867300001,0.013290254395833333,24
867300002,0.01189453888888889,9
867321001,0.012694915000000001,2
867334001,0.015221879727272725,11
867357001,0.042355931250000006,4
867357003,0.030388417666666667,12
867365001,0.013831007117647058,34
867365002,0.02180553152631579,38
867389001,0.02828813525,4
867393001,0.042355932,1
867407002,0.016744221545454546,22
867461003,0.07625423,2
867470002,0.040020581142857135,14
867470006,0.042355932,1
867503001,0.02614406775,4
867503002,0.027514124,3
867503004,0.024169491666666668,3
867509001,0.026830508600000004,5
867560001,0.02540678,1
867579001,0.016141242666666666,6
867579002,0.02540678,1
867583001,0.04574576375,4
867583003,0.02540678,1
867586001,0.0211694915,2
867622003,0.0135423725,2
867729001,0.0156440676,10
867729002,0.016254236999999998,5
867729004,0.016932203,1
867729006,0.016932203,5
867729007,0.016932203,4
867738001,0.03279237233333333,12
867738002,0.031852753750000004,16
867738004,0.0320323570909091,11
867740001,0.04138983,1
867740003,0.0407457635,2
867741001,0.033881355,1
867741002,0.03331638333333333,6
867742002,0.029194915166666665,6
867742003,0.027440678,2
867742004,0.029331920666666664,12
867742007,0.028118644249999998,4
867742011,0.02733333333333333,3
867742012,0.028050847400000002,5
867742013,0.029872881249999997,4
867759001,0.006762712,7
867813002,0.02526694925,4
867813003,0.022864407,1
867828001,0.040084746,1
867828002,0.041792373,4
867829002,0.03277966,5
867832001,0.042355932,1
867834001,0.0049491525,1
867837001,0.008457627,1
867837006,0.016525423,1
867837007,0.008067796533333333,3
867846001,0.016533897999999998,2
867888001,0.006762712,1
867888002,0.006762712,2
867888003,0.006762712,1
867904001,0.010830509,1
867943001,0.02540678,1
867948001,0.021531482526104418,249
867948002,0.02146812012698413,63
867948004,0.02127386332631579,95
867948008,0.02146225028787879,66
867948009,0.021731805274509804,51
867949001,0.021700565333333335,3
867966002,0.03309283436931818,176
867966003,0.033231185760000004,25
867966009,0.03350947774216028,287
867966010,0.033639863592000004,250
867969002,0.03341453808116883,308
867969003,0.03345464155974843,477
867969007,0.0334136461724138,116
867969008,0.033626938470899474,189
867979001,0.013298305199999999,5
867981001,0.006762712,1
867989002,0.010152542,1
867994001,0.06608943291489362,47
867994002,0.0660994344,15
867994008,0.06477840485185185,27
868000001,0.013542373,2
868005001,0.01653835079661017,59
868005003,0.016404249656716417,67
868018001,0.02499496135135135,37
868018002,0.01686228775,24
868018003,0.020180791166666667,12
868018004,0.0253326275,16
868018006,0.02540678,1
868024001,0.06555164616981132,53
868031001,0.026822804272727273,11
868034001,0.06589737963636365,55
868035001,0.06512011722826087,92
868037001,0.06597601449056605,53
868038001,0.049658751146496816,157
868038002,0.050792374125000005,8
868038003,0.05010611778260869,23
868038004,0.04954569762745099,51
868042001,0.03610323590909091,11
868042002,0.027101696,2
868045003,0.024389831,1
868045008,0.030491525,1
868053001,0.04048875214545455,55
868053003,0.04057530262857143,35
868054001,0.06489559813445378,119
868054002,0.06242373,4
868054004,0.0638101688,5
868057001,0.016084745416666667,12
868059001,0.008175141233333334,3
868059002,0.008457627,1
868059003,0.008416949100000001,5
868060001,0.016828389625,8
868060003,0.015747645777777777,9
868060005,0.016217731076923078,13
868063004,0.016932203,4
868064001,0.016932203,1
868064002,0.016330062194736844,19
868064008,0.016932203,4
868069001,0.023711864,4
868069002,0.020108474199999997,5
868074001,0.0050677964,1
868078001,0.016932203,1
868083001,0.008457627,2
868096002,0.02003389875,4
868099001,0.010463277,6
868115001,0.049308167636363635,11
868115002,0.034559321999999996,10
868115003,0.032533898375,8
868130001,0.033881355,1
868134001,0.06615201508695653,161
868134003,0.06599882216666668,72
868151001,0.01761017,1
868161001,0.033242938114583336,96
868161002,0.03007327,96
868163001,0.013542373,2
868163002,0.015237289,1
868164001,0.024872776938271602,81
868164002,0.014653313409090908,22
868166001,0.013542373,2
868166002,0.013542373,5
868167001,0.015237289,9
868167002,0.020322034333333332,3
868195001,0.010152542,3
868195004,0.024999601447058824,85
868213001,0.02143644125,4
868213002,0.02175486574074074,54
868213004,0.021851978,15
868213011,0.021342857828571427,35
868213012,0.021656121333333334,45
868230002,0.016932203,1
868230009,0.015802259666666665,3
868230010,0.016508474500000002,4
868230020,0.016254236999999998,5
868230022,0.016932203,1
868230023,0.013542373,1
868234003,0.02540678,5
868247001,0.05758643946666667,15
868253001,0.084728815,14
868253002,0.08347118706666666,15
868253003,0.084146188125,8
868255001,0.033881355,1
868258001,0.016261216117647057,17
868270001,0.005838983,2
868270002,0.0076101695,2
868270004,0.00838559325,4
868270006,0.00832542364,5
868270007,0.006762712,1
868270014,0.008457627,1
868283001,0.01669180294852459,305
868283004,0.016763501932642488,193
868309001,0.029954802,12
868309002,0.008322034,1
868311001,0.029478611619047617,21
868311002,0.02368421034210526,19
868313001,0.030491525,2
868318001,0.030491525,2
868319001,0.024145173434782608,23
868320001,0.030491525,2
868322001,0.022642764153846154,13
868323001,0.030491525,1
868327004,0.03258757,3
868376001,0.016932203,7
868382001,0.008399999915000001,20
868382002,0.008378531,3
868392001,0.025316384333333334,3
868392002,0.02540678,1
868392003,0.016863778796296296,54
868393001,0.013542373,5
868399001,0.0076101695,2
868402001,0.011847458,1
868405002,0.016587166857142857,56
868405004,0.01636007785971223,139
868407001,0.006762712,1
868410001,0.012924939571428571,14
868410002,0.013302003181818182,66
868418002,0.02201695,1
868430001,0.025152543,2
868444001,0.030483050785714286,14
868444002,0.02665254325,4
868444004,0.029842615071428574,14
868444012,0.032297551333333334,9
868444014,0.026288135,1
868444030,0.03051129866666667,6
868447001,0.0076101695,2
868447002,0.0076101695,2
868447003,0.007892655333333333,3
868480003,0.027440678,2
868495001,0.035963109470588235,17
868495004,0.037016947499999994,4
868495005,0.0344050838,10
868500003,0.04744067866666667,6
868517001,0.011968522785714286,14
868527001,0.049491526800000005,5
868544001,0.033881355,1
868556001,0.01411017,2
868578001,0.0241355935,4
868597002,0.0160847455,4
868597012,0.016932203,3
868597015,0.016932203,1
868600001,0.022254237666666666,3
868641001,0.033881355,1
868641002,0.03340845157236842,456
868642001,0.033881355,1
868672002,0.022322034,1
868676001,0.041677967833333336,6
868678001,0.030491525,1
868680001,0.013391204878378377,37
868680002,0.013024858866666666,15
868680003,0.013163841666666667,3
868680004,0.013241054777777778,9
868680006,0.012950565041666667,12
868680007,0.01349717525,6
868688002,0.016932203,1
868688004,0.02540678,2
868691001,0.04924237415,140
868692001,0.016932203,2
868692002,0.016932203,1
868734001,0.030491525000000002,3
868741001,0.0076101695,2
868747001,0.029644068,1
868747002,0.036,2
868751001,0.024702966375,80
868751002,0.02495738527142857,70
868762002,0.013542373,9
868762003,0.013865213952380953,21
868762004,0.033881355,3
868780002,0.032135595,1
868780003,0.032135595,1
868792004,0.059305083,1
868800001,0.03106073425,12
868800004,0.027101696,2
868800006,0.027101696,1
868810003,0.051677967000000005,2
868812001,0.038084745,1
868817001,0.008932203175,4
868817002,0.009644068,2
868817003,0.009823163516666667,30
868817004,0.009169492,1
868817006,0.009474576,3
868817007,0.008101695,1
868817011,0.009644067613333333,15
868818001,0.02540678,1
868823007,0.024960435246987954,332
868823008,0.024902615854320985,405
868823011,0.02501847953472222,144
868841002,0.010759887000000001,6
868841005,0.011847458,1
868841006,0.011847458,1
868874002,0.032796714160493824,162
868874004,0.03309638171641791,67
868874006,0.03317929076303318,211
868876001,0.03275141166666667,12
868876002,0.03363220275,20
868879001,0.0233728811,10
868879002,0.033881355,10
868879003,0.03331818113636364,22
868879004,0.031841474764705884,17
868939001,0.015237289,4
868939003,0.025138983800000004,5
868950001,0.011847458,1
868955001,0.0068813559166666675,6
868955003,0.00669491537,10
868994001,0.042355932000000006,3
869005005,0.0125932205,4
869015001,0.00840254225,4
869015002,0.008033898175,8
869015003,0.008195283639130435,23
869052001,0.011743644375,8
869052002,0.01062923755,8
869059001,0.027101696,1
869062001,0.00781355925,6
869070001,0.022016949999999997,3
869070005,0.027101696,4
869085001,0.013542373,2
869086001,0.016447941571428572,7
869086002,0.013391713888888887,9
869095001,0.05083051,1
869131001,0.033792372,16
869154003,0.03211325068181819,44
869154007,0.031943099142857145,14
869154008,0.030700564888888893,9
869158001,0.030491525,1
869158002,0.02918644042857143,7
869158003,0.029590138363636363,22
869158004,0.029207626833333333,12
869158006,0.02801906775,8
869158008,0.027062711899999998,10
869158010,0.02972881325,8
869159001,0.031944309571428575,7
869162001,0.033860639444444444,9
869162003,0.030491525,1
869169002,0.008457627,1
869169003,0.008163841703703704,27
869171001,0.0203220335,2
869181001,0.0330949145,10
869181002,0.033881355,9
869190004,0.11116949859999999,5
869198001,0.004993946728571429,14
869198002,0.0015612052777777777,18
869198003,0.0016074933157894735,19
869198004,0.004204386782352941,17
869198005,0.00416949168,5
869203003,0.024680387714285715,7
869203004,0.02540678,1
869204001,0.023825423300000002,10
869207002,0.033881355,1
869225001,0.052636802571428574,7
869230001,0.06777966,3
869232001,0.033881355,1
869237001,0.02201695,2
869237002,0.02201695,1
869282001,0.05083051,1
869284001,0.0586610175,2
869284002,0.06777966,1
869289001,0.033881355,1
869297003,0.0450677965,2
869321001,0.02201695,4
869323001,0.007966102,1
869329002,0.013542373,1
869331002,0.029980600042168674,166
869331003,0.029999717166666665,60
869331006,0.029716722082802547,157
869331008,0.029928111862068965,29
869379001,0.03328393784761905,105
869379002,0.032421555192307695,78
869379005,0.03229181947826087,23
869379006,0.03351220254,50
869379007,0.03292292870754717,106
869379008,0.020051525040000004,25
869379011,0.03344359942528736,87
869397001,0.022132511090909093,22
869398001,0.0050677964,1
869399003,0.012186441,1
869406001,0.042355932,1
869416001,0.06777966,3
869418004,0.02540678,6
869418005,0.0243322037,10
869423001,0.06364164645714286,7
869424001,0.03501129866666667,3
869442001,0.03001046864705882,34
869459001,0.05053215492647059,68
869459002,0.04984671373626374,91
869459003,0.04983180367938932,131
869473001,0.024752268676767678,99
869473003,0.02485139829299363,314
869473004,0.02497175169230769,39
869489005,0.02350000025,4
869489006,0.023717514,3
869489008,0.02540678,2
869496006,0.032751411833333334,6
869496008,0.0304915255,6
869498001,0.025293785,3
869503001,0.023315254400000002,5
869503006,0.024923729000000002,6
869503011,0.0229745765,4
869515001,0.0319406775,2
869554001,0.016066101399999998,10
869554004,0.016932203,2
869561001,0.047440680000000006,3
869561002,0.049864408,1
869585004,0.042355932,1
869612002,0.06777966,1
869618001,0.015237289,1
869625001,0.061,2
869655001,0.04405084633333334,3
869660001,0.06759604416666667,6
869662001,0.08221944763157894,19
869663001,0.03370081017391304,46
869663003,0.0309523301875,16
869678001,0.084728815,3
869681001,0.0291355935,2
869691001,0.014531074166666666,6
869691002,0.0115,2
869706001,0.08161962681974248,233
869706002,0.084728815,2
869706005,0.08201490786746987,83
869715001,0.030491525000000002,3
869715002,0.029177626879999998,25
869766002,0.011898305,1
869766003,0.013542373,2
869766004,0.013474576375,4
869780001,0.030491525,1
869796001,0.03459949707407407,27
869796002,0.023711864,1
869811001,0.006767172110526316,19
869811002,0.007045197833333333,6
869811003,0.006060263588888889,18
869811005,0.016348795421052633,19
869825001,0.033881355,3
869825003,0.026875706666666666,3
869830001,0.016932203,1
869830002,0.015576271,5
869830003,0.015519774,6
869839004,0.01645371553846154,13
869839014,0.01674387922222222,9
869846001,0.00670339,4
869846002,0.02514406825,4
869846003,0.02540678,2
869868001,0.042355932,7
869868004,0.039177965999999995,2
869870001,0.042355932,1
869872002,0.032440677,1
869889002,0.02989406791666667,12
869900001,0.0507423731,10
869912001,0.040614080307692306,13
869912002,0.0202559317,10
869953001,0.028554479285714283,7
869953004,0.030491525000000002,3
869976001,0.06671881697435898,39
870039002,0.030491525,1
870044001,0.02311864425,4
870044005,0.02540678,7
870048001,0.01429661,2
870052002,0.03218644,2
870052007,0.01786864375,4
870053002,0.042355932,2
870053004,0.0395296605,4
870057004,0.016932203,1
870059001,0.010254237,1
870059002,0.01070339,4
870073001,0.02201694933333333,3
870073003,0.0241355935,4
870073004,0.022864407,4
870115001,0.02540678,1
870117002,0.02859322,1
870119002,0.02201695,1
870149001,0.022016949999999997,6
870185001,0.015423729,1
870188001,0.016313559124999998,8
870193004,0.0050677964,1
870193007,0.004901295970588236,34
870201001,0.01168455775,18
870260001,0.0336881346,5
870260002,0.022581921666666668,3
870289001,0.027101695999999998,3
870289003,0.06742090233333334,6
870290001,0.012462146966666667,30
870290003,0.013384845529411764,17
870293001,0.0135423725,2
870293002,0.01753044514814815,27
870295001,0.033881355,3
870297001,0.033881355,1
870297002,0.02540678,2
870304001,0.013542373000000002,3
870304002,0.024389831125,8
870328001,0.03309154697697368,304
870328002,0.03309360966108787,239
870328003,0.03270606002723735,257
870330003,0.016508475,1
870345001,0.024771186666666667,6
870345002,0.050060967582089555,67
870351001,0.02201694933333333,3
870355001,0.021857038260869564,23
870355004,0.042355932,2
870361001,0.06777966,2
870370001,0.022864407,2
870375001,0.033223163,6
870434001,0.024772175416666667,120
870434004,0.015215255,10
870439001,0.011847458,4
870442001,0.016932203,3
870442004,0.02519230798076923,52
870442005,0.025386198892857145,28
870446001,0.016932203,1
870447002,0.013542373,2
870449001,0.043605932,4
870449002,0.049252998439024386,41
870468001,0.016932203,1
870493001,0.039180084375,8
870493002,0.0381186435,2
870501001,0.0304999995,2
870501002,0.0319025425,4
870505002,0.033881355,2
870516003,0.0132118645,4
870516007,0.010830509,1
870517001,0.0232440678,5
870517003,0.02540678,1
870517004,0.023953995357142856,14
870517014,0.02540678,2
870518001,0.010830509,1
870518002,0.012084746,1
870518003,0.016932203,1
870518006,0.016844067400000003,5
870519001,0.020322034,1
870519003,0.02413559342857143,7
870519004,0.02540678,1
870519010,0.023711864666666665,3
870523001,0.0157118642,5
870523003,0.016367231666666666,3
870524001,0.015197740333333334,3
870524002,0.016932203,4
870524003,0.016932203,1
870524005,0.016401936714285713,7
870524006,0.016932203,1
870524008,0.016932203,3
870524010,0.016401694799999998,10
870524011,0.016932203,2
870525001,0.0057694915950000005,20
870525002,0.006470339083333333,12
870525003,0.005813559433333333,3
870525004,0.006310734566666667,3
870525005,0.006466721892682927,41
870525006,0.0065042374,8
870525007,0.005177966149999999,2
870525008,0.005960452083333334,6
870525013,0.006762712,4
870525017,0.006762712,4
870525020,0.004322034,1
870527003,0.010830509,1
870527004,0.011101695,2
870527009,0.013542373,2
870527010,0.013542373,2
870528002,0.009183615666666667,6
870528003,0.009841028344827587,29
870528005,0.0097457624,5
870528011,0.00862372866,5
870528012,0.009990314428571428,7
870529013,0.01538559325,4
870530026,0.008457627,1
870531001,0.03342555783522728,176
870536002,0.06649165803149608,127
870539003,0.042355932,5
870539004,0.042355932,2
870548001,0.03347306214285715,56
870548003,0.03301303719230769,26
870576001,0.0126711866,5
870576002,0.013542373000000002,3
870577001,0.0296305082,20
870577002,0.025374294125000002,24
870578001,0.021338983333333335,3
870578002,0.023881356285714285,7
870578003,0.0220525426,10
870579001,0.02879661075,4
870579002,0.03254479361904762,21
870579003,0.030302966125,8
870585001,0.021700565333333335,3
870585002,0.01981356,2
870585003,0.02201695,1
870590001,0.027372882,1
870600002,0.015237289,3
870611001,0.032842160375,16
870611002,0.020221421085106384,47
870611003,0.0334279653125,16
870623001,0.05083051,1
870625003,0.010830509,1
870627001,0.05083051000000001,5
870640001,0.03320339,1
870643001,0.048510594500000004,16
870643004,0.05083051,1
870643005,0.05083051,3
870654001,0.0448629955,12
870654002,0.028457626999999996,5
870657001,0.019790960666666666,3
870660001,0.0569322015,2
870694002,0.010152542,1
870695001,0.0081355935,1
870707005,0.016932203,1
870765002,0.033881355,2
870765004,0.033881355,2
870769001,0.01549460690909091,11
870769002,0.0154533895625,16
870769003,0.016675140916666668,12
870772001,0.059305083,2
870772003,0.05987767,23
870776001,0.05024067928,25
870776002,0.025711280172413795,29
870822002,0.04998305228571429,21
870822003,0.0504062162,30
870877001,0.02201695,1
870882001,0.03312805955555556,9
870883001,0.028983051,1
870927001,0.026830508333333333,3
870927002,0.026392251714285716,7
870927003,0.026663438571428572,7
870927004,0.030491525,1
870927005,0.030491525,5
870940001,0.030491525,4
870942001,0.050135594000000006,4
870957002,0.02540678,1
870958001,0.0296723165,6
870958002,0.03325512857894737,19
870958004,0.0206610168,5
870958005,0.033097927722222226,18
870958006,0.03320730042307692,26
870961001,0.0623864408,5
870965001,0.04888335141176471,17
870967001,0.033881355,1
870967002,0.033881355,1
870970001,0.024433348864864868,37
870970002,0.0253612290625,16
870970003,0.02375302685714286,28
870970004,0.025265537055555554,18
870971001,0.02201695,4
870975001,0.011847458,4
870977001,0.022016949999999997,3
870982003,0.06617011868518519,54
870989001,0.09645527669444445,36
870990001,0.11452188342857143,91
870998004,0.084728815,1
870999003,0.05063494284615385,26
870999004,0.048869250761904764,42
870999005,0.04986262426315789,19
871002001,0.02574952866666667,9
871002002,0.023368360933333335,15
871004001,0.049397056,61
871005001,0.017779660500000002,2
871046001,0.017537529928571428,14
871059001,0.02041807966666667,12
871076001,0.01349717525,6
871079001,0.05033006384210527,38
871081001,0.02201694933333333,3
871083001,0.02201695,1
871088001,0.024825886363636362,11
871098001,0.02201695,4
871157001,0.016355932,1
871161001,0.047440678,1
871184001,0.028536723,6
871202001,0.0296906775,4
871203001,0.044050846,1
871241001,0.012016949375,8
871241002,0.013542373,2
871241003,0.012864407,2
871241004,0.013542373,4
871241005,0.013542373,1
871241006,0.013444068,5
871241007,0.013081355999999999,5
871243001,0.02995333714814815,81
871243002,0.029573696430379742,79
871243003,0.029875373588235294,51
871274001,0.02506451640322581,62
871274002,0.02513559359259259,54
871281001,0.01676652515,40
871281002,0.016823163533333334,30
871281003,0.016798565538461537,26
871281005,0.016719773766666668,30
871311001,0.02505681135185185,54
871311002,0.024798161359477124,153
871311003,0.024677353710843373,83
871316001,0.029932203,1
871316002,0.042355932,2
871346001,0.021585956857142857,7
871353001,0.02201695,4
871376002,0.03320155967301587,315
871376003,0.033503944215517244,116
871377002,0.025248587666666666,3
871377005,0.024932204,1
871407001,0.03370621433333334,3
871417001,0.020604519666666665,3
871418007,0.0223559324,5
871418008,0.02462146933333333,3
871418009,0.02540678,6
871424001,0.016932203,2
871429001,0.04221468833333333,3
871467002,0.013542373,1
871468001,0.010152542,4
871477002,0.04009604566666666,6
871477003,0.04140435819047619,21
871477005,0.04160263655555555,9
871480001,0.012125163000000001,13
871489009,0.006762712,1
871492001,0.024252742,34
871492002,0.02257627193023256,43
871493002,0.006762712,1
871495001,0.011847458,1
871501002,0.020435028888888887,18
871501003,0.02201695,2
871517001,0.02493916290728477,151
871517002,0.024851695200000003,60
871517007,0.0235813562,10
871517008,0.024786328786764705,272
871517013,0.02491445688235294,85
871517014,0.02445254258,50
871517016,0.02517469550877193,114
871517017,0.02379661,1
871519005,0.033881355,8
871519007,0.03336315077777778,54
871520001,0.03166301017647059,17
871520002,0.0335487285,8
871520003,0.03301765466666667,24
871521003,0.025029438315789476,19
871527002,0.03319390377064221,109
871527003,0.03321217054317549,359
871529002,0.084728815,1
871536002,0.016542372333333333,3
871536004,0.016523002142857145,7
871536005,0.015762711,1
871542001,0.02201695,5
871542002,0.021139226,14
871542003,0.021457627866666665,15
871542004,0.01981356,5
871544001,0.013559322,1
871544004,0.0146779662,5
871557001,0.033881355,1
871557002,0.02963801442857143,14
871558001,0.0483898316,5
871561006,0.057601693333333336,12
871568003,0.04553914580952381,21
871569001,0.028903954666666665,3
871569002,0.024389831,1
871569003,0.027440678,1
871569007,0.0285381355,4
871581001,0.016878530833333332,6
871581002,0.0164779658,5
871581003,0.01666717990909091,11
871621002,0.022713747944444446,18
871621003,0.02540678,4
871624001,0.018559322,1
871638001,0.010129943145833334,48
871638002,0.01003457604,25
871646002,0.0031694914999999997,5
871650002,0.042355932,2
871655001,0.022124380369230767,65
871655002,0.0298446325,6
871655003,0.03006026333333333,9
871664001,0.00481920885,6
871669001,0.0146949154,5
871669002,0.016704331111111113,9
871669003,0.0131525425,1
871669004,0.015237288,4
871669008,0.014559322,4
871669014,0.01557203375,4
871672001,0.0202745765,10
871674001,0.041750605071428575,14
871674002,0.042355932,5
871674007,0.04196004842857143,14
871690001,0.02488335029411765,17
871690002,0.02510048442857143,14
871690003,0.02540678,7
871690007,0.025187468181818183,33
871703001,0.006762712,2
871707001,0.032843129468085104,94
871707005,0.03316306172413793,29
871707007,0.032420903375,24
871710001,0.03309810725813953,430
871710010,0.033132904314516126,372
871710012,0.0336021925882353,17
871824001,0.016581920666666666,3
871826002,0.021596610999999998,10
871852002,0.015237289,1
871852004,0.009084745750000001,2
871854001,0.049861986571428575,7
871867001,0.056432204,2
871869001,0.084728815,1
871872001,0.048576273,1
871889003,0.041932205,2
871889005,0.05083051,8
871908001,0.033881355,9
871908002,0.033762711,8
871909001,0.10167797,1
871955001,0.013542373000000002,3
871957001,0.0144745765,2
871957003,0.023033898599999998,5
871957004,0.028859247956521738,23
871974001,0.0303067794,10
871978001,0.0049406778750000005,4
871988002,0.02540678,6
871988006,0.024237288333333332,6
871988007,0.023491526,1
871988008,0.02201694933333333,6
871992001,0.0420103575,18
871992002,0.04847316494444445,36
871993001,0.042355932000000006,3
871997001,0.03326081951785714,224
871997002,0.03347285054867257,226
872000001,0.0098601691875,8
872000002,0.013146893,6
872000003,0.011624697142857144,7
872000004,0.010809039766666667,15
872000005,0.015085302114754097,61
872002001,0.01313382796875,48
872006001,0.028180163037037034,27
872010001,0.049453391166666666,12
872011001,0.021967985555555555,9
872011003,0.02540678,7
872013001,0.01140008945,38
872013002,0.010711864625,8
872013004,0.010576271,2
872038001,0.02411864425,4
872041001,0.033881355,1
872052001,0.012033898500000001,2
872066001,0.016932203,2
872066002,0.015561743000000001,7
872074001,0.027101696,1
872075001,0.08219260409090909,11
872079001,0.01629661,4
872085001,0.016932203,1
872085002,0.009305084600000001,5
872085003,0.016326876142857143,7
872097001,0.01664971733333333,6
872105001,0.011847458,2
872110001,0.013542373,1
872115001,0.048288137142857145,7
872115002,0.04405085,3
872115004,0.047440680000000006,3
872126001,0.06777966,1
872135002,0.06777966,1
872135003,0.084728815,1
872140001,0.047494609,11
872140002,0.05083051,1
872172001,0.06071105657142858,21
872172002,0.06616242866666668,12
872177001,0.048883475937500004,16
872177002,0.04235593333333334,3
872177003,0.049740921428571436,7
872177004,0.0384011305,6
872213001,0.02540678,2
872215003,0.026423728999999996,3
872231004,0.02540678,3
872231009,0.02540678,2
872231017,0.02540678,7
872233001,0.02065643575675676,37
872233002,0.03329856515384615,13
872233003,0.020633282409090906,22
872233004,0.02531704923529412,17
872261001,0.03361016875,4
872261002,0.03279297757142857,42
872266001,0.06630363122857143,35
872275001,0.014684020071428572,14
872277001,0.02540678,1
872278001,0.008919876636363637,11
872278002,0.010152542,1
872282001,0.025336158333333334,6
872284002,0.0151796608,5
872292003,0.004584093892307692,13
872295002,0.011644068,1
872295003,0.016932203,1
872298001,0.0059449151999999995,4
872298002,0.006762712,2
872298003,0.006762712,6
872333001,0.022016949999999997,3
872335001,0.06777966,2
872370001,0.016932203,3
872378001,0.03275932135555556,45
872378002,0.014502825444444443,9
872378003,0.01627423702,50
872378006,0.025295471447761196,67
872382001,0.05083051,6
872387002,0.050150588,26
872393001,0.04090718295238095,21
872393002,0.04100201788095238,42
872399001,0.024389831,1
872432001,0.02540678,7
872432002,0.02540678,2
872453001,0.008457627,1
872453002,0.008387005558333334,24
872454001,0.015237289,1
872454002,0.00992796625,12
872454004,0.006716486999999999,11
872472001,0.01244279675,16
872472002,0.013090395666666666,6
872475001,0.027949153,2
872477001,0.008457627,5
872477002,0.008457627,8
872483001,0.0260169498,5
872484001,0.006665859671428571,7
872485001,0.031271186,2
872486001,0.011254237333333333,3
872490001,0.02166525475,4
872506001,0.011130971036363636,11
872509001,0.013090395666666666,3
872511001,0.011023468299999999,13
872511002,0.0112966105,4
872513001,0.016648304875,8
872513002,0.016444589153846154,13
872514001,0.011847458,1
872517001,0.010556497408333332,12
872527002,0.016323647857142857,42
872535001,0.008012711766666668,12
872535002,0.007894067675,4
872537001,0.082006356375,72
872537002,0.08231330692910448,268
872537004,0.08237111217088608,316
872537006,0.08196879231746032,63
872538002,0.042355932,1
872555001,0.022864407,1
872573001,0.020497175000000003,3
872575001,0.015237289,3
872600001,0.029933898000000004,10
872600004,0.021525424,3
872600005,0.033881355,8
872600007,0.02540678,2
872600008,0.017591807833333334,12
872600009,0.011847458,3
872618001,0.01577747380967742,31
872618002,0.016587893085714286,35
872619001,0.05042373,5
872621001,0.025305085,6
872621002,0.02540678,1
872628001,0.016932203,1
872635001,0.032119157060606064,33
872636001,0.03355447864285714,14
872639002,0.033881355,1
872645001,0.023543676846153848,13
872645002,0.025359014090909092,11
872645003,0.0231670705,14
872648001,0.03303120119318182,88
872649001,0.0245271187,10
872653001,0.021338983,1
872653004,0.02540678,1
872655001,0.02201695,1
872705001,0.033881355,1
872707002,0.030110169125,8
872707005,0.0278813555,6
872713001,0.03304630673214286,56
872713002,0.05083051,3
872714001,0.021610169999999998,2
872777001,0.0157118642,10
872782001,0.0392999997,10
872787005,0.016932203,1
872813001,0.029474576,3
872813002,0.021282486666666666,3
872813003,0.0289661015,2
872820001,0.02540678,3
872820002,0.025041666916666667,24
872820004,0.013542373,2
872826001,0.030376271,5
872826002,0.030271185999999995,3
872826007,0.02774152525,8
872834001,0.042355932,8
872856001,0.016450362857142856,7
872856003,0.013825665585714285,7
872856015,0.01661016925,4
872860001,0.008457627,2
872865001,0.0033728813,2
872901001,0.02524762326829268,41
872907001,0.0153254235,10
872910001,0.011847458,1
872920001,0.02513810448148148,54
872924001,0.03338517698039216,51
872933003,0.07904391427272726,22
872934003,0.042355932,5
872962003,0.0063898307,1
872962004,0.008220339,2
872962005,0.008457627,1
872971003,0.016932203,1
872971006,0.016932203,1
872975002,0.0054067797,1
872979001,0.030491525000000002,3
872979006,0.0289661015,2
872979007,0.030491525,2
872982001,0.024877118916666666,12
872982002,0.02540678,1
872982003,0.022864407,2
872982004,0.02540678,1
872982005,0.022481840142857142,7
872982006,0.0230338984,5
872982008,0.02540678,2
872982010,0.02540678,1
872982011,0.021883777285714286,7
872991001,0.027651600666666668,9
872995002,0.020322034,1
872995003,0.024775894777777776,9
872995009,0.023711864666666665,3
872995015,0.02540678,1
872996001,0.02201695,1
873000001,0.023760290714285714,14
873000004,0.022864407,2
873001001,0.033881355,15
873001002,0.03326502236363637,11
873001004,0.033881355,6
873003001,0.026655368250000002,12
873003002,0.029654963357142856,14
873003003,0.027779660999999997,4
873012001,0.016932203,5
873012002,0.016461864,8
873012004,0.016932203,1
873012005,0.014389830499999999,4
873012007,0.016932203,9
873012008,0.0160847455,4
873019001,0.04104285267924528,53
873020001,0.016932203,6
873020002,0.015455205642857142,14
873020003,0.016932203,2
873020007,0.0155762708,5
873020008,0.013542373,2
873041001,0.018940678500000002,4
873041002,0.0207807209375,16
873041004,0.02201695,1
873041006,0.01761017,1
873045001,0.016338469121212118,33
873045002,0.01609943473333333,15
873045003,0.006558792475,32
873045004,0.006762712,1
873045006,0.010670702,7
873045007,0.006762712,1
873049001,0.042355932,2
873072001,0.029400472651162787,43
873072002,0.03002348631428571,70
873092002,0.014637549538461537,13
873092003,0.00792009703142857,35
873093001,0.013542373,4
873093006,0.01257385,7
873093007,0.0130000002,5
873093008,0.0133491526,5
873093009,0.011533898375,4
873093011,0.013542373000000002,3
873093012,0.012419606202702703,37
873093030,0.013542373,1
873103001,0.024634098,17
873108001,0.033881355,1
873109003,0.016447941571428572,14
873117001,0.05083051,1
873119001,0.021768362333333333,6
873119003,0.02201695,2
873126006,0.016932203,3
873132001,0.016932203,6
873132002,0.016932203,2
873132003,0.016932203,2
873132004,0.01517231625,6
873132005,0.016932203,1
873132011,0.016932203,3
873132013,0.015802259666666665,3
873134001,0.023843546461538464,13
873158001,0.016932203,1
873158002,0.0050677964,1
873158003,0.016700565,3
873158004,0.006762712,4
873158008,0.01667060503,350
873158012,0.016693937125,52
873160001,0.050708099444444446,9
873162002,0.0241355935,8
873199001,0.033881355,3
873200001,0.033881355,3
873200002,0.0330338975,4
873217001,0.024579715604278077,187
873217003,0.024640027158940397,151
873217004,0.024830149063660475,377
873223001,0.0170358688372093,43
873228001,0.0132033895,2
873228005,0.0287966095,4
873263002,0.042355932,2
873274002,0.05083051,3
873276001,0.03303957888268157,179
873276003,0.033076364302583025,271
873276004,0.03326127954391892,296
873279001,0.041408363570093455,214
873279003,0.041487288233333336,60
873279004,0.041520993624999995,88
873279006,0.04159371873529411,68
873318002,0.013000000125,8
873323001,0.05083051,1
873323003,0.04066102,1
873359001,0.050456631529411766,17
873365002,0.042330009705882354,17
873366002,0.0588474565,2
873419001,0.030200968142857144,7
873419002,0.0304915255,2
873428001,0.011739599727272726,11
873428002,0.015237289,1
873428004,0.010661017,1
873465004,0.016932203,2
873468001,0.05083051,3
873482003,0.0050677964,6
873538001,0.012780037733333333,45
873544002,0.03236158233333333,3
873545001,0.027619854714285713,7
873552002,0.007244552142857143,7
873552003,0.010152542,4
873552004,0.007597842999999999,11
873552005,0.006762712,2
873564003,0.017494049489361705,47
873564004,0.016771956545454544,22
873564005,0.014981356375,20
873592001,0.039732203199999996,5
873596002,0.041726616277777774,54
873604001,0.03261016875,4
873604002,0.016932203,5
873604003,0.0141864406,5
873604004,0.033881355,9
873604005,0.033881355,2
873604007,0.0338338975,10
873608001,0.0089830505,1
873645002,0.0164491525,2
873645003,0.014813559,4
873657001,0.027101696,1
873660001,0.023478813749999997,12
873660002,0.02372881388888889,27
873678001,0.02469565242236025,161
873678002,0.02466460641764706,170
873678003,0.024608553567237162,409
873678007,0.02474749249489796,196
873678012,0.02540678,2
873679001,0.024361582111111113,63
873679002,0.02494681496551724,29
873679005,0.024469747379888267,179
873682001,0.020322034,1
873706001,0.08112954121428571,14
873706010,0.044050846,1
873706011,0.084728815,5
873759002,0.042355932,2
873764003,0.023817796875,8
873771001,0.04950317005217391,230
873771002,0.0492845602293578,218
873771007,0.05014059005263158,95
873790013,0.031169491400000006,5
873794002,0.030346247,14
873796001,0.01981356,1
873796002,0.0227813562,10
873829001,0.02201695,1
873829002,0.015237289,2
873851001,0.013169491666666666,3
873884005,0.033216414888888886,108
873884006,0.032810733717948716,78
873895001,0.05075346818181818,11
873915001,0.015237289,1
873915002,0.030491525000000002,3
873924002,0.02017542355,20
873966001,0.015700564666666667,3
873966005,0.016285714142857143,7
873966006,0.016932203,2
873977001,0.025164649285714286,14
873977002,0.016779660749999998,12
874007001,0.0232372878,5
874033001,0.01638983,1
874035006,0.025077966400000002,5
874035009,0.010152542,4
874035010,0.023265537466666666,15
874035011,0.03377966016666667,6
874054001,0.0078062954000000006,7
874054002,0.006643440159259258,27
874064001,0.05664164585714286,14
874078003,0.0049753465090909095,11
874095001,0.011536723444444445,9
874095002,0.013542373,1
874097001,0.055661015,1
874097002,0.059305083,2
874097003,0.0533728805,2
874110001,0.02490703675,264
874110002,0.02474351408737864,309
874113002,0.016355007472727272,55
874113004,0.016489441270491803,122
874113005,0.01642962721585903,227
874113010,0.0143559322,5
874113012,0.016932203,9
874113024,0.016273666573170732,82
874113026,0.016493519235294116,17
874113031,0.01669491495,20
874114002,0.032721907601851855,108
874116005,0.016614574528634362,227
874116015,0.0164173567481203,133
874122001,0.008253690458064516,31
874122002,0.007036158220000001,15
874122003,0.008322770769565219,23
874122005,0.008052966045833334,24
874122013,0.008376792692307693,13
874122017,0.008457627,1
874122024,0.008397363396296296,27
874128001,0.04627259983333334,12
874146002,0.033881355,1
874167001,0.033881355,9
874167002,0.033542372,10
874168001,0.040815981,7
874169001,0.041830508599999996,10
874176001,0.02201695,1
874176002,0.03049152518181818,11
874196001,0.06718145470588235,17
874196002,0.06615028113333334,15
874196003,0.06626553557142859,21
874196004,0.06465058592307692,13
874196009,0.06554990466666667,9
874224001,0.0167423726,5
874224002,0.016932203,1
874224005,0.013169492,1
874240001,0.02201695,1
874244002,0.015237289,4
874264001,0.0293389825,4
874316001,0.014813558999999999,6
874320001,0.025088983250000002,4
874320002,0.022016949666666664,3
874351004,0.016508474500000002,4
874351005,0.015389830200000001,5
874370001,0.06777966,1
874370004,0.06777966,1
874390002,0.012186441,6
874390004,0.012508474666666667,6
874390005,0.012186441,2
874465001,0.02511603682051282,39
874465002,0.014389830999999999,2
874465005,0.025186440666666667,3
874465006,0.014562147499999999,6
874472001,0.02540678,1
874491001,0.016932203,4
874491002,0.006762712,1
874493001,0.014785310666666667,3
874546001,0.02081152496,25
874546003,0.014727199428571428,21
874547001,0.025286723416666667,12
874547002,0.025351089857142857,7
874547004,0.02540678,3
874599001,0.06600354662790697,43
874610001,0.016932203,1
874619001,0.02540678,6
874620004,0.04929943628571429,21
874622001,0.032751411833333334,6
874669001,0.025216324921052632,38
874669002,0.0392576268,10
874671001,0.021254238,2
874671002,0.011731235142857144,7
874675001,0.0100711862,5
874676001,0.016932203,1
874676003,0.02540678,1
874683001,0.03856779575,4
874704002,0.04992096801481482,270
874719001,0.09806204933928572,56
874754001,0.033346210643382355,272
874754002,0.03318149999246232,796
874754003,0.03317944749327354,223
874754004,0.03317903558020478,293
874754005,0.032865735411764706,51
874754008,0.032504236666666665,12
874754015,0.027101696,1
874754016,0.03344369359322034,118
874803001,0.06777966,1
874816001,0.03328813489189189,148
874816002,0.03306163281818182,33
874816003,0.03316636545390071,141
874818001,0.0669949145,10
874818002,0.06473740357534247,73
874819001,0.05788445686607143,224
874819002,0.05827777635185185,324
874822001,0.06777966,4
874826001,0.01334745775,14
874826002,0.013329297928571428,7
874837001,0.006370670708695652,23
874837003,0.0064015646307692305,13
874837005,0.0065279348148148154,27
874837006,0.006235504057894736,19
874837008,0.006129943616666667,6
874837011,0.006531405905882352,17
874848001,0.016932203,3
874864001,0.028457627,3
874879001,0.022016949999999997,3
874888001,0.016932203,1
874891001,0.03339438914035088,513
874891002,0.033241119382608694,345
874891003,0.0334308988800905,442
874891006,0.03334961242508711,287
874913001,0.006762712,1
874916003,0.006762712,3
874916005,0.0128644066,5
874928003,0.031772881,5
874928004,0.033881355,1
874937001,0.0099491523,10
874950001,0.0050677964,1
874950002,0.0033728813,1
874952002,0.015426602186440676,59
874952006,0.016589453666666667,9
874959001,0.007474576,1
874961003,0.0033728813,2
874961004,0.0033728813,1
874961005,0.0033728813,2
874976003,0.03733413985714285,14
875002001,0.0208305085,2
875005001,0.033881355,1
875005002,0.013542373,1
875005003,0.03291283214285714,14
875005004,0.033881355,3
875014002,0.020322034,1
875015003,0.0052881355,2
875025001,0.059305083,2
875025002,0.05874091871428572,7
875025003,0.055062710300000005,10
875040001,0.02350717130769231,13
875049001,0.030915253739130434,23
875072003,0.024844632966666665,30
875072004,0.0251807912,15
875073002,0.0218516955,16
875073003,0.021709871176470587,17
875073004,0.021774931790697675,43
875073005,0.021760593916666668,24
875075001,0.003338983025,4
875081002,0.016565954,23
875081007,0.015144837909090908,11
875081008,0.016471751083333333,12
875081010,0.016560532428571428,14
875082001,0.024808435418604655,86
875082003,0.024867868507042253,142
875084001,0.0160847455,8
875084002,0.0160847455,4
875084003,0.015802259666666665,3
875084004,0.014833333166666665,6
875084005,0.015237288,2
875084006,0.014672316333333333,3
875093001,0.0027627118500000002,2
875094002,0.023534397000000002,17
875105001,0.050636805,7
875105002,0.05083051,7
875105003,0.047709443571428575,7
875107001,0.030491525,1
875107002,0.030491525,2
875110001,0.05010411785714286,14
875119001,0.024789830800000003,5
875130001,0.016932203,3
875145001,0.013461662738095237,21
875227003,0.013542373,5
875239001,0.031491524888888886,18
875239002,0.02554237304,25
875239004,0.015130751214285714,21
875239005,0.033881355,3
875239006,0.01325,4
875260001,0.023860640333333336,9
875272001,0.04948320609090909,55
875272002,0.049665255375,8
875272003,0.04943130321276596,47
875272005,0.04861299583333334,12
875272011,0.05083051,2
875272012,0.04811864366666666,3
875287001,0.01083050828,5
875316001,0.0327839608358209,67
875327001,0.03983474475,4
875327002,0.0381186435,4
875329001,0.013217785116438356,73
875329002,0.013174060543478262,115
875329004,0.013333240053719008,121
875329009,0.013200161523809524,42
875350001,0.016439736066666665,90
875350002,0.016668280628571428,35
875350003,0.016427323833333334,66
875350004,0.016932203,5
875398001,0.10167797,2
875451001,0.012858757166666667,12
875451002,0.006588798935652174,69
875451003,0.011442090666666667,12
875454001,0.03636723,3
875462001,0.008457627,1
875469002,0.016690838594936707,79
875469004,0.01581877423076923,13
875469005,0.01460756176923077,13
875469007,0.016556496833333333,6
875469008,0.016915253833333335,6
875522001,0.0101525425,2
875564002,0.025355932400000003,5
875564006,0.02535956442857143,14
875577001,0.01625254216666667,30
875580001,0.01659322,8
875580003,0.01616872084090909,22
875580004,0.016932203,6
875628001,0.01614406775,2
875635001,0.024848042275862067,29
875635002,0.025138983333333333,15
875635003,0.0245,2
875647001,0.023929378916666664,12
875672001,0.024004237464285712,28
875687003,0.008457627,3
875705001,0.030491525,1
875719001,0.033881355,1
875719003,0.016932203,5
875724001,0.058491524,1
875728001,0.021298566538461537,13
875736001,0.013542373,1
875736002,0.012638418333333333,3
875736003,0.013020715777777778,18
875736004,0.012762711999999999,4
875751001,0.013542373,2
875751002,0.013542373000000002,3
875751005,0.013542373,2
875754004,0.028970338749999998,4
875754005,0.0280542372,5
875767004,0.030491525000000002,3
875784002,0.050252639433962264,53
875803001,0.04851815971428571,7
875810001,0.033203389,5
875811003,0.020191283142857144,7
875826001,0.02129423788,25
875841001,0.035576273,3
875855001,0.033402259266666665,30
875856001,0.03347851317171717,99
875856002,0.033635593000000005,4
875856003,0.033439815288135596,59
875856004,0.03346410686764706,68
875891003,0.020322034,1
875891007,0.02177966,1
875892001,0.02201695,2
875892002,0.021483051500000003,2
875892006,0.02063135675,4
875892010,0.02201695,1
875893012,0.015802259666666665,3
875896001,0.08007344833333334,3
875898001,0.016932203,5
875898002,0.014610169499999999,4
875898003,0.015479418714285714,7
875899001,0.008457627,1
875899002,0.016932203,1
875900002,0.013941619666666667,9
875900003,0.0162966095,2
875907001,0.042355932,1
875914001,0.04160263655555555,9
875915002,0.008180791,3
875921001,0.008457627,2
875922002,0.011995377636363637,22
875922003,0.0129088985,16
875931001,0.050077214,9
875948001,0.02540678,1
875950001,0.020322034,1
875950003,0.01747457628,5
875950005,0.024559322333333335,18
875950007,0.020338982,1
875951001,0.010152542,1
875951002,0.010152542,2
875954002,0.033881355,1
875978001,0.02075787,7
875978003,0.008677966,1
875980001,0.02201695,15
875980002,0.02198834825,16
875980003,0.021721550357142856,28
875996001,0.046255086300000005,20
875996002,0.04982373006666667,15
876009002,0.0330197027,80
876009003,0.0333576969375,48
876009004,0.032991690823529415,51
876009005,0.033104667684210526,57
876019001,0.03248022516666667,6
876019002,0.033406779,2
876021001,0.027244552464285716,28
876043001,0.02501947693859649,114
876043004,0.024865947840909088,44
876053001,0.016932203,4
876053002,0.01275786963809524,21
876053003,0.01489724646875,32
876053005,0.02383777261904762,21
876053006,0.018627118,2
876069003,0.010152542,1
876075001,0.04913559466666667,3
876089002,0.013542373,1
876101001,0.015237288,4
876108002,0.016932203,1
876112001,0.016810735000000004,6
876125001,0.013154963857142857,7
876125002,0.0100709743125,16
876127001,0.011847458,2
876127002,0.006649717616666666,6
876127003,0.006762712,1
876144001,0.13557628,2
876147001,0.09947547157894739,114
876148002,0.09937120480180181,111
876148003,0.09879540214285716,112
876151001,0.1009017611851852,54
876151002,0.10034887333333335,12
876195001,0.016932203,2
876196004,0.02540678,1
876196005,0.0241355935,4
876196006,0.020322034,1
876204002,0.023711864666666665,3
876204003,0.02540678,1
876204004,0.01979661,1
876204006,0.025336158333333334,6
876213001,0.033881355,1
876221001,0.024201506888888887,9
876225001,0.01674387922222222,9
876240001,0.04185978413636363,22
876242001,0.016932203,1
876257001,0.013542373,1
876268001,0.008457627,1
876276001,0.049085594625,40
876288001,0.021305085,4
876293001,0.013542373,1
876293002,0.016932203,4
876296001,0.02201695,4
876306002,0.02201695,1
876310002,0.047440678,2
876322001,0.0057288135,2
876322002,0.004559322,2
876322004,0.0050677964,1
876332001,0.02201695,1
876332002,0.02201695,1
876339001,0.0671046157586207,29
876339002,0.06654237178125,32
876342001,0.29271825198113205,106
876345001,0.033428350999999995,11
876346001,0.033881355,4
876350001,0.12128329342857144,7
876351001,0.011152542750000001,2
876351002,0.012683616,3
876351003,0.015613935777777779,9
876351004,0.016932203,2
876355005,0.044050846,1
876355007,0.09405084799999999,4
876367002,0.033881355,1
876369001,0.006762712,1
876369002,0.004322034,1
876372001,0.016299434733333333,15
876372002,0.016932203,1
876410001,0.0203288142,5
876411001,0.035994350333333335,6
876411002,0.021297552333333334,9
876412001,0.02578590605263158,19
876415001,0.07314548058333332,24
876415002,0.0759935439047619,21
876415003,0.041790714804347824,46
876416001,0.02201695,1
876419001,0.060152544,2
876419002,0.08133898249999999,2
876423002,0.06562335222222222,9
876444001,0.016932203,3
876461001,0.04744067799999999,3
876461002,0.0410372875,10
876471001,0.0402135594,5
876472001,0.042355932,4
876487002,0.0655432195,20
876525001,0.010333997747058824,17
876534003,0.042355932000000006,3
876578002,0.06721571545454547,33
876609001,0.023474576,3
876657003,0.010152542,2
876658002,0.011847458,5
876668001,0.0296779659,10
876680001,0.02498305116666667,6
876686003,0.011682203625,4
876726001,0.027101695999999998,3
876728001,0.03275141166666667,3
876733001,0.0663188549375,48
876737001,0.041508476,2
876737002,0.04332445571428572,7
876740001,0.042355932,4
876740002,0.0641559312,10
876770001,0.025759887333333332,12
876770007,0.0240508476,5
876770008,0.059305083,13
876785001,0.015237289,1
876794001,0.015237288,2
876802001,0.032751412333333334,3
876802002,0.042355932,2
876803001,0.037059323,2
876805001,0.0330983044,5
876805002,0.033881355,2
876819002,0.047440678,2
876830003,0.021169491,1
876853001,0.042355932,1
876857001,0.021931144625,16
876857003,0.015963680285714286,7
876857004,0.013542373,4
876865001,0.05812994266666666,3
876926001,0.024871186725,80
876963001,0.022877787894736844,19
876986001,0.033266948500000004,8
876986002,0.0304915255,2
877005002,0.0219355938,5
877009001,0.02201695,1
877014001,0.029670261272727275,22
877014005,0.018106214533333335,15
877014007,0.027198546714285714,14
877014008,0.013481356,5
877014009,0.017788136,2
877021002,0.0048474576,1
877037001,0.025277705538461537,13
877037003,0.008563029584375001,32
877037004,0.010062711575000001,20
877069001,0.016932203,4
877069002,0.015237289,3
877075001,0.025882485633333334,30
877087002,0.008457627,6
877104002,0.06777966,1
877109001,0.020322034,1
877122002,0.0030508474333333334,3
877122005,0.0040169493,1
877122006,0.003762712,2
877131001,0.0239512715,8
877131002,0.02540678,2
877137001,0.023829237475,40
877137002,0.023455205964285714,28
877172001,0.012977401555555554,9
877172002,0.015237289,3
877172003,0.011847458,1
877222001,0.021148305375,8
877222005,0.025361147384615385,13
877223004,0.029993908546875,64
877224004,0.027101696,1
877224005,0.018627118666666668,3
877224006,0.019050847,2
877224007,0.01761017,1
877261003,0.03183631914285714,35
877261004,0.030751411999999995,18
877268002,0.0070308717071428575,56
877268004,0.006726602924637681,69
877268005,0.011174844177192982,57
877273001,0.033208621738255034,149
877273002,0.03328459323880597,67
877274001,0.03326899867741936,31
877274002,0.031379943,12
877274003,0.03291553611666667,60
877277001,0.027388418541666668,24
877277002,0.02170499381081081,37
877278001,0.024887005666666667,3
877278002,0.024964059939759035,83
877278003,0.008457626825,4
877279001,0.021934087333333335,9
877279002,0.010168078833333333,12
877324002,0.02540678,26
877332001,0.04141431477777777,9
877360001,0.0559796602,5
877369001,0.01645303045762712,59
877369002,0.01661382488235294,51
877374001,0.016084746,2
877374002,0.02119774066666667,3
877389001,0.05745338825,16
877389002,0.0589343204375,16
877396001,0.030491525000000002,3
877400001,0.0216779658,5
877429001,0.05083051,1
877448001,0.010677966333333332,3
877448002,0.013542373,1
877451001,0.02540678,1
877451002,0.023711864666666665,3
877461001,0.023711864,2
877461002,0.031338984,4
877462001,0.01683358978787879,33
877466001,0.013542373,2
877466002,0.015237288999999998,10
877509001,0.02181356007142857,14
877513002,0.04167950709090909,11
877518001,0.042355932,2
877522001,0.032751412333333334,3
877522003,0.0412966098,10
877527001,0.033881355,10
877534001,0.02540678,2
877534002,0.02540678,3
877537001,0.04175109844444444,54
877548003,0.02201695,4
877556001,0.030491525,2
877559001,0.042355932,1
877599001,0.024741017200000003,25
877599002,0.0130063557,40
877607001,0.02265678,4
877608001,0.02777966,2
877641001,0.041639445181818176,33
877643001,0.022792844555555556,18
877666001,0.016540195589908255,109
877703001,0.013542373,10
877710001,0.042355932,1
877711001,0.05902711733333334,30
877715001,0.013508474749999999,4
877715002,0.008457627,4
877730001,0.0214661025,4
877744001,0.04791839396296296,27
877744002,0.049748755000000006,34
877769001,0.05790043189985053,669
877773004,0.013129943666666666,3
877777001,0.020961259714285717,7
877777002,0.020110169833333334,6
877785001,0.016932203,1
877785002,0.013542373,1
877795001,0.033774082000000004,79
877795002,0.03334687244827586,58
877805001,0.08202619395454545,66
877839001,0.08284759,129
877841001,0.0350469945,22
877845001,0.118627116,7
877845002,0.11364450705194805,77
877940001,0.046350282,3
877961001,0.0033112480454545457,11
877961002,0.0033813559,4
877961003,0.00346557199375,32
877961004,0.003488801405357143,56
877961005,0.0035444914500000002,8
877961006,0.00314830505,4
877961007,0.0035010785400000004,55
877961008,0.0033050847799999997,5
877961009,0.00340593218,20
877961010,0.00338909357826087,23
877961011,0.003548587536666667,30
877961014,0.00339777538125,32
877961016,0.0035951390849056604,53
877961017,0.0034021892208333337,48
877961019,0.0034100080365079364,63
877961021,0.003570036985057471,87
877961022,0.00348516944375,16
877961023,0.003418079057142857,21
877961024,0.0034367110978723403,47
877978001,0.05029527336842105,19
877984001,0.023325025176470587,17
877990002,0.033881355,1
878002001,0.006762712,1
878013001,0.04953995271428572,28
878013003,0.0276945696122449,49
878013004,0.043054615,9
878013006,0.0503294503125,16
878013007,0.05042373,4
878016001,0.04705649766666667,3
878022001,0.033881355,2
878023001,0.035576273,1
878026002,0.007627119,1
878028001,0.011847458,2
878028002,0.011847458,10
878029002,0.007796610333333333,3
878063001,0.033881355,1
878069001,0.030491525,1
878079001,0.01689104085714286,35
878080001,0.02540678,3
878080002,0.024229755333333335,9
878080003,0.025116223,7
878082001,0.042355932,1
878085001,0.024644067999999998,5
878088001,0.022016949,2
878096001,0.024701695200000002,5
878096003,0.02480548858730159,63
878097001,0.013161151558730159,126
878097002,0.013371186600000001,20
878111002,0.06777966,1
878176001,0.02201695,1
878183001,0.09842228959574469,47
878183003,0.10167797,1
878186001,0.02085875766666667,3
878190003,0.06582734139560441,91
878190004,0.06626211226086957,368
878190005,0.06633690212727274,220
878200010,0.08049086588311688,77
878223001,0.016790960166666667,12
878229001,0.030491525000000002,3
878229002,0.030491525,4
878239001,0.042355932,1
878248001,0.016932203,2
878250001,0.029579660299999998,10
878293001,0.04171078814285715,63
878293002,0.011847458,12
878293003,0.04081537517857143,28
878333001,0.013542373,1
878333002,0.013542373,1
878338001,0.0496395492,15
878353001,0.0203220334,5
878355001,0.030491525,1
878359002,0.020447942714285714,7
878363001,0.02540678,1
878382001,0.021488135999999998,10
878456001,0.011571340798181819,55
878456002,0.02456949195,20
878460001,0.025237288666666666,3
878460002,0.02540678,3
878460003,0.020322034,1
878461001,0.02920762675,4
878462001,0.03983848423529412,17
878479001,0.02174445976923077,13
878479002,0.02041243,12
878483002,0.016765132714285712,7
878483003,0.0157067797,10
878483004,0.016932203,3
878497001,0.02201695,4
878499001,0.013241054777777778,9
878499002,0.013542373,4
878499013,0.016892141363636363,11
878502001,0.018934036405405405,37
878502003,0.016593220913333335,15
878503001,0.008400000000000001,5
878504002,0.010229583727272727,11
878508001,0.016932203,2
878508002,0.006762712,4
878508003,0.006536723266666666,9
878509001,0.03486440733333333,3
878509002,0.0422067796,5
878510001,0.01010381325,8
878510002,0.015141243666666665,6
878510003,0.013950044631578947,19
878510004,0.01355351097142857,35
878601001,0.0175668555,18
878602001,0.010152542,3
878602002,0.016508474750000002,4
878604001,0.03351443742592593,108
878604002,0.03323986661956522,92
878629001,0.016169491291666668,24
878629002,0.016054415473684212,19
878629003,0.015600483714285714,7
878629004,0.0162054236,25
878629005,0.016674370545454547,33
878629006,0.016785157702702704,37
878663001,0.02474011333333333,9
878695001,0.020593220714285713,7
878695002,0.02098224442857143,21
878695003,0.01761017,2
878725001,0.0165932202,5
878725002,0.016497420652173914,23
878725003,0.016310895542857144,35
878727001,0.03284521858490566,53
878733001,0.030028248296296293,27
878733002,0.0287178670625,48
878733003,0.016932203,5
878740001,0.021282486666666666,6
878740002,0.021135594,5
878754001,0.05666242808333334,36
878754002,0.05840588635087719,57
878755001,0.030491525,1
878756001,0.029944778274193545,62
878756003,0.025803310930232557,43
878784003,0.010152542,1
878784004,0.010152542,1
878784005,0.010152542,1
878784006,0.010152542,1
878794001,0.01981871799347826,46
878794002,0.018578208457142857,35
878794004,0.024995157653061224,49
878800001,0.058837657453125004,64
878800003,0.05839939012820512,78
878816001,0.009977401,3
878816002,0.015274953444444442,9
878816006,0.009940677666666667,6
878828001,0.04153345228947368,38
878828002,0.054639223785714286,14
878831001,0.022016949999999997,6
878831002,0.021810735333333334,6
878839001,0.02540678,1
878839002,0.006762712,1
878918001,0.02456747096153846,52
878941001,0.013542373,1
878960002,0.042247959592592595,27
878972001,0.059305083,2
878972002,0.0588084732,20
878972005,0.05658018115384615,13
878976001,0.028231638,3
878987001,0.027101696,1
878987007,0.027101695999999998,3
879012001,0.025073446333333332,3
879012003,0.013542373000000002,3
879016001,0.030491525,1
879021001,0.00662711874,5
879066001,0.011847458,1
879066002,0.011847458,1
879084001,0.033391766733333335,105
879084004,0.03328396276923077,65
879088001,0.04134989666789668,542
879088002,0.041434857885542166,166
879096001,0.017229689931034485,29
879096002,0.033576271,3
879096004,0.016932203,6
879132001,0.049786641470588235,85
879132003,0.04996981977631579,228
879139002,0.023556240454545452,11
879149001,0.06777966,5
879166003,0.033881355,2
879166004,0.030709187789473683,19
879166005,0.04123917116666667,18
879176001,0.0298135586,5
879176002,0.015566102273333333,30
879190001,0.02870339,6
879200001,0.023711864,2
879215001,0.04970305232,25
879236001,0.033881355,1
879242005,0.020700241714285715,35
879242006,0.02409306016981132,53
879242007,0.03337288055,20
879242008,0.033429377733333335,15
879242010,0.015055556166666666,36
879245001,0.033881355,1
879246002,0.033881355,1
879248001,0.016119854444642857,56
879248002,0.016466101833333333,6
879248003,0.014997578428571428,7
879248004,0.016932203,6
879248005,0.016371884,17
879248006,0.016690677625,8
879248008,0.014177966,8
879248010,0.016932203,3
879259001,0.02540678,6
879261001,0.024852080409090913,22
879265001,0.042355932,9
879265002,0.02201695,1
879268001,0.05083051,1
879282001,0.025165031578947367,19
879282002,0.025324859,6
879282003,0.025246704666666665,9
879287001,0.02475415685714286,105
879287002,0.02482462842857143,98
879288003,0.02201695,1
879294001,0.009958837428571428,7
879294002,0.02540678,1
879294003,0.010152542,1
879294004,0.023817796874999998,8
879298001,0.030348667857142856,14
879298003,0.026853107166666668,6
879298005,0.028147919636363636,11
879298006,0.02855541038461538,13
879307001,0.03153389825,4
879307002,0.032616948800000004,10
879307003,0.033881355,1
879324001,0.042355932,1
879340001,0.030158192666666667,3
879359003,0.006762712,2
879385001,0.0251525426,5
879387001,0.022016949999999997,3
879388001,0.0103474575,2
879409001,0.02540678,2
879410001,0.0156610175,4
879413001,0.042355932000000006,3
879413002,0.04207627075,4
879436001,0.01463653488888889,9
879436002,0.028721280333333335,18
879436003,0.022016949999999997,6
879447002,0.05083051,1
879447005,0.05083051,3
879450001,0.021451977,3
879478001,0.012276836166666666,6
879482001,0.009046610075000001,4
879483002,0.010661017,1
879513001,0.06099999933333333,3
879522001,0.011522599166666666,12
879522002,0.008175141166666667,6
879529001,0.01055508475,4
879542001,0.00484067804,5
879545001,0.0146949152,5
879545002,0.006762712,1
879573001,0.02540678,3
879588001,0.033881355,1
879605001,0.021403967825327514,229
879605003,0.021559322705882355,68
879646001,0.023734463333333334,3
879646002,0.030491525,2
879655002,0.049906781,2
879683001,0.016932203,2
879683002,0.016932203,1
879702001,0.08280225933333334,6
879702002,0.06989830000000001,3
879727002,0.05083051,1
879733001,0.033881355,1
879740001,0.008796610233333333,3
879741001,0.042355932,1
879763001,0.05704519633333333,6
879772001,0.14235593,3
879774005,0.007990314828571429,7
879781001,0.016932203,13
879781002,0.015707952769230767,13
879781003,0.01672033875,4
879781004,0.0150677965,8
879781005,0.016932203,3
879796001,0.02507203425,8
879796003,0.023089588714285715,7
879796004,0.024163842166666668,12
879796006,0.02540678,1
879801001,0.016664648642857143,14
879807002,0.0556949145,6
879827001,0.05083051,7
879827002,0.04676695025,4
879863001,0.05083051,2
879891001,0.0338135585,6
879912002,0.024066493076923077,13
879916002,0.03170459985714286,14
879921001,0.033881355,1
879921002,0.033881355,2
879921003,0.03162146866666667,3
879943001,0.03176271,1
879944002,0.016596262205128207,78
879944004,0.009953994942857144,7
879945001,0.05083051,2
879949001,0.033881355,9
879949002,0.02201695,1
879956001,0.0154491525,4
879956002,0.01347154975,28
879958001,0.03346467016883117,77
879958002,0.03328124934375,32
879962001,0.038832626625,8
879965001,0.016638643768000002,125
879965002,0.016673238482993197,147
879965003,0.016364406999999997,2
879966001,0.033457626250000004,8
879967001,0.02540678,1
879985002,0.016932203,3
879989001,0.010152542,1
879989002,0.009190677825,4
879989006,0.010152542,1
879991001,0.027538606333333333,9
879995001,0.012977400833333333,6
879995002,0.006451977566666666,3
879996001,0.01654495805084746,59
879999001,0.0132469735,14
879999002,0.013746704611111112,18
880001001,0.008335332370769232,65
880001002,0.007697033804166667,24
880001003,0.008025181534285714,35
880008001,0.016661016600000002,5
880008002,0.016576271,22
880008003,0.016322033666666666,9
880008004,0.01657091842105263,19
880017001,0.02455932233333333,6
880018003,0.03382324371428572,7
880018004,0.031972264363636364,11
880029001,0.032126466000000006,13
880029002,0.03354613844444445,9
880059001,0.04183496852631579,19
880059002,0.021663438285714286,7
880059003,0.013587570738095236,21
880060002,0.011847458,10
880060003,0.02201695,2
880063001,0.015237289,3
880089001,0.006762712,1
880097001,0.029644068,1
880099001,0.015987893142857142,14
880099002,0.016370955045454546,44
880099003,0.011650331326086956,46
880123001,0.011559322,2
880139001,0.029079095333333332,6
880139002,0.027440678,4
880142001,0.0409050842,10
880159001,0.042355932,1
880164001,0.0400127115,4
880164002,0.039357815222222224,9
880186001,0.029878365,17
880186002,0.042355932,1
880186003,0.024943800452631577,95
880195001,0.01474837046153846,26
880195002,0.01675772694117647,17
880198001,0.0237881355,4
880238002,0.01633535085714286,14
880238003,0.009022599000000001,3
880238005,0.012622276057142858,7
880238006,0.012409201,7
880257001,0.016599421,41
880278001,0.0066440679999999995,3
880278002,0.021473273076923077,13
880278003,0.021612728622641512,53
880308001,0.05083051,2
880312003,0.016585002378787878,66
880312004,0.016583333000000002,48
880312005,0.016649717242424242,33
880321001,0.016932203,3
880322002,0.0050193703,7
880322003,0.005351694725,4
880322004,0.016932203,2
880325001,0.032468925833333336,6
880333001,0.0213627126,30
880333002,0.02201695,2
880333004,0.020938850686274508,51
880343001,0.05083051,2
880343002,0.041084746666666665,3
880345002,0.042355932000000006,3
880352001,0.0094110171,4
880358001,0.029830508,1
880358002,0.025406779666666667,3
880358003,0.027933743999999996,11
880358004,0.030491525,8
880362001,0.0104745762,2
880387001,0.028883050599999998,10
880387002,0.03371186366666667,6
880387003,0.030491525000000002,3
880392001,0.016372881333333332,9
880434001,0.013271186600000002,5
880439001,0.02201695,4
880456001,0.084728815,1
880463001,0.016932203,5
880474001,0.013542373,1
880476001,0.022016949999999997,3
880478001,0.11862711600000002,3
880478003,0.112699151,4
880479001,0.033740112083333336,24
880480001,0.016932203,3
880481001,0.01661753237704918,122
880481003,0.01659966078,50
880485002,0.21864407,4
880485004,0.21864407,1
880492001,0.01257385,7
880492002,0.012961259,7
880504001,0.013142112230769231,13
880504002,0.0130847459,10
880515001,0.013542373,1
880538001,0.016364406999999997,2
880553001,0.025045788283582088,67
880553002,0.0248592129516129,124
880553003,0.02521635117647059,17
880560001,0.021440678600000002,5
880575001,0.010717514400000001,6
880597001,0.011661933418918918,37
880599001,0.011806026666666667,9
880599002,0.011847458,1
880624001,0.0121864408,5
880657001,0.01642690659375,32
880672001,0.012711864571428573,7
880696001,0.05747175016666667,6
880696002,0.0398632768,15
880696008,0.021649718333333335,3
880706002,0.05459322,2
880707001,0.066389829375,8
880709001,0.028369799545454544,11
880714002,0.046593221000000004,2
880716001,0.03435216566666667,18
880716002,0.02877024472222222,18
880716003,0.046252543,10
880723001,0.05077723857142857,7
880724002,0.033881355,1
880729001,0.027101696,1
880738001,0.0332644061,10
880738002,0.05761016837500001,8
880738003,0.02811342869230769,13
880739001,0.05043260776190476,21
880740003,0.010152542,14
880741001,0.021726930999999998,9
880741002,0.0219237295,8
880749002,0.0217012718125,32
880749003,0.0253186444,5
880768001,0.02201695,1
880772002,0.033881355,2
880774001,0.013542373,8
880776001,0.006601694799999999,6
880780002,0.033881355,1
880782001,0.008210526236842106,19
880784002,0.0076284223384615385,13
880785002,0.03162712,1
880786001,0.016932203,2
880792001,0.02286711876,25
880793001,0.015098870833333333,6
880793002,0.01679815072727273,11
880799001,0.006084745700000001,6
880804001,0.009372881,2
880815002,0.050316950400000005,10
880815005,0.05083051,3
880815006,0.04947732591891892,74
880817001,0.009983050666666667,6
880817003,0.008457627,5
880821001,0.06455367166666667,30
880830001,0.050290962,12
880830002,0.05083051000000001,5
880839001,0.02955932169565217,23
880839002,0.030330508125,8
880839003,0.028070217571428573,7
880839006,0.030491525,5
880851001,0.047440678,1
880851002,0.047440678,1
880852001,0.12201695,3
880860003,0.030491525,2
880867001,0.05083051,4
880867004,0.05083051,2
880875001,0.06777966,3
880880001,0.118627116,2
880881001,0.049135594000000005,2
880881002,0.03699537818181818,11
880886001,0.04066102,1
880894001,0.0675593225,4
880972001,0.028728813400000004,5
880972002,0.033881355,1
880973001,0.030772397142857146,7
880973002,0.033881355,1
881031001,0.024890482692307696,13
881041002,0.019423729,2
881111001,0.08344459617777777,450
881111005,0.08393220470370372,54
881111008,0.08308336715891472,258
881114001,0.016207627,8
881114005,0.016932203,5
881121001,0.014389830999999999,2
881121005,0.016932203,3
881125001,0.022864407,2
881125002,0.0204915255,6
881125003,0.020322034,1
881129001,0.0304915255,2
881133001,0.06287673309090909,11
881135003,0.04905441694736842,19
881135004,0.05068926666666667,12
881146001,0.05083051,1
881146002,0.045745765,2
881203003,0.010013867181818183,11
881244001,0.033557177102409644,166
881244003,0.033558110642857145,14
881244004,0.03382534917391304,23
881244006,0.03341987602272727,44
881267002,0.030262711749999997,4
881269002,0.06777966,2
881269003,0.06555119975,48
881300002,0.05874011133333334,3
881300003,0.055576270000000004,2
881311001,0.016932203,7
881311002,0.018627118249999998,4
881319001,0.05083051,1
881331001,0.023711865,2
881350001,0.045261016200000004,5
881355001,0.030491525,1
881359001,0.013542373,1
881361001,0.06396798477777778,18
881361003,0.06742937750000001,12
881361005,0.06777966,6
881362001,0.047358051875,8
881362002,0.048711866,6
881362003,0.05083051,2
881369001,0.023351310545454546,33
881369007,0.02966737325,8
881383001,0.015237289,4
881385002,0.042355932,1
881404001,0.02850686033333333,21
881404002,0.030032014722222222,18
881411001,0.0470169505,4
881425001,0.01677966064516129,31
881425002,0.016486172736842105,19
881432001,0.0377389829,10
881448001,0.036208310709677415,31
881448002,0.03244519826666667,15
881478001,0.013542373,1
881478006,0.0050677964,2
881478013,0.01287182215625,16
881488014,0.06777966,1
881494001,0.0635423725,4
881494002,0.06777966,2
881496002,0.046593221666666663,6
881497001,0.04500847507142857,14
881497002,0.048250000125,8
881541001,0.019619855285714284,7
881541003,0.021707628,4
881541006,0.020915255,4
881544004,0.02728329314285714,7
881544005,0.02540678,5
881562001,0.042355932,2
881570001,0.04031714476923077,52
881572004,0.05083051,2
881572006,0.050535855538461544,13
881577001,0.04068636288073394,109
881577002,0.04127018936601307,153
881577004,0.04070680933333333,57
881577005,0.04144114023636364,110
881591001,0.026423728999999996,3
881608001,0.02540678,10
881635001,0.016932203,5
881660002,0.016932203,1
881660003,0.015237288,2
881660004,0.016614406249999998,4
881666001,0.033881355,1
881684001,0.05047765918181819,11
881691001,0.024818215956043957,91
881691002,0.0248754240375,80
881691003,0.02473128558333333,96
881698004,0.00804237275,4
881702001,0.0112542375,2
881709001,0.013394068,4
881751002,0.03320025993846154,65
881755001,0.032806027083333335,36
881758001,0.016932203,2
881759001,0.02201695,2
881759003,0.021677966400000002,5
881759004,0.02201695,4
881759005,0.02143644125,4
881779002,0.0160847455,4
881779003,0.013542373,1
881817001,0.011,2
881817002,0.011127119,2
881817003,0.01657457615,20
881817007,0.009593220393750001,32
881817008,0.006762712,1
881823003,0.025135593444444444,9
881823004,0.021623904948275863,58
881831001,0.008457627,4
881831002,0.0111016955,2
881833001,0.0507316395,6
881833002,0.04963373390243902,41
881844001,0.07812288225,4
881863001,0.0162542376,5
881863004,0.023847458,15
881880001,0.02133898366666667,3
881882001,0.0167389828,5
881882002,0.016414043285714285,21
881887001,0.0226627121,10
881891001,0.05061259157142857,7
881891003,0.050296208095238104,21
881908001,0.013500941777777779,9
881916001,0.008235913851351351,37
881916002,0.008258757013333333,60
881916003,0.00842372875,16
881916004,0.008281972118181819,11
881917001,0.06736825818181819,11
881917002,0.06777966,1
881919001,0.02473355952,25
881919002,0.025112564804347825,92
881919003,0.02475584083783784,37
881922001,0.06632724846153847,13
881933001,0.04550363328571429,7
881933002,0.05059957775,8
881937001,0.0650677954,5
881940003,0.0084576272,2
881942001,0.033516383200000006,15
881942002,0.033881355,4
881943001,0.020915255,4
881947001,0.012640079657352941,68
881950001,0.016762711333333333,3
881957003,0.0518898295,2
881994004,0.013542373,1
882011001,0.011847458,1
882019001,0.02201695,2
882021001,0.033881355,1
882034001,0.033881355,4
882045001,0.050254237,1
882047001,0.0505423735,2
882050001,0.024389831,1
882060001,0.0208305085,2
882060002,0.025088983375,8
882066001,0.006661017044444444,9
882066002,0.014813559,4
882082001,0.013542373,1
882087001,0.02201695,1
882087002,0.02201695,1
882087003,0.02201695,2
882120001,0.03328610088,25
882120002,0.025925224647058823,17
882146002,0.04165225660674157,89
882146003,0.04125150807627119,236
882151002,0.02823163766666667,3
882151003,0.02823163766666667,3
882154001,0.013542373,1
882161001,0.02540678,2
882165001,0.015425513605263157,19
882184002,0.01981356,2
882203001,0.0245935465,104
882203002,0.024656716641791046,134
882204002,0.02201695,1
882207001,0.006177966,2
882261002,0.030491525,2
882261003,0.020322034,1
882264001,0.02380739645454545,11
882269001,0.033881355,3
882271001,0.050652947238095235,21
882296001,0.021116223142857143,7
882311001,0.04701695,2
882336002,0.03318788524031008,129
882337002,0.016484803913793103,58
882354001,0.015032769,15
882370001,0.033652012187500004,32
882370002,0.014813559999999998,6
882418002,0.022445974041666667,48
882418004,0.02400847408333333,12
882418005,0.023979503139534883,43
882454001,0.06671016900000001,20
882454002,0.06393611430769232,26
882456001,0.042355932000000006,3
882471002,0.0965932225,8
882479001,0.06777966,2
882479002,0.06777966,3
882481001,0.04181691844594594,222
882485001,0.04210883136842105,19
882485002,0.04211864366666667,3
882485003,0.04228197218181818,11
882512001,0.02540678,1
882596003,0.02201695,1
882613001,0.03343701237837838,37
882613002,0.03353879566055046,109
882613003,0.03320075903448276,58
882615001,0.041330508749999995,4
882619001,0.02201695,10
882619002,0.023146893333333335,3
882642001,0.006762712,1
882651001,0.029944309535714284,28
882701002,0.0148983052,5
882725001,0.027101695999999998,3
882725002,0.030491525,2
882728001,0.030491525,4
882747001,0.038635593571428574,14
882757001,0.016876997228571427,35
882757003,0.016644589046153846,65
882757004,0.016622618561946904,113
882759001,0.01667203355,40
882759003,0.0167302496779661,59
882759006,0.016627398508264463,121
882760001,0.033104519,12
882760003,0.019474576,5
882760005,0.02954990555555555,9
882760006,0.057683614857142865,21
882765002,0.06777966,3
882772001,0.02540678,1
882772002,0.05083051,1
882801001,0.05083051,2
882810001,0.01637711875,4
882810002,0.016932203,12
882810003,0.016496044916666668,60
882810004,0.0167049785625,96
882814002,0.02540678,2
882814003,0.0239830511,10
882817001,0.016581920666666666,3
882817004,0.016785310333333334,3
882840001,0.0159180795,6
882840002,0.03260257086206896,29
882882001,0.050497353015625,64
882882002,0.04985150644776119,134
882882004,0.05083051,1
882882005,0.05008789471904762,210
882882006,0.050091687422413794,232
882882010,0.050072275150943396,53
882882015,0.05020305891176471,102
882888002,0.025198265976744186,43
882893001,0.042316383944444445,18
882893002,0.042355932,1
882894001,0.008457627,1
882894002,0.005762711849999999,2
882899001,0.06667175066666668,30
882899003,0.06634232202955666,203
882899005,0.06664890964285715,28
882899009,0.06777966,1
882899012,0.06601829365079366,63
882899015,0.06570670530434783,23
882900001,0.061,1
882900004,0.06702159900609757,164
882900007,0.066420338135,200
882900008,0.06613260766666668,159
882902001,0.04164092889417989,189
882902003,0.042355932,2
882925001,0.004316384033333333,3
882925002,0.0028135593,1
882925003,0.0027966101,1
882925004,0.004779660925,4
882942001,0.05770795161538462,13
882942002,0.059088981750000005,4
882942004,0.058455507250000004,8
882961001,0.02954990555555555,9
882961002,0.020892655833333332,6
882961003,0.017779661500000002,4
882992001,0.118627116,1
882992005,0.118627116,2
882993001,0.0083347455,4
882995001,0.005648910357142857,7
882997001,0.010152542,1
882999001,0.006762712,5
883002001,0.06777966,1
883002002,0.06777966,4
883015001,0.0434152539375,16
883015002,0.042355932,7
883021001,0.031246703666666667,9
883021003,0.0336271185,6
883024001,0.025042373333333336,6
883025001,0.042355932000000006,6
883026001,0.013283513181818182,110
883026002,0.013199152618055555,72
883026003,0.013463680517857143,28
883026004,0.013309760465517241,58
883033001,0.017170986705882355,34
883033002,0.017598572263157895,19
883041001,0.02445339,4
883068001,0.00811864408,5
883068003,0.008457627,6
883068004,0.008316384116666667,6
883068005,0.010858757333333335,3
883150002,0.024389831,1
883153001,0.022864407,2
883154001,0.022864407,2
883155001,0.02201695,2
883164001,0.041418079,3
883174001,0.030491525,1
883176002,0.042355932,2
883217001,0.021581921666666667,3
883235001,0.0154745765,2
883274003,0.013083804333333332,18
883274004,0.02201695,1
883275001,0.006762712,2
883300001,0.00927966085,4
883307001,0.033182763837899545,438
883307004,0.03333015886682809,413
883317001,0.00794915254,5
883336001,0.008457627,1
883336002,0.0076101694,5
883341001,0.008115562336363636,11
883341002,0.008457627,1
883354001,0.030446327333333332,9
883414001,0.033881355,1
883414011,0.0304915255,2
883421001,0.033723163333333334,3
883421002,0.033397093571428574,7
883421003,0.03223486642857143,7
883424001,0.0533728805,2
883425001,0.029971751,3
883430001,0.0317627115,2
883435001,0.01398728825,4
883435002,0.0147288135,12
883435003,0.016254236999999998,20
883450001,0.014583535714285714,7
883450002,0.0157186444,5
883450003,0.017992736571428573,7
883454001,0.023996368357142858,14
883454002,0.02478208257142857,7
883456002,0.02540678,1
883475001,0.0161898303,10
883477001,0.013251816,7
883489001,0.021333333666666666,3
883501002,0.027440678,1
883502001,0.042355932,2
883502002,0.039559323,1
883510005,0.05083051,1
883516001,0.011847458,3
883516004,0.021451977,3
883526001,0.020937046285714283,7
883526002,0.021673729750000002,4
883527001,0.016932203,3
883527002,0.016932203,2
883533001,0.024836672090909093,22
883533002,0.025112523694444444,36
883533003,0.025279878538461538,39
883535001,0.05083051,4
883535002,0.05083051,4
883544001,0.0121567797875,8
883549001,0.004355932,1
883559001,0.02540678,1
883569001,0.02484180822222222,9
883569002,0.02540678,3
883589003,0.02201695,1
883610001,0.016893462,7
883684001,0.024772192169491527,59
883684002,0.022462979736842106,19
883684003,0.02462711888888889,9
883685002,0.03219067725,4
883686001,0.016429506568181818,44
883686003,0.028723163333333333,3
883689001,0.030241525035714284,28
883689002,0.02966779625,20
883692005,0.04076271157894737,19
883693001,0.021345228263157896,38
883719001,0.016932203,14
883720001,0.01981356,1
883723001,0.03121791685714286,7
883724001,0.04183672303333333,30
883728001,0.033630346238095236,21
883730001,0.016084247970588238,68
883730002,0.015747838673469388,49
883784001,0.023711864,1
883784002,0.016932203,2
883789001,0.02540678,1
883789002,0.02540678,1
883793001,0.010152542,10
883807001,0.02478582456060606,66
883808001,0.03019857954054054,74
883808002,0.029823989153846153,39
883810001,0.016932203,3
883855001,0.033881355,1
883886001,0.024658060918604653,86
883886002,0.02431214716666667,12
883936001,0.020039548333333334,3
883951001,0.023194916,2
883967002,0.067101694,10
884017001,0.05816949,1
884078001,0.008338983,1
884081001,0.015055690857142857,7
884100002,0.02535875741666667,12
884102001,0.0218252941025641,39
884102002,0.021688960783783785,37
884105001,0.026135594,1
884105003,0.030491525,1
884147001,0.0214661025,4
884174001,0.01648846881967213,61
884174002,0.016279660822222222,90
884174003,0.015509739238805968,67
884187001,0.021576271538461537,13
884187002,0.02201695,4
884198002,0.02540678,3
884212003,0.06664166850943397,106
884220001,0.039834274777777776,18
884236001,0.0130614408125,16
884245001,0.033881355,5
884245002,0.015802260333333335,3
884252001,0.05868700413333334,15
884319001,0.02495873960743322,861
884319003,0.024844760805695143,597
884319005,0.024941459588652484,564
884319006,0.025025166408814588,658
884319008,0.025103943581632655,98
884345001,0.012812500125,16
884345003,0.01307253519892473,93
884348001,0.013026836291666668,12
884349001,0.00814237285,20
884349002,0.00826101687,10
884350001,0.011055085,4
884350002,0.011847458,2
884391002,0.03362429316666667,6
884398001,0.033881355,2
884405001,0.012002947869565217,23
884405002,0.0134257629,25
884405004,0.011847458,8
884405005,0.011645009777777778,18
884405006,0.04191134276923077,13
884406001,0.02201695,4
884431001,0.016491525200000003,10
884432001,0.016932203,1
884441001,0.022016949999999997,3
884448001,0.021725989416666664,24
884465001,0.11700188137037036,27
884465002,0.1162915233,20
884465003,0.11669365764814815,54
884497001,0.023966102,1
884497005,0.016932203,2
884497006,0.0252728817,10
884498001,0.016932203,1
884520001,0.050168887464285716,112
884528001,0.0381186435,2
884535001,0.05040210524137931,29
884535002,0.05014785559574468,47
884550001,0.018627118,2
884550002,0.020056025833333335,36
884551002,0.018627118,2
884573001,0.033621469,3
884573002,0.03176271,1
884578001,0.01804358342857143,7
884578002,0.02201695,2
884583001,0.013177966,8
884597001,0.012285948709677419,31
884597003,0.0129788135,4
884597004,0.013542373,1
884608001,0.040237288999999996,2
884612001,0.02540678,2
884657002,0.010152542,2
884668002,0.04882690342553191,47
884668003,0.04895812676470589,34
884685002,0.02540678,3
884685003,0.02540678,3
884686001,0.02527118675,4
884687001,0.023711864,2
884688001,0.0330338975,4
884688002,0.01340677975,4
884689001,0.042355932000000006,6
884690001,0.02540678,1
884690002,0.010152542,6
884690003,0.020706214333333334,3
884702001,0.00827249013846154,13
884702002,0.008394773975,24
884726001,0.066423728,5
884750002,0.020983052,1
884754001,0.019951760461538463,13
884754002,0.021504237475000004,12
884754003,0.013542373,1
884754004,0.018627119333333334,3
884771001,0.016932203,1
884771003,0.037559322,9
884787002,0.07896186525,8
884841001,0.013542373,1
884847001,0.03276502240909091,22
884847002,0.013542373,1
884847004,0.03390181103448276,29
884848001,0.040256355875,16
884851001,0.025045893384615384,65
884855001,0.008457627,1
884885001,0.011494915599999999,10
884901001,0.020144673714285716,28
884901004,0.02201695,1
884904001,0.023555555666666665,9
884920001,0.016911016583333334,12
884920002,0.0067627117,4
884920003,0.00911138,14
884920005,0.01690960408333333,12
884920006,0.0076101697,1
884927001,0.0334449145,8
884943001,0.038824858,3
884943002,0.03947282279310345,29
884962004,0.0246101695,2
884966001,0.05083051,1
884975001,0.010152542,2
884993001,0.0216726703125,16
884993002,0.021669046315789475,19
885028001,0.012664406933333334,15
885033002,0.033881355,3
885034001,0.016447457399999997,5
885043001,0.008343220375,8
885047001,0.031567797,4
885047002,0.042355932,8
885047004,0.036022598999999995,3
885047005,0.0372711866,5
885072001,0.015806295440476188,42
885072002,0.016932203,1
885074001,0.01460593275,4
885077001,0.008086484077777777,117
885077003,0.008186068120879122,91
885092001,0.0050677964,1
885100001,0.008457627,3
885101001,0.013203389833333334,6
885118001,0.013542373000000002,3
885118002,0.013271186600000002,5
885128001,0.012864407,2
885199004,0.047587571,3
885231004,0.03092978176190476,21
885239002,0.013390495294117647,51
885315003,0.04996707142857143,35
885367001,0.0329491515,2
885387002,0.0287966115,2
885408001,0.021535916833333335,42
885410001,0.02495712888235294,17
885416001,0.05792033761666667,60
885434002,0.06777966,1
885434003,0.084728815,1
885439001,0.0398135595,2
885439002,0.04114527785714286,7
885439005,0.07837288249999999,2
885442001,0.033497174666666664,6
885450001,0.03539137209090909,11
885450002,0.04075867576190476,21
885465006,0.0170677966,5
885465007,0.03306650622826087,92
885468001,0.0706147930909091,11
885468002,0.051169491600000006,5
885468003,0.03447956070588236,17
885472001,0.048694916,1
885535001,0.016932203,3
885535002,0.016932203,2
885543003,0.033228528402684566,149
885543004,0.03306155147368421,38
885547001,0.03355529938983051,118
885572001,0.042355932,1
885584001,0.022864407,2
885586001,0.02488862,7
885617001,0.0402372876,5
885617002,0.042314739246835445,79
885618001,0.02201695,4
885624001,0.01248042127586207,29
885624002,0.011022598666666666,15
885638001,0.033881355,1
885642001,0.050796609,6
885643001,0.025061017,5
885710001,0.02518714725,24
885710002,0.02530345969863014,73
885710003,0.03069773955555556,36
885714001,0.046786018375,8
885714003,0.05083051,1
885787001,0.022016949999999997,3
885803002,0.045398305,2
885806002,0.003259886966666667,3
885806003,0.0033728813,6
885806004,0.006762712,1
885806005,0.0033728813,4
885824004,0.06623882818181819,11
885824005,0.06693220250000001,8
885827001,0.041154280564102565,39
885827002,0.042893682545454545,33
885865001,0.01655732782352941,17
885870001,0.0064474577,15
885870002,0.0063457627933333335,15
885870003,0.008457627,3
885873001,0.03191101625,4
885896001,0.01669100346153846,13
885899001,0.0048644066250000005,4
885910001,0.033881355,4
885919002,0.02540678,1
885919006,0.023165031473684213,19
885919009,0.02540678,1
885919011,0.02540678,1
885919012,0.024384694545454545,33
885923001,0.04214755723529412,17
885923002,0.042249394571428574,7
885923004,0.0405197745,6
885946001,0.033881355,1
885950001,0.0149661025,4
885950002,0.033881355,1
885950003,0.0219067805,6
885951001,0.029980543399075497,649
885951002,0.02984071931557377,244
885951003,0.030071474346041054,341
885951004,0.029745762411764704,17
885952001,0.016932203,2
885978001,0.0214661025,8
885978002,0.021326271875,8
885978003,0.019682204000000002,4
885989001,0.03876271169230769,13
885989002,0.039724190636363635,11
885994001,0.024398305500000002,2
886015001,0.033881355,11
886029003,0.014813559,4
886029004,0.016932203,2
886032002,0.016932203,1
886037001,0.024043478478260872,23
886039002,0.01095084777,10
886085001,0.02540678,1
886099001,0.06777966,1
886178001,0.014806779666666665,15
886178002,0.015404661,8
886178005,0.01552966075,8
886179001,0.016254236999999998,10
886179002,0.0164983047,10
886179003,0.01650847425,8
886181001,0.042355932,1
886181003,0.0381186435,2
886189001,0.06416448295454545,44
886189002,0.06212994250000001,6
886197001,0.016441620333333334,18
886200001,0.045745764,5
886218006,0.023711864,3
886219001,0.06626755392857143,28
886223001,0.025971751666666668,3
886224001,0.024389831,5
886225001,0.02981395323255814,43
886226002,0.025108959214285714,14
886229001,0.013542373,2
886241001,0.0437145540952381,63
886241002,0.06777966,2
886241003,0.03139674875510204,49
886270002,0.05083051,2
886270003,0.0499021482,75
886270006,0.04962533542105264,38
886279001,0.033881355,1
886281001,0.06444844541666667,24
886282001,0.050830507500000004,2
886282002,0.059240113000000004,6
886315001,0.099983052,2
886366001,0.04219915247222222,36
886366002,0.04218774434615384,26
886367001,0.05023146321875,32
886367002,0.05035359579310345,29
886367004,0.0501875013125,16
886390001,0.037116037346153846,26
886390002,0.031409603833333334,6
886464001,0.033881355,2
886470001,0.08112288000000001,4
886470002,0.08222034,1
886470003,0.0823220325,4
886471001,0.08811864,1
886473001,0.0938762726,10
886474001,0.16180387428571427,7
886474002,0.16480024214285716,14
886486001,0.06753954766666667,6
886486002,0.06777966,5
886489003,0.021697740333333337,6
886489007,0.02201695,1
886489008,0.021308475200000003,10
886489009,0.02090612830769231,13
886489010,0.0195466105,8
886489011,0.019716102333333332,12
886538001,0.016932203,4
886538002,0.042355932000000006,3
886540001,0.033881355,2
886548001,0.024672316666666666,9
886548002,0.025186440666666667,3
886548004,0.02540678,4
886548006,0.025216102,4
886548008,0.02540678,4
886552001,0.06777966,2
886557002,0.04091746488043478,92
886557004,0.041749269103448276,29
886557005,0.0413416311875,96
886565001,0.0507000015,20
886569003,0.009700565,6
886569004,0.008407990275,28
886569005,0.00832697735,24
886600001,0.10167797,2
886601001,0.10167797,1
886608001,0.011847458,2
886608002,0.011847458,3
886632001,0.011970339,4
886662001,0.010152542,1
886667001,0.016932203,7
886669001,0.03179661,2
886697001,0.041157627100000004,70
886706002,0.04869898183763838,271
886706007,0.04867630568627451,51
886728001,0.032512993600000005,15
886737001,0.033412870928825625,281
886737003,0.033074151791666666,24
886754001,0.03763559417857143,56
886777001,0.008457627,1
886787002,0.0060847457,1
886819001,0.0082902542125,8
886826001,0.033881355,5
886862001,0.06692584654166667,24
886862002,0.06663080243478262,23
886862007,0.06634602857303372,89
886892001,0.005067796649999999,2
886903001,0.0081694914375,8
886906001,0.02201695,1
886908001,0.033669490499999996,2
886966001,0.06636217605263157,19
886966002,0.06647145332894737,76
886969001,0.02201695,1
886975001,0.02976836133333333,3
886975002,0.03041101625,4
886976001,0.008457627,3
887085002,0.052525423,1
887085003,0.0533728805,2
887097001,0.02201695,8
887144001,0.016367231333333333,3
887164001,0.059305083,1
887164003,0.046084745200000006,5
887175001,0.013542373000000002,6
887175002,0.021691526,5
887181001,0.009983050666666667,6
887181002,0.01491395096153846,13
887188001,0.024389831,1
887201001,0.059305083,4
887202001,0.029041431,9
887204001,0.006762712,1
887216001,0.010963790499999999,22
887227001,0.05083051,1
887227002,0.0482881375,4
887230006,0.04233100676470588,17
887236001,0.033881355,4
887237001,0.033881355,2
887246001,0.013542373000000002,3
887246002,0.011847458,3
887281001,0.008084745666666667,3
887281002,0.007389830466666667,3
887281003,0.0068559322,2
887281007,0.00728389825,4
887299003,0.0412966105,16
887299004,0.0405367231,30
887302001,0.010661017,1
887303001,0.070432199,8
887346001,0.024686441,6
887364001,0.0130734465,6
887368001,0.020322034,1
887370001,0.02540678,2
887374001,0.0236067796,5
887374002,0.02540678,1
887390001,0.05083051,2
887394001,0.07945762842857143,14
887396001,0.011847458,1
887432002,0.10158552,11
887432005,0.09948342308695653,23
887444001,0.0148983058,15
887454001,0.023158191999999998,3
887456001,0.02201695,1
887456003,0.02201695,1
887457001,0.10016145859482758,116
887457002,0.09964108920370371,108
887464001,0.0993710005,36
887464002,0.10050413143589744,39
887464003,0.09986441,2
887467001,0.030233958428571427,56
887467002,0.030211525079999996,50
887471001,0.02995207448275862,58
887484001,0.05877965978571429,14
887498002,0.02540678,2
887513001,0.03334543909523809,21
887535002,0.042355932,1
887542001,0.014672316999999999,9
887552001,0.03843644025,12
887552002,0.040802259599999995,15
887552003,0.0406610166,5
887552004,0.035717514,3
887553001,0.05083051,2
887553002,0.0432033925,4
887556001,0.033881355,1
887556002,0.027101696,1
887561001,0.039101695,3
887561002,0.042355932,2
887578001,0.02201695,2
887593001,0.021077792307692307,39
887593002,0.023711865,2
887609001,0.008457627,2
887610001,0.02540678,1
887649001,0.0097457624,5
887649002,0.010658409,13
887653001,0.04202998692307692,13
887653002,0.040338982841463415,82
887653003,0.039694915461538464,13
887654002,0.017939466785714286,14
887659002,0.008457627,2
887659003,0.00820419690952381,21
887659004,0.008331567722916667,48
887659005,0.0083231638,15
887659008,0.008368867015789474,38
887659010,0.00827175137,30
887668001,0.016932203,1
887675001,0.03305649733333333,3
887677001,0.016932203,5
887681001,0.021790719395721924,187
887681002,0.021810714540145985,137
887681003,0.02169928319631902,163
887681004,0.02201695,4
887711001,0.02176412491666667,12
887712003,0.027101696,1
887714002,0.016932203,6
887714003,0.01949152585714286,7
887714004,0.02201695,1
887715001,0.015161463052631578,19
887716001,0.01781476942857143,14
887718001,0.014932204,5
887741003,0.0050677964,2
887748001,0.024338075125,56
887757001,0.05083051000000001,5
887760003,0.008627118750000001,4
887760004,0.011101695,2
887761002,0.03280175475,56
887761003,0.033472935161290324,31
887761004,0.03299050764,25
887770001,0.016007136263157893,19
887770002,0.008607782204225351,71
887770003,0.016366827785714286,14
887770004,0.01691882210526316,19
887770005,0.013027026756756757,37
887806001,0.026423728200000003,5
887806002,0.033881355,15
887829004,0.020548023333333335,3
887830002,0.02201695,2
887830003,0.013542373,10
887857001,0.10167797,7
887859001,0.02201695,2
887882002,0.011847458,1
887904002,0.0498569928125,32
887904003,0.0488018844,45
887907001,0.02201695,2
887911001,0.03005046259090909,44
887911002,0.02541366575,32
887912001,0.033149313095238095,21
887912002,0.032353439058823534,34
887923001,0.02523559345,20
887934001,0.06590496267857143,28
887936001,0.06777966,4
887937001,0.01965152512,25
887944001,0.02477966133333333,3
887949001,0.03219350225,12
887949002,0.033648304500000004,4
887949003,0.0335847455,2
887949006,0.03355178811111111,9
888010002,0.04128813533333334,6
888010003,0.03833474525,4
888014004,0.0289661015,4
888017001,0.05422033866666667,3
888017002,0.0448576269,10
888024001,0.0389661,1
888024004,0.08237476555555555,9
888024005,0.08091202728571428,21
888026001,0.016435027984848482,33
888026002,0.015324768387096774,31
888026003,0.021368759270270272,37
888028001,0.0133850636875,32
888029001,0.016932203,1
888035001,0.028312617777777778,9
888035002,0.016015066666666668,9
888047002,0.016932203,1
888077001,0.02540678,2
888113001,0.041639225,7
888124002,0.030491525,1
888138001,0.012847457666666666,3
888140002,0.037576269999999995,2
888157001,0.01981356,2
888157002,0.0200395485,6
888157003,0.020254238,5
888161001,0.03155205728571429,7
888178001,0.0097403388,25
888202001,0.025173729125,8
888202006,0.022355932000000002,2
888206001,0.0186412435,6
888207002,0.018062146833333334,6
888207003,0.016932203,1
888229002,0.00879661,5
888229003,0.016216303238095236,21
888229005,0.016607939000000002,38
888229007,0.016655104139534884,43
888229009,0.016932203,2
888248001,0.013203389999999999,4
888248002,0.04989830616666666,6
888294001,0.0238538138125,32
888295001,0.009260828622222224,18
888308001,0.048288137333333335,9
888308004,0.04950470944444444,9
888310003,0.022016949999999997,3
888319001,0.021891243666666668,12
888320001,0.022016949999999997,6
888320002,0.042355932,4
888331007,0.02540678,4
888331008,0.025067797000000003,3
888331010,0.02540678,2
888331011,0.02540678,2
888331012,0.02540678,4
888334001,0.016225988666666667,6
888343003,0.04973918045454545,363
888346001,0.010422731597058824,34
888346003,0.011019556603846153,26
888371001,0.033881355,1
888373001,0.01570338975,8
888380001,0.0133491526,5
888397002,0.0262372885,2
888399001,0.02540678,3
888401001,0.0192627125,2
888403001,0.04110330895238095,21
888404002,0.033881355,1
888404004,0.029737288,2
888416001,0.032447197307692306,13
888416002,0.018627118,1
888422001,0.042355932,1
888423001,0.030491525,4
888434002,0.041970944,7
888445001,0.0282033895,2
888445002,0.027657627,5
888457001,0.031338982875000004,8
888457003,0.03162146866666667,3
888457004,0.0330338975,4
888484001,0.01697722434375,32
888488001,0.025011734384615385,13
888488002,0.024922518571428572,7
888491001,0.042355932,2
888493002,0.033881355,1
888507001,0.045019069125000005,8
888507002,0.040799032,7
888519001,0.034672316,3
888525004,0.033881355,5
888528001,0.041508473,1
888553002,0.059305083,4
888553003,0.024305085,1
888556003,0.058960452,3
888556007,0.02540678,6
888567001,0.006181598157142857,7
888567002,0.006762712,8
888567003,0.006491525539999999,5
888570001,0.05000210601960785,306
888571001,0.04186818997321429,112
888571002,0.041169491764705884,17
888573003,0.020254238,5
888573004,0.02201695,1
888583001,0.08310114919354838,31
888584001,0.030223329705882353,17
888601001,0.030491525,1
888606001,0.008457627,10
888608001,0.006711864549999999,6
888609001,0.018121468749999998,6
888642001,0.0283050845,2
888660001,0.011770245111111112,9
888664001,0.0016779661,3
888684001,0.011705085,5
888696002,0.016254236999999998,5
888700002,0.10001937400000001,14
888700004,0.08388136,4
888700006,0.04775565058333334,12
888715001,0.027362288125,8
888727008,0.030020715222222223,9
888727009,0.04377643190476191,21
888727010,0.055917861,13
888728004,0.013440678000000001,2
888728006,0.031065913111111114,9
888728007,0.021161017600000002,10
888732003,0.023432203,4
888732004,0.023711864,2
888732008,0.032471397625,32
888733003,0.02222881375,8
888733004,0.022841808,3
888733009,0.016932203,2
888733011,0.02494293803333333,60
888759003,0.016932203,4
888763001,0.03291283228571429,7
888763002,0.033881355,3
888764002,0.033881355,1
888843001,0.06923574636363637,11
888871001,0.05083051,1
888873002,0.032186440250000004,4
888878001,0.0518898295,2
888903001,0.041296609875,8
888903002,0.042355932000000006,3
888908001,0.08170852675,132
888919001,0.084728815,6
888934001,0.04176755442857143,21
888943001,0.04283293064285715,14
888943002,0.021640302,18
888945002,0.021625125235294116,17
888951001,0.025146755195121953,41
888988001,0.00619491525,2
889000001,0.02496811288135593,59
889000002,0.024784257669491525,118
889000005,0.02490907811016949,118
889000006,0.02430076124489796,98
889010001,0.03805326866666666,21
889010003,0.02943768667647059,34
889016001,0.05071454173684211,19
889036004,0.04320339,1
889086001,0.03338700508333333,24
889087001,0.014389831,1
889148001,0.016932203,7
889176001,0.007387409157142858,7
889267001,0.020322034,1
889267004,0.0225734465,6
889267006,0.0232983054,5
889308002,0.049902826266666665,15
889310001,0.029644067000000003,4
889317001,0.0337389826,5
889319001,0.0493474584375,16
889333001,0.011847458,1
889344001,0.0330338975,4
889347001,0.008084746,1
889347002,0.014988700333333334,3
889348001,0.04988983175,4
889370001,0.025021058333333332,33
889370002,0.04919209155555556,9
889375001,0.04224697314285714,7
889375002,0.042120637941176466,17
889379003,0.03234745686363637,22
889379006,0.032419208133333335,15
889379008,0.03361829504109589,73
889379009,0.03370581035714286,14
889379010,0.032887599421052634,19
889384001,0.013542373,1
889387001,0.0333451456969697,33
889387002,0.03351815892857143,28
889392001,0.03133898216666667,6
889392002,0.013542373,1
889399001,0.015237289,4
889416001,0.01675302623809524,21
889416002,0.016397094071428572,28
889456001,0.025017981117391303,230
889456002,0.02476531969230769,39
889456003,0.0241942635,26
889460001,0.02506779686585366,164
889460002,0.024458447467741937,62
889460003,0.025042968897959185,441
889471001,0.008457627,1
889477001,0.05083051,3
889477005,0.0463813575,4
889496001,0.030395580714285712,56
889496002,0.033640677800000005,5
889503001,0.0114576274375,8
889507001,0.015352542399999999,5
889511001,0.01660640288888889,18
889540001,0.012696097879069768,43
889540002,0.012905210444444445,27
889573001,0.0496584106923077,13
889573005,0.05083051,3
889574004,0.010152542,1
889574006,0.009280871428571428,7
889574008,0.009694914950000001,8
889574009,0.009481183311864406,59
889574011,0.009559321777777777,18
889596001,0.08159671070588236,34
889596002,0.083230509,5
889602001,0.042355932000000006,3
889610001,0.08310719297297298,37
889616001,0.057489102857142864,7
889621001,0.008531995734693877,49
889627001,0.06371186399999999,5
889652001,0.03344817226130653,199
889652002,0.03351559736231884,69
889652003,0.03333635642253521,71
889661001,0.06593186916393443,305
889663001,0.033881355,1
889663002,0.03276358035897436,39
889664001,0.0234949159,10
889664002,0.020322034,6
889665001,0.040152543000000006,6
889666001,0.030022598166666668,9
889669001,0.057950223936708865,158
889672001,0.033881355,7
889675001,0.033185632809523816,21
889675002,0.03379322,5
889679001,0.026949152,1
889679002,0.021169491,1
889682001,0.022633282272727272,11
889682002,0.05083051,6
889684001,0.022016949999999997,3
889690001,0.030491525,1
889703001,0.003565254215,40
889712001,0.04181225553846154,13
889713001,0.01739166252702703,37
889713002,0.03349152466666667,3
889713003,0.01206440688,5
889714001,0.05083051,1
889714002,0.049598869999999996,3
889747001,0.02201695,4
889750001,0.01664971733333333,6
889753001,0.0166371845964467,197
889753008,0.016643165962765955,188
889763003,0.04080602622222222,9
889771001,0.017892322647058825,17
889771002,0.016336158,6
889816001,0.023531073666666666,3
889816002,0.0233728816,5
889816003,0.022864407,1
889816008,0.02540678,1
889818001,0.008457627,1
889828001,0.025178712829015543,193
889828003,0.0251718647,100
889828004,0.025058123463414635,205
889849001,0.015218220999999999,8
889849002,0.014847458249999999,4
889870001,0.02469614284137931,290
889885001,0.021224576000000002,8
889886001,0.008368135484,25
889895001,0.033203389,10
889901001,0.015282485733333333,15
889908003,0.020898305,1
889932001,0.021636064694444443,36
889932002,0.02069491587777778,36
889965001,0.039011299666666666,3
890008001,0.019305085399999998,5
890010001,0.033881355,1
890021001,0.025048660741935482,124
890021002,0.025064972038461537,78
890021004,0.02540678,4
890022001,0.041689265333333336,3
890024001,0.050341405285714284,14
890024002,0.05072881433333334,3
890035001,0.016157385,14
890035002,0.008253430152380952,21
890042001,0.04926634514285714,42
890074001,0.016622769595394736,152
890079001,0.033881355,1
890079003,0.033881355,1
890082001,0.027101696,1
890082004,0.033881355,1
890082005,0.0299915265,2
890095001,0.08177176510227273,88
890107001,0.007912832857142857,7
890107002,0.010152542,2
890116002,0.042355932,1
890117001,0.06777966,3
890133001,0.02540678,2
890134001,0.00889830515,2
890140001,0.06572259816666667,30
890165001,0.008457627,2
890175002,0.05083051,1
890186001,0.013099576375,8
890194002,0.012542373,1
890195001,0.033881355,3
890195003,0.033881355,3
890197001,0.02848844309090909,11
890197002,0.03142373,1
890215001,0.04739425330434783,23
890219001,0.059305083,1
890219003,0.052525423,1
890260001,0.0241355935,4
890261001,0.005105682935294118,34
890272001,0.022527038523809523,21
890347002,0.02540678,1
890366001,0.050016950222222224,9
890369001,0.05037853244444444,9
890379001,0.018627118,2
890380001,0.024533898499999998,2
890381001,0.021069916,8
890381002,0.02152730777777778,9
890381003,0.0187542375,4
890384001,0.021389831142857144,7
890386001,0.0434858765,6
890386003,0.05083051,1
890423001,0.013090395666666666,3
890423002,0.0134152545,4
890423004,0.013542373,4
890448002,0.015237289,1
890448003,0.016932203,1
890450001,0.025678280222222225,54
890450002,0.05813713272727273,11
890453001,0.040869585736111116,72
890458001,0.02703107401851852,54
890458002,0.021624294500000002,12
890458003,0.0431769066875,16
890480001,0.010186440750000001,4
890501001,0.021692922058823533,17
890502002,0.05844726763888889,36
890505001,0.041818933243902436,41
890505002,0.0381186435,2
890511001,0.049805856272727274,33
890511003,0.03332606872789116,147
890525001,0.082127118125,8
890534001,0.059305083,3
890534002,0.059305083,1
890541001,0.017932203375,8
890541002,0.02201695,2
890541003,0.013460618235294116,17
890544001,0.005725423679999999,5
890544003,0.016932203,5
890546001,0.008457627,1
890546002,0.008457627,1
890546004,0.008457627,1
890554001,0.021757185739130436,46
890554002,0.021590107918367348,49
890554003,0.021831951680851065,47
890559001,0.015237289,1
890562001,0.011847458,2
890562003,0.01340677975,4
890565001,0.084728815,1
890565004,0.084728815,1
890571001,0.084728815,4
890571002,0.084728815,3
890583001,0.084728815,1
890585001,0.027122941549295777,71
890585002,0.024523164488888888,45
890601001,0.049966101166666665,6
890601005,0.03975706166666667,3
890602001,0.021014528285714287,7
890602003,0.021271186,1
890602005,0.042355932,5
890631001,0.008457627,1
890631002,0.007209039666666667,3
890631004,0.008411017,4
890631005,0.008301318177777779,9
890639001,0.0315796622,5
890677001,0.041933898,10
890677002,0.042355932000000006,3
890683001,0.04907696718032787,61
890683002,0.03428858263157895,38
890684002,0.00669491535,2
890717001,0.011847458,1
890717002,0.009474576,1
890717003,0.011847458,3
890722001,0.10167797,2
890722002,0.09120031172727273,11
890734003,0.008175141233333334,3
890741001,0.0906508506,5
890766001,0.02932997853125,32
890766002,0.030133709666666668,18
890843001,0.06354237,1
890845006,0.0479864422,5
890845007,0.050355933000000005,4
890845008,0.049830507,1
890847001,0.028707627,8
890847002,0.034988700500000004,6
890855002,0.05867457460000001,10
890855003,0.05819886846666667,15
890855004,0.029943855624999998,16
890862001,0.02388512311111111,9
890866001,0.011715631222222222,18
890866002,0.024932203642857143,14
890879001,0.059305083,8
890883001,0.026466102,4
890886001,0.03268220275,4
890930001,0.041207627,12
890930002,0.041393220040000005,25
890939001,0.1511356,1
890956001,0.009667796286666667,15
890957002,0.02526271225,4
890982001,0.010830509,1
890982002,0.04219876727272727,11
890985001,0.05818881812280702,57
890985002,0.057059322999999995,2
890985003,0.058955395473684204,19
891007002,0.0190508475,2
891025002,0.0500191807631579,38
891025004,0.049489408375,8
891033001,0.020953390250000002,4
891033002,0.0113389832,5
891050001,0.025186440666666667,3
891050002,0.02540678,6
891050003,0.024577041772727272,22
891066002,0.013400423875,8
891092001,0.033881355,1
891095001,0.0251747884375,16
891098001,0.06731073375,12
891102002,0.04071751383333334,6
891102003,0.041387409285714286,7
891105001,0.03330707794117647,17
891105002,0.033163623884615384,26
891177001,0.021720991615384617,13
891199001,0.011823372236842105,19
891199002,0.01353177975,8
891199003,0.010483051,4
891238001,0.0050677964,1
891246001,0.00422033905,2
891265001,0.008033898250000001,4
891322004,0.04040090603960396,101
891322006,0.04157266502127659,47
891335001,0.02140053594736842,19
891375001,0.06577715646590909,88
891382001,0.013359843615384615,13
891391001,0.028818078799999997,15
891392001,0.029803470238095237,42
891406002,0.0166316382,15
891407001,0.05083051000000001,5
891469001,0.02445339,4
891471001,0.010152542,1
891532002,0.04977627226666667,15
891542001,0.04975698381690141,71
891542003,0.04910756311538462,26
891579001,0.010152542,3
891591001,0.08218230216831683,303
891591002,0.08158879933333332,138
891591003,0.08238802288337468,403
891591007,0.08260411718055556,504
891629001,0.030330508,2
891630001,0.049941221636000004,250
891632001,0.05083051,1
891632002,0.03811864533333333,3
891636001,0.035456013714285715,21
891636002,0.03558870135555556,45
891655001,0.047644068,1
891663001,0.010115011785714287,14
891663002,0.010157700484782609,46
891669001,0.013542373,1
891669002,0.010152542,1
891669003,0.0091355935,4
891672002,0.010152542,4
891722001,0.015155624636363635,11
891727001,0.030491525,1
891728001,0.05990847690000001,10
891771001,0.0219576278,20
891826002,0.033661015,1
891844002,0.050707022857142854,7
891844003,0.05083051,2
891846001,0.04320339,1
891848001,0.0199661015,4
891878001,0.012847457666666666,3
891882001,0.0234152545,10
891886001,0.050239308420062696,319
891890002,0.033564067040000006,25
891890005,0.03319962254320988,81
891898001,0.06606684494390244,410
891899002,0.030491525000000002,6
891899003,0.03022760257142857,14
891899004,0.029108802322580642,31
891902006,0.025310028541666668,24
891914001,0.042355932,1
891992001,0.02540678,2
891992003,0.02540678,1
892051001,0.033881355,5
892051002,0.021734681384615387,26
892051004,0.02132445588095238,42
892051005,0.03357318863636364,11
892070001,0.11563438057142858,7
892070002,0.11621136405882353,68
892070003,0.11151412283333334,6
892079001,0.01328255245882353,85
892080001,0.021734463666666665,3
892093001,0.041329404,23
892093002,0.04904369237777778,45
892093003,0.04964770128571429,14
892100001,0.015001694500000001,10
892100002,0.010874091714285715,7
892100003,0.013094632770833335,24
892100004,0.014389830333333332,3
892111001,0.012638418333333333,3
892193001,0.016177965833333332,6
892193002,0.01680871642857143,7
892193003,0.016355931916666667,12
892254001,0.04994768013043478,23
892254002,0.0506016965,8
892256001,0.06777966,1
892256002,0.06777966,4
892257001,0.053372882,1
892258001,0.0650960445,6
892260001,0.0244813564,5
892279001,0.050312908846153845,13
892280002,0.042224105185185185,27
892280003,0.04075706211111111,9
892298001,0.041728813,3
892298003,0.0361627116,5
892308001,0.013351823393939394,33
892309001,0.016501069351941747,206
892309002,0.016479378230555557,180
892309003,0.01675741490625,32
892309004,0.016932203,1
892309005,0.016546096291666666,132
892311001,0.04188512244444444,9
892313001,0.010047340413793104,29
892313003,0.010085515863636364,22
892318001,0.013379294683783783,37
892322001,0.047440680000000006,3
892331001,0.048677966,1
892337002,0.10167797,1
892342001,0.041016949,2
892354005,0.038689265,6
892367001,0.025577811954545452,11
892377001,0.032999999399999994,10
892378003,0.035709829559999996,25
892392001,0.011847458,4
892408007,0.039494067050000005,20
892408008,0.039831637866666665,15
892408009,0.033881355,5
892412001,0.03625523364705882,17
892412002,0.04016949070588235,17
892416001,0.01058624145882353,17
892420001,0.013,11
892420002,0.013327683777777778,9
892421002,0.033516949000000004,2
892421003,0.0313389825,2
892421004,0.032186440250000004,4
892421008,0.033881355,7
892421009,0.032124575475,40
892423001,0.025271186833333334,6
892425001,0.011944310057142858,7
892427001,0.016754236999999998,4
892446001,0.005925423667999999,25
892451001,0.0076101697,1
892455001,0.030491525000000002,3
892455003,0.030031073000000002,6
892462001,0.011056497333333333,3
892463001,0.006694915399999999,4
892463002,0.006762712,7
892491001,0.05761017,1
892497001,0.033076271500000004,2
892497002,0.033881355,1
892519001,0.03305246092063492,63
892519002,0.03347279131578947,19
892527001,0.05083051,6
892541001,0.02857159486206897,29
892547001,0.013188700599999999,15
892556001,0.011830508625,8
892558001,0.016642233473880597,268
892558004,0.01644366874089636,357
892558005,0.016391713444444442,9
892558006,0.01623603248148148,27
892560001,0.030491525,1
892562001,0.025406779,2
892562002,0.012830509,1
892572001,0.008018204555555556,27
892599001,0.016932203,6
892605001,0.007735057936842105,19
892621001,0.008215496285714287,7
892624001,0.02984938817721519,79
892624003,0.02969491492805755,139
892626001,0.013542373,2
892633001,0.033325423,5
892642001,0.020548023333333335,3
892643001,0.016649282557692307,52
892643002,0.016673544286956523,115
892653001,0.013316384333333334,6
892657001,0.009898305,1
892659001,0.00437711855,8
892663001,0.03324213,14
892663002,0.0336355925,10
892663003,0.033398303750000004,4
892686001,0.046180790666666666,3
892699003,0.24833333999999999,6
892701001,0.16716949250000002,4
892703001,0.16779661,4
892703002,0.16779661,8
892704003,0.16528814,1
892722001,0.020091882421052632,19
892737001,0.046317798,8
892791001,0.04976271333333334,9
892791004,0.04977002417647059,51
892791005,0.05025070708333334,24
892794001,0.012231639,3
892817001,0.03811864433333333,3
892823001,0.016254236999999998,5
892823005,0.016932203,1
892833001,0.02879661,1
892833002,0.024389831,1
892839001,0.0667635280240964,83
892841001,0.039644068,2
892849002,0.04947066584615385,13
892850001,0.050162834321428575,56
892850002,0.04851828852631579,38
892852001,0.006549636928571428,7
892857002,0.033114945472727274,55
892857003,0.033394575600000004,25
892857005,0.033138770375,16
892858001,0.0164237286,5
892860001,0.02201695,1
892873001,0.016932203,7
892883001,0.010152542,3
892892001,0.1482597828154762,168
892892002,0.14672351375,16
892892003,0.14655994666666666,27
892892004,0.1448983014285714,7
892895001,0.2181225576923077,13
892895002,0.21049152759999998,15
892896001,0.08274915325,20
892896004,0.08360323681818181,22
892905001,0.02201695,1
892906001,0.012549435166666666,12
892906002,0.013508474666666666,6
892906003,0.013542373,2
892910001,0.00832258056451613,31
892910002,0.008058216626086957,23
892910003,0.008457627,5
892910004,0.008391949125000001,8
892920001,0.003542373,1
892927001,0.014672316,3
892930001,0.015148305,4
892930002,0.01676271125,4
892937002,0.0169131351875,16
892937003,0.015567580051282049,39
892970001,0.009881356,3
892970003,0.01178474584,10
892971001,0.025234206818181816,11
892971003,0.024741525625,8
892983001,0.06637104856756758,37
892983004,0.06777966,1
893009001,0.010067796,1
893030001,0.033881355,1
893040001,0.0419322034,10
893042001,0.059305083,1
893045003,0.021447942571428572,7
893045004,0.0216983054,5
893050001,0.04231846542105263,19
893050002,0.04175092082608696,23
893053001,0.031803780596153845,52
893059003,0.04163901400458715,218
893059004,0.04147894564179104,737
893059005,0.041595021071875,640
893062001,0.022467312904761904,21
893062002,0.02912163482352941,17
893064001,0.016932203,5
893064002,0.016932203,14
893064003,0.016792372625,8
893106001,0.049878532083333336,24
893119001,0.10108051125,8
893133001,0.04145587924940048,417
893141001,0.04980013550165017,303
893141002,0.04988505708523909,481
893276001,0.05083051,1
893286001,0.029038740714285718,7
893290001,0.016932203,7
893323001,0.021708605615384617,26
893323003,0.06777966,2
893350002,0.08187796750000001,10
893351001,0.014107345,3
893351002,0.011847458,2
893352001,0.10167797,2
893352002,0.10167797,7
893362001,0.047440678,1
893397001,0.0043898304,1
893405001,0.0063898307,1
893420001,0.016451800625,32
893420002,0.016808184902439023,41
893424002,0.04898305227272728,11
893424003,0.04131638433333333,6
893429001,0.008110508416,25
893441001,0.02201695,1
893444001,0.025317191428571428,7
893444002,0.02540678,1
893452001,0.013542373,1
893454001,0.016472007939393938,33
893454004,0.01654633944680851,47
893454005,0.015740112933333335,15
893539001,0.023315254599999998,10
893556001,0.05656714361538462,13
893562002,0.04933559446666667,15
893635001,0.011847458,1
893637001,0.007495291844444444,9
893637002,0.008457627,12
893644001,0.02498305116666667,6
893644002,0.02370339025,4
893651001,0.012538606488888888,9
893663001,0.010152542,2
893663002,0.013542373000000002,3
893668001,0.020661017333333333,3
893668002,0.018118644,3
893668003,0.014692494571428572,7
893691001,0.011847458,3
893714001,0.059305083,10
893730001,0.05765319282051283,39
893733001,0.041506356,8
893733002,0.041889831,2
893750002,0.006762712,3
893750008,0.006725047222222222,9
893752001,0.05083051,1
893752002,0.050265536666666666,3
893766001,0.008316384116666667,6
893767001,0.0101525426,4
893768001,0.016050847153846155,13
893769001,0.0016450648,17
893770001,0.015720339,2
893771001,0.00817675532857143,7
893795001,0.020322034,5
893796002,0.01565725022222222,9
893798001,0.05761297431125828,302
893858001,0.05037509330434782,23
893899001,0.028983050666666666,3
893994001,0.021537249534883722,43
894066002,0.05083051,4
894085001,0.030110169125,8
894085002,0.029927966,4
894135001,0.049324295133333335,30
894139004,0.028257318818181817,11
894139005,0.028524293466666666,15
894139006,0.030491525000000002,9
894139007,0.029021791428571427,21
894140003,0.021098870833333335,12
894140004,0.020064972166666667,12
894140005,0.0218050855,20
894140006,0.021119774666666667,30
894141001,0.025184557666666666,9
894141003,0.025039880602941177,68
894141004,0.025152542700000002,10
894141006,0.025010110280701756,57
894172001,0.028622495818181815,11
894184001,0.0304915255,2
894195001,0.0251101695,2
894221001,0.023076271250000002,4
894273001,0.05930508375,4
894273002,0.06777966,1
894288001,0.016727118399999998,10
894293002,0.01652992018367347,49
894302001,0.031491525166666666,6
894302002,0.033881355,1
894302004,0.033881355,3
894320001,0.03351021855882353,204
894320003,0.033881355,4
894330001,0.0672474566,25
894330003,0.06766753507692308,13
894340001,0.05004347969565218,23
894353001,0.032739908236363635,55
894353002,0.03042239110526316,76
894355001,0.0303006853740458,131
894362001,0.057782678068493146,73
894400001,0.0099084745,10
894400002,0.033881355,3
894457001,0.033661015833333335,6
894457002,0.03330468988372093,43
894462001,0.032016948,1
894462002,0.052525423,1
894471001,0.05799999848000001,25
894481001,0.013627118716981131,53
894481002,0.014046825728813559,59
894492001,0.013305085,1
894493001,0.0233728816,5
894497001,0.023305085,1
894534001,0.042355932,1
894535001,0.04164971725,12
894593001,0.02201695,1
894593003,0.013542373,1
894651001,0.03320338875,4
894651003,0.03195894477777778,45
894656001,0.033881355,2
894668002,0.024673705668508288,362
894668003,0.02461879632735426,446
894668004,0.02463862570642202,109
894668005,0.024746454775510206,196
894673001,0.016932203,4
894673002,0.03341525325,4
894674006,0.015944529772727273,11
894674007,0.016284368777777777,18
894676001,0.050611644652173916,23
894680001,0.02500764405882353,51
894681001,0.04959985384347826,115
894684001,0.014638418833333333,6
894685001,0.041834419769230774,13
894685002,0.04116031045833333,24
894687001,0.041739243807692304,26
894687002,0.04216353635135135,37
894703001,0.033881355,1
894709001,0.010830509,1
894746003,0.058655930733333334,30
894752001,0.011847458,9
894752003,0.010152542,4
894756001,0.021600522226923078,260
894756002,0.021705118393203885,206
894756003,0.021493758964071855,167
894756004,0.02154707375630252,119
894756005,0.021796611,10
894763002,0.215989673125,64
894768001,0.20901578172413793,29
894769001,0.20767153896551724,29
894769002,0.21864407,1
894769004,0.21725989,3
894775001,0.02981355894736842,19
894778001,0.009474576,3
894778003,0.009135593000000001,2
894780001,0.03357333936842106,133
894788001,0.01658965189473684,19
894815001,0.008457627,1
894815002,0.00831186427,10
894841001,0.02201695,2
894865001,0.024389831,1
894901001,0.02201695,4
894901002,0.026757062999999998,3
894901003,0.025033898666666665,6
894939001,0.040134651611111107,18
894941001,0.014813559,1
894941002,0.02540678,4
894941003,0.033881355,2
894953001,0.030139161157894733,19
894956001,0.02490936091846523,417
894956006,0.02487440980874317,366
894956009,0.02540678,2
894994001,0.023711864666666665,6
894994002,0.02540678,2
895002002,0.012038268078125,128
895002004,0.01845709765625,64
895010001,0.05083051,1
895010002,0.04066102,1
895014001,0.03261985404761905,21
895028001,0.058392436461538466,13
895046001,0.030283898,4
895046002,0.03287683533333333,15
895082001,0.06664067720000001,5
895098001,0.016644067611111108,18
895098002,0.011261652375,32
895135002,0.059305083,4
895157005,0.013542373,1
895157006,0.015237288,2
895157007,0.014672316333333333,3
895254001,0.059305083,3
895289001,0.06301694833333334,3
895289003,0.06777966,1
895294001,0.05887288,8
895296001,0.0250237292,5
895314001,0.015237289,1
895346001,0.033881355,6
895346003,0.02540678,7
895346005,0.022016949999999997,6
895356001,0.059305083,1
895356002,0.024559322166666665,6
895356003,0.053175141,9
895361001,0.05083051000000001,5
895361002,0.05083051,1
895368001,0.043745764799999996,10
895368003,0.10167797,1
895376002,0.084728815,5
895376004,0.07707781286363637,22
895418002,0.03344452920454546,44
895418003,0.033605225125000006,24
895418004,0.032503631428571426,7
895421001,0.033578627615894044,151
895421003,0.033509906084507046,71
895423005,0.033762711136363636,44
895432001,0.0093559325,1
895451001,0.0300237299,10
895451002,0.035576273,3
895477001,0.11557778697014925,67
895487001,0.04944892223497268,183
895506001,0.013525423842105264,19
895506002,0.01567796633333333,3
895506003,0.013542373000000002,3
895523001,0.016932203,1
895555001,0.0419141892670157,191
895555002,0.04203847916216216,37
895568001,0.028457627,3
895568002,0.030491525,2
895569001,0.03176271,1
895570002,0.033881355,1
895571002,0.042355932,2
895572001,0.06777966,1
895582002,0.011864877916666666,36
895582003,0.024524213214285714,28
895582007,0.006762712,2
895582008,0.00834322025,4
895582010,0.0241355935,2
895582012,0.016932203,1
895582014,0.013542373,5
895582015,0.00786440674,5
895610001,0.05027215620952381,105
895610003,0.05007464964893617,94
895610004,0.04979798551351352,74
895610005,0.04990634250862069,116
895629001,0.042050847,3
895629002,0.042355932,1
895636001,0.05083051,1
895730001,0.03095799526086956,23
895730002,0.04320339,1
895762001,0.0506716116875,16
895762002,0.0484463288,15
895762003,0.047514831875,8
895792001,0.04931136340740741,27
895804005,0.024993920706521736,92
895804006,0.024237035417910446,67
895804007,0.024265408545454545,44
895810001,0.023163841333333334,3
895830001,0.03366162144642857,56
895836001,0.041864406,2
895836003,0.041864406,2
895837002,0.049932665925170074,147
895851001,0.0363830506,5
895867001,0.042355932,1
895934001,0.02540678,2
895948001,0.02540678,2
895948002,0.020322034,1
895974001,0.00986198542857143,7
895974002,0.02477118675,4
895980001,0.021282486666666666,3
895980002,0.019700565,3
895986001,0.02201695,2
895986002,0.02540678,1
895991001,0.08131218039534883,43
895993001,0.011009685466666665,21
895993002,0.011503338727272728,33
895993003,0.01173446361904762,21
895993004,0.0109112664,17
895993006,0.01149152572,20
895997001,0.08208158650847458,59
896052001,0.020621469666666666,6
896064001,0.04934385473563219,87
896064002,0.05000228976371308,237
896064004,0.05039435154358975,195
896096003,0.058067679952380956,147
896101001,0.06777966,1
896101002,0.06297175044444445,9
896123001,0.0125762715,2
896147001,0.04793502966666666,12
896148002,0.059305083,2
896152001,0.032849700586921854,627
896152002,0.03299446160751566,958
896152003,0.032937113916535435,635
896157001,0.025067797000000003,6
896161001,0.058101558048000004,125
896161002,0.058062925507462684,268
896162001,0.024310734666666667,6
896162002,0.0238961865,8
896169002,0.04952718437865498,684
896169005,0.04996658751428572,35
896170005,0.016746951824561405,57
896170011,0.01670903925,36
896174002,0.066084745,6
896195001,0.02040677975,4
896198002,0.042355932,2
896229001,0.049988114961038964,77
896229002,0.05047005786666667,45
896235001,0.02901271175,12
896260001,0.03009484285106383,47
896278001,0.033881355,2
896279001,0.059305083,7
896284001,0.042355932,4
896319001,0.024985490742424243,132
896319003,0.024613347671875,64
896338002,0.016932203,5
896342002,0.03281945408695652,23
896342003,0.0324725086097561,41
896342004,0.032251411833333334,24
896343001,0.03344600406190476,210
896343002,0.033092667804651164,430
896368001,0.08404693692307691,13
896375001,0.10167797,1
896375002,0.10167797,2
896398001,0.012864407,5
896409001,0.016932203,4
896477004,0.04988324041666667,36
896506001,0.02236879,29
896506002,0.05083051,2
896509001,0.042355932,1
896522001,0.016072033625,16
896522003,0.016932203,2
896522004,0.016932203,2
896522005,0.0164118642,10
896527002,0.020210424905660378,53
896538001,0.012186441,1
896538002,0.013542373,1
896544001,0.0588864395,10
896557001,0.012720339,2
896559001,0.025162833209183673,196
896559002,0.025011299571428572,63
896597002,0.023581921000000002,3
896674001,0.06777966,1
896677001,0.016932203,1
896685001,0.00374237288,10
896685002,0.004734708847826087,23
896685003,0.0050508473875,8
896758001,0.030491525,1
896758002,0.0304915255,6
896758003,0.0304915255,8
896833001,0.033881355,2
896837001,0.006696389219565217,46
896837002,0.00662174461707317,41
896839001,0.03024327,17
896848001,0.028355932,5
896851001,0.03331216547260274,438
896862001,0.049701979,12
896893001,0.021806296,7
896896001,0.05083051,2
896896002,0.027265537,9
896897001,0.036966102,4
896909001,0.045745765,2
896912001,0.028313559500000002,2
896913001,0.04066102,1
896928001,0.06611864337500001,16
896928002,0.06702735571929826,57
896928003,0.06777966,7
896954002,0.016878934142857144,7
896996001,0.007892655333333333,3
897033001,0.03600000025,4
897033004,0.040237288999999996,2
897035001,0.033881355,1
897054001,0.05882909483333334,12
897054002,0.05885144435294117,17
897054003,0.0580915242,5
897076001,0.05916688246153846,13
897077001,0.050477311161290325,31
897077002,0.05083051,3
897080001,0.050262986483870974,31
897080002,0.05013958241176471,34
897082001,0.059009684,7
897082002,0.059305083,2
897089001,0.238688827125,64
897089003,0.2430388603773585,106
897090001,0.06731139037209302,43
897097001,0.011094162266666667,9
897098001,0.048616871651162796,43
897099001,0.06777966,1
897108001,0.041925012712121214,132
897138001,0.058326875285714286,7
897146001,0.03277138276744186,43
897146002,0.03326869319117647,68
897152001,0.039531074666666666,3
897166001,0.02540678,1
897167001,0.049969810437500005,32
897182001,0.00859322,1
897189001,0.04142749544444444,9
897189002,0.041726475655172415,58
897189003,0.04207420964864865,37
897190001,0.050425667257142856,35
897191002,0.04881786507936508,63
897221001,0.06627458833712122,264
897221002,0.06406101646666668,15
897230001,0.042355932000000006,3
897230002,0.033245761875,8
897258001,0.033881355,1
897258002,0.033881355,1
897270001,0.008388526730769232,13
897270002,0.007980443207692308,13
897270003,0.007975228192307691,13
897270004,0.007831214633333333,24
897281001,0.022779661333333336,6
897281003,0.022779661333333336,6
897304001,0.029149717199999998,30
897319001,0.024656643241935484,62
897319002,0.024146298157894736,19
897340002,0.033881355,1
897423001,0.01131313586125,80
897423002,0.011012326918181818,22
897429001,0.016932203,2
897434001,0.011217917971428572,21
897434002,0.01120339,1
897442001,0.0482881375,4
897445001,0.02201695,4
897445002,0.015661016,1
897463001,0.00813983045,4
897464002,0.02435593242857143,7
897464003,0.02540678,3
897505002,0.021242938333333333,3
897568001,0.033881355,1
897655001,0.05874091871428572,7
897655002,0.05763982975,4
897658002,0.05732768216666667,6
897679002,0.04162555392820512,195
897679003,0.0417744869368421,95
897682001,0.013365617571428571,35
897682003,0.013221109545454546,22
897682004,0.013542373,1
897682006,0.013173123547619046,42
897684001,0.041589368,22
897684002,0.0410463276,30
897684003,0.04183757008333333,12
897685001,0.02201695,1
897687001,0.031381987940298506,67
897689001,0.133840684,5
897692001,0.059305083,1
897693001,0.01619350266666667,12
897693002,0.011847457333333334,6
897693003,0.015237288333333333,3
897723001,0.03357966,10
897723002,0.033833332583333334,12
897730004,0.02508241245652174,138
897732001,0.02201695,1
897736001,0.06639830308333335,12
897738001,0.041504806365671644,134
897738003,0.038118646,1
897751001,0.0336061330952381,21
897756001,0.023830508666666667,3
897756002,0.024981218716216218,74
897761001,0.0321426545,12
897763001,0.032578389375,8
897765001,0.04170404146153846,13
897765002,0.038621469222222225,9
897775001,0.029796609999999998,4
897817001,0.008166500414705883,34
897817004,0.008457627,1
897818001,0.00770339,4
897838001,0.0050381354250000005,4
897869001,0.00481355935,2
897872001,0.004840677860000001,5
897892001,0.07984745872093023,43
897892002,0.07943220375,4
897899001,0.058481637083333336,12
897901001,0.016162077,16
897901002,0.0252372886,5
897901003,0.042355932,2
897912001,0.015145278285714285,7
897925001,0.05083051,1
897925002,0.05083051,1
897940001,0.0131610171,10
897952001,0.013542373,2
897952002,0.013542373,1
897972001,0.01546033892,25
898027011,0.030491525,1
898041001,0.0116271189375,8
898041002,0.011847458,2
898045001,0.050226442040000006,25
898045002,0.050807911125,24
898071001,0.015008475,2
898075001,0.021154661625,16
898075002,0.024671913142857143,28
898075003,0.021588300354838712,31
898107001,0.02494865430882353,68
898107003,0.024655575584210526,190
898170001,0.05083051,1
898195001,0.032992862842105265,38
898221004,0.03371065292857143,14
898221005,0.0329163834,15
898226001,0.015257228333333334,51
898226002,0.03201970765116279,43
898233001,0.030259079428571426,7
898237001,0.08290536833333333,12
898243001,0.021405933,20
898243002,0.01853107383333333,6
898256001,0.016640985909090907,11
898281001,0.021418080000000003,3
898287001,0.04996516116666667,18
898287007,0.05041525516666667,24
898295001,0.00835781536111111,18
898295002,0.008238418053333333,15
898300001,0.02879661075,4
898300002,0.033881355,1
898315001,0.056001694000000005,10
898336001,0.021365617857142857,7
898340001,0.01638771175,8
898350001,0.011570621799999998,15
898378001,0.05083051,2
898378003,0.05083051,3
898378010,0.05034624828571429,7
898398001,0.01632687642857143,7
898410001,0.02331991525,8
898410002,0.02437853133333333,3
898410003,0.02220339025,4
898411001,0.030197112055555555,54
898412001,0.008252696336363637,11
898415001,0.015576271,5
898415002,0.014881356,1
898426001,0.011343825857142857,7
898437001,0.033881355,8
898439001,0.021556149960591135,203
898439003,0.02163068107246377,138
898469001,0.011847458,2
898555001,0.01157398108108108,37
898568001,0.04144028362790697,43
898596001,0.016501639999999998,62
898596002,0.01647722439453125,128
898596003,0.015887519236363636,55
898596004,0.016418143113636364,88
898596005,0.016308439111458333,96
898596007,0.01620550825,272
898598004,0.006762712,1
898598007,0.004644068,1
898598008,0.0046101697,1
898612002,0.010898305,2
898649001,0.02585885918181818,55
898662001,0.00626440684,5
898676001,0.02540678,3
898684001,0.03360266264285714,70
898692003,0.06506912369585253,217
898694001,0.04950467198176051,1261
898694002,0.050273242272727274,33
898701002,0.049381100454545454,33
898701003,0.050627120000000005,3
898703001,0.066181113,35
898708001,0.05020339,1
898708005,0.0505706225,6
898713001,0.06625744155195912,587
898733001,0.016855161454545454,11
898775001,0.010152542,1
898775002,0.0076101697,1
898775009,0.006584746,2
898775010,0.0055254237,1
898788001,0.0218355937,10
898818003,0.021836158666666664,3
898818004,0.021474576,1
898848001,0.04924003791891892,74
898848003,0.049753512257142855,70
898860001,0.078675546,14
898860002,0.0829613217948718,39
898878002,0.042355932,1
898885002,0.06609525624031008,129
898886001,0.08282136462325582,215
898886002,0.08312781432786885,61
898887001,0.05814057676470589,34
898889001,0.05763901496862745,255
898890001,0.06777966,2
898918001,0.01664692411235955,89
898918002,0.0166424487247191,178
898918006,0.01656655005882353,68
898918007,0.016346516,9
898931001,0.01160847485,100
898931002,0.011657151631578946,57
898977001,0.03033898275,4
898978001,0.03033898275,4
898983001,0.0246853815625,16
899002001,0.015522675513513513,37
899002002,0.01147966135,10
899002003,0.014333998147058824,34
899003001,0.008669491375000001,8
899003002,0.007610169200000001,2
899011001,0.010180791,3
899014001,0.046596046333333335,6
899020001,0.06777966,2
899020002,0.05083051,1
899020003,0.066084745,4
899078001,0.042355932,1
899088002,0.024293528772727276,22
899118002,0.042355932,2
899122001,0.08272412455825243,206
899122002,0.07988289636363637,11
899155001,0.013242938000000001,9
899215001,0.030145479875000002,24
899225001,0.010152542,1
899244001,0.05734052236363636,11
899247002,0.02540678,6
899247004,0.008245762675,4
899247005,0.01796610185714286,7
899282001,0.08161116764705882,17
899322001,0.025099911157894738,19
899322002,0.050372882833333334,6
899329001,0.013542373,7
899329002,0.04108474527272727,11
899351002,0.066851694,4
899364002,0.05705932075,12
899364003,0.042889829500000004,2
899492002,0.03378248516666667,6
899499001,0.013216454854166665,48
899499004,0.013223537028301886,106
899499007,0.013292373028846154,52
899499012,0.01332203394736842,19
899510001,0.03368765057142857,7
899570001,0.020196328333333333,12
899614001,0.032418643385714284,70
899614002,0.033881355,3
899749001,0.016493109196261683,107
899749003,0.016399286147368422,95
899749004,0.01622491509,100
899749005,0.016576472726190478,84
899791001,0.057610168999999996,3
899793001,0.05083051,8
899795001,0.033914043,14
899795002,0.024816719745762713,59
899967001,0.030242937666666664,3
899967002,0.030242937666666664,3
899972001,0.050325294807692315,26
899976004,0.05892417347368421,19
900028001,0.016514124,9
900043001,0.016106680568627452,51
900054001,0.010121468583333333,6
900054003,0.010152542,4
900130001,0.04023728775,4
900130002,0.042355932,2
900151001,0.0300677965,2
900157001,0.022892656,3
900157002,0.018062147166666667,6
900169001,0.05034122754411765,68
900169002,0.050388136800000004,10
900169005,0.05065298989473684,19
900170001,0.0505740128,30
900176001,0.03302517375,68
900176002,0.033426613,47
900176003,0.027728812833333335,6
900225002,0.019050848,1
900225003,0.023711864666666665,3
900235001,0.013271186600000002,5
900235002,0.016932203,3
900235003,0.015115562999999999,22
900256001,0.029681597761904762,42
900256002,0.029629629407407407,27
900263001,0.04999375660526316,38
900267001,0.02540678,4
900271001,0.025355040421052633,19
900279001,0.04181415657268722,227
900279002,0.04029943466666667,3
900317001,0.022531779624999998,16
900317002,0.02540678,2
900317003,0.023246533181818182,11
900317004,0.020322034,1
900335001,0.016932203,3
900384001,0.02201695,1
900384002,0.02190678,2
900387001,0.057743643375,8
900387002,0.0583112465,22
900388001,0.016366525125,16
900398001,0.030055084375,8
900411001,0.0252033902,5
900418001,0.0251059325,4
900422001,0.042355932,5
900456002,0.023711865333333332,3
900514001,0.01312711875,4
900549001,0.0234745765,2
900658001,0.0158593219,10
900658002,0.016932203,1
900659001,0.01703938151470588,68
900659002,0.01759022894117647,17
900659003,0.026898304999999997,13
900659004,0.030280312538461536,13
900659005,0.02909887,6
900670001,0.021750000125000002,8
900670003,0.016771186166666667,6
900673002,0.02540678,1
900684001,0.02201695,1
900684002,0.01761017,1
900685001,0.023011299750000002,12
900687001,0.0286864405,8
900687002,0.02875619276923077,13
900695001,0.027171610375,8
900701001,0.019079096666666667,3
900703001,0.033881355,1
900750001,0.012293785333333335,6
900776001,0.03321032268181818,22
900799001,0.0411355935,6
900799002,0.04147661004,50
900800001,0.042355932,8
900826001,0.006762712,3
900854001,0.030240677799999997,5
900854002,0.05930508375,4
900854004,0.042355932,1
900855001,0.042355932000000006,3
900855004,0.06777966,1
900857004,0.042355932,2
900858001,0.02540678,1
900859001,0.022971751000000002,3
900860001,0.023711864,1
900860002,0.032898307,1
900871001,0.022864407,1
900881001,0.008457627,4
900895001,0.0467627132,5
901281001,0.01647310213043478,23
901281002,0.025067796799999997,5
901281004,0.015237289,1
901281007,0.022016949,2
901312001,0.013542373,2
901314001,0.05535169425,4
901316001,0.042355932,1
901317001,0.06777966,1
901318001,0.09752881678666667,75
901318002,0.09986198871428571,35
901319001,0.05083051,2
901327001,0.06435207986363636,22
901327002,0.06631226588135594,59
901330001,0.04831409662025317,79
901330002,0.049696858012383896,323
901331001,0.06777966,4
901333001,0.07455932328571428,7
901333002,0.08422034,5
901433001,0.02160628005409836,61
901452001,0.016932203,1
901452002,0.029813559250000003,4
901480001,0.08335869222093023,86
901481001,0.0670624990625,32
901571001,0.024992736285714284,7
901575001,0.02874237266666667,15
901588001,0.025971751666666668,3
901588002,0.06727118800000001,2
901591002,0.056416948200000004,5
901607001,0.013495436923076922,13
901607003,0.023822034071428574,28
901638001,0.008022598833333333,6
901638002,0.0050677964,1
901648001,0.03300960386666667,30
901679001,0.03139305961904762,21
901679002,0.04173280129411765,17
901721002,0.0262542375,2
901721003,0.0175389834,5
901733001,0.049406778,1
901753001,0.08172265218181818,11
901754001,0.11487118430000001,10
901758001,0.011847458,2
901770001,0.05083051,2
901770002,0.10167797,1
901782001,0.04196892666666666,6
901793005,0.01735593225,4
901793006,0.033881355,1
901801001,0.03859938345454545,11
901802003,0.03333152466,50
901802004,0.03283833038461539,13
901804001,0.016932203,2
901804002,0.016932203,9
901811001,0.05786887395454546,110
901813001,0.06617828703797468,79
901818001,0.04204802255555555,18
901818003,0.041750605071428575,14
901818004,0.04122697123913043,46
901924001,0.06212994333333333,6
901924002,0.066084745,4
901924004,0.06496541730645161,124
901928001,0.020322034,6
901939001,0.033881355,2
901950002,0.058265471764044945,178
901950003,0.059305083,1
901955001,0.024550847749999997,24
901955002,0.024923902081632653,49
901959001,0.03162146866666667,3
901965001,0.016749750470588236,17
901966001,0.011800847574999999,4
901983001,0.014600283083333332,12
901991001,0.023096045666666665,3
901992001,0.05032245910000001,40
901992002,0.05004588093103448,58
902009001,0.01614406775,2
902012002,0.04218038725,28
902017001,0.05661864325,4
902021001,0.011317796916666666,12
902023001,0.029610375865853657,82
902023002,0.02983640345652174,46
902026001,0.10014689623529413,51
902026002,0.09892976477118645,118
902049001,0.0081355931,3
902057001,0.04997034045,20
902057002,0.050300848875000005,16
902059001,0.05055728956,25
902059002,0.049525425058823534,17
902059003,0.049135595000000004,6
902068003,0.0399025425,4
902107001,0.04072310617346939,98
902107002,0.04024054765384615,26
902116001,0.042355932,1
902130001,0.05083051000000001,10
902161004,0.03300512347674418,172
902161005,0.03293949478488372,172
902161006,0.03303568175,152
902163001,0.04186173035964912,228
902163002,0.042355932,1
902163004,0.042355932,1
902175001,0.033475452241379315,58
902175002,0.03361606408695652,23
902224002,0.0487499995,4
902225001,0.0589915255,2
902225005,0.029644068,1
902225006,0.02540678,1
902229003,0.04739895807692308,13
902229004,0.047489832,20
902286001,0.02431605205882353,17
902288001,0.021598164458333333,72
902288002,0.02125834678787879,33
902288003,0.02104881416,25
902292001,0.06566280026315789,19
902295001,0.06777966,2
902325001,0.04208898325,4
902325002,0.04155084775,4
902358001,0.049987927671232876,73
902358002,0.049893732730158735,63
902362001,0.03350684396153846,52
902362002,0.03344067723809524,21
902388001,0.016488069485436893,103
902388002,0.016363373048780487,41
902388003,0.01629973214473684,76
902400001,0.03341682303703704,27
902400002,0.03337463406896552,29
902407001,0.0330338975,12
902407003,0.0332368582721519,158
902413001,0.02499556116666667,42
902419001,0.05011385444,375
902428001,0.06628655296000001,75
902433001,0.03322787116666667,18
902433002,0.033881355,2
902443002,0.0112542375,2
902444001,0.008457627,7
902445002,0.040493220499999996,10
902448002,0.04124626111764706,17
902456001,0.047887713125,24
902456002,0.05060943408695653,23
902481001,0.033881355,7
902481002,0.015237289,8
902499001,0.031884746000000005,5
902502001,0.033331594230769236,39
902505001,0.019757063000000002,3
902508001,0.05055367373333333,15
902516001,0.05017322148,50
902518001,0.016521401661016948,177
902518002,0.016371939537037035,54
902518003,0.0166446634140625,256
902518005,0.016533002357723578,123
902518006,0.01613875688,75
902518007,0.016672896203125,224
902523001,0.0167728811,10
902528006,0.04793502966666666,12
902528007,0.0462542394,10
902530001,0.030473035090909092,11
902532001,0.04135800746938776,98
902532005,0.042355932,2
902656001,0.06736271,5
902694001,0.033881355,1
902714001,0.0335999992,15
902731001,0.04990440788,25
902731002,0.05056548645454546,11
902732001,0.016630884777777778,9
902737002,0.033881355,1
902771001,0.008056497183333334,12
902802001,0.03336128377894737,95
902802002,0.033491145149253734,134
902802005,0.03293188578504673,107
902806001,0.030458930461538462,13
902809001,0.02540678,2
902809004,0.0241355935,2
902811001,0.0830372888,5
902821001,0.10167797,2
902830001,0.008337198831578949,38
902831001,0.08246892666666666,3
902831002,0.08274445915384615,13
902837001,0.0112542375,2
902841001,0.12633898500000001,2
902862001,0.05083051,3
902869001,0.017105605923076923,26
902927001,0.026301317888888887,9
902982001,0.05720104019879518,166
902982005,0.058299030285714294,14
902992001,0.025094587532258062,62
902993001,0.05083051,1
902999001,0.05878281279069768,129
903004003,0.05838688902040816,196
903048001,0.01289346257142857,7
903048002,0.013542373000000002,3
903049003,0.06617948000483093,207
903049004,0.06667194055924171,211
903058001,0.03113559257142857,7
903062001,0.04126447978417266,139
903062002,0.021649718333333335,6
903062003,0.04156795047272727,110
903062004,0.041164927846153845,26
903063001,0.05083051,1
903063002,0.0508018266923077,13
903068001,0.013542373,2
903069001,0.0064180792,3
903074002,0.028584745125,8
903084002,0.08264480595652174,23
903085001,0.06566101625000001,8
903089001,0.08210985700000001,27
903090001,0.083207911,15
903092001,0.06672817318867924,53
903095002,0.04221263454545455,11
903096001,0.04164971725,12
903096002,0.042355932,1
903096004,0.04132695918803419,117
903096006,0.041297820607142856,56
903141001,0.0399872878125,16
903141003,0.041299661,25
903193001,0.049587395406250005,32
903193003,0.0492764843125,16
903193004,0.05020762783333333,12
903207001,0.041692577344827585,29
903207002,0.042355932,18
903207003,0.04223828494117647,17
903210001,0.05083051,4
903210002,0.05083051,4
903210004,0.04701695,2
903211001,0.04134887,12
903218001,0.011796610266666667,9
903222001,0.039903954799999995,15
903225002,0.05042289649180329,61
903234001,0.084198306,20
903256001,0.049915255750000005,40
903259001,0.04849742189130435,46
903266001,0.049927774840909094,88
903276001,0.042197740000000004,6
903276002,0.04193497369230769,104
903294001,0.04089265516666667,18
903306001,0.01642381081553398,206
903306002,0.016417419047445255,137
903306003,0.016380314938596492,114
903306004,0.016588263235849058,106
903308001,0.04208971344827586,116
903308003,0.042355932,13
903309001,0.009949995477363185,402
903309002,0.022816384333333332,6
903311001,0.10109830836666668,30
903316005,0.033881355,1
903316006,0.032728812999999995,2
903316013,0.033053671722222226,18
903326004,0.02540678,1
903326005,0.02459784318181818,11
903326006,0.024680387714285715,7
903333001,0.032561678576158944,151
903333002,0.033881355,2
903357001,0.03334866750793651,63
903357002,0.033033897500000006,10
903358001,0.021680387857142856,7
903359001,0.04121140887096774,93
903362001,0.06777966,5
903366001,0.007296610216666667,6
903366003,0.0069774011,3
903367001,0.024093785599999997,15
903374001,0.016764252363636364,22
903374004,0.016633898050000002,10
903374006,0.016932203,2
903374008,0.016490919714285714,28
903381001,0.0414269065625,48
903381002,0.042355932,2
903389001,0.042355932,2
903389002,0.042355932,1
903390001,0.013542373,2
903390002,0.013497175333333333,3
903404001,0.013542373,1
903408001,0.016932203,2
903420001,0.03334274855555555,9
903428001,0.0246228815,8
903428002,0.025160452200000002,15
903473001,0.09934037944520549,146
903473003,0.09697730567826088,115
903486001,0.012864407,2
903486003,0.010152542,2
903515001,0.050121252769230774,52
903516001,0.03342723482758621,29
903516002,0.0330338975,4
903517001,0.06662510011904763,42
903521001,0.03349547966666667,30
903540001,0.033711863466666665,15
903569001,0.05063135675,4
903581001,0.06633795484848484,33
903590001,0.015812499875,16
903631003,0.008457627,2
903644001,0.012919774066666667,15
903646003,0.0078728813,2
903647001,0.063729990125,72
903673001,0.03341881929508197,183
903698001,0.02540678,1
903701001,0.016254237135135133,37
903728001,0.05025484407142857,28
903728002,0.049438111424242426,33
903731001,0.010152542,1
903735001,0.04159019353571429,28
903735002,0.04148891765384615,26
903735003,0.04183351541935484,62
903773001,0.016477987146750524,477
903773002,0.01625552109848485,132
903773005,0.016668751838926174,149
903790001,0.03306011815384616,117
903792001,0.0163050845,6
903807002,0.013542373000000002,3
903808001,0.0133728815,8
903808002,0.013231638333333332,3
903813001,0.02891242925,12
903824002,0.04898305194642857,56
903824003,0.049342775539473686,76
903824006,0.049364854026315796,114
903850001,0.021483308272727274,33
903851001,0.016522517935714288,140
903861001,0.04991602578409091,88
903861002,0.050281522548780495,82
903861003,0.05083051,2
903868001,0.02137809669230769,13
903868003,0.04202259822222222,9
903869001,0.0247245765,32
903870001,0.06777966,6
903876001,0.011651601055555556,18
903885001,0.016446327666666666,6
903889001,0.0480437865,12
903910001,0.08241535252490421,261
903913001,0.06582398884615384,26
903913002,0.06483419239130435,23
903914001,0.008457627,4
903918001,0.011467394701694915,59
903918002,0.011502639940983607,61
903924001,0.02144823431325301,83
903924002,0.021383475375000002,8
903926001,0.050748589000000004,6
903926002,0.05083051,4
903929001,0.016932203,4
903929002,0.01653389816666667,6
903951001,0.04946941203809524,105
903951002,0.04974313396551724,116
903960001,0.03296923977777778,27
903960002,0.03358018153846154,13
903992003,0.048576273,1
903992004,0.04957010913636364,44
903994001,0.021590479294117646,68
903994002,0.021838710290322583,31
903994005,0.02171416877669903,103
904017001,0.06672598833333333,12
904017002,0.06551977333333334,3
904022001,0.07826892773333333,30
904026001,0.03294538555555556,36
904026002,0.03351810419318182,88
904064002,0.03798305133333333,3
904066001,0.033881355,2
904076001,0.019483051375,8
904076002,0.020895698076923076,13
904076003,0.022016949999999997,6
904095002,0.042355932,1
904112001,0.0963517,4
904112002,0.06777966,2
904198001,0.02970918794736842,19
904199001,0.02201695,1
904201001,0.033365858764285716,140
904201002,0.03336390746153846,221
904225001,0.04949576375,44
904230003,0.03312610713761468,109
904230004,0.03322881273076923,26
904260001,0.08140822159574468,47
904260002,0.08137928466666666,45
904297001,0.03325689517647059,102
904298001,0.0401022599,30
904357001,0.023753295888888887,27
904357002,0.02501564569230769,13
904374001,0.014838041555555554,9
904374002,0.05019491675,8
904381001,0.059305083,1
904381002,0.059305083,2
904381003,0.056603813125,8
904382001,0.042355932,2
904412001,0.02540678,1
904412002,0.014268765142857144,7
904414003,0.0649534874883721,43
904414004,0.066084745,8
904414005,0.06777966,2
904416001,0.0334324790326087,184
904416002,0.03330090697156398,211
904422001,0.04960054153470437,389
904423001,0.08310593299999999,8
904424001,0.03273065497826087,46
904424002,0.03349005079710145,69
904432003,0.042355932,2
904452001,0.06777966,3
904452005,0.06715065888888888,9
904452006,0.057610169,7
904467002,0.08329507068181818,22
904530001,0.008457627,2
904530004,0.007892655233333334,6
904545001,0.04092372883333333,36
904545002,0.041241414016706446,419
904545004,0.04173818021052631,38
904564001,0.05083051,2
904567001,0.025112473921658985,217
904567002,0.024930099627586206,290
904584001,0.025078251523364486,107
904584002,0.024683616104938272,162
904584003,0.024196817857142856,49
904584007,0.024755114229885057,261
904584008,0.02488936169372694,271
904584009,0.02487488634139785,372
904590001,0.0235508477,10
904625001,0.0415707095546875,128
904708001,0.06777966,2
904712001,0.06717627000000001,5
904712002,0.06275786785714287,7
904713002,0.06777966,4
904734001,0.02489805601470588,68
904735001,0.0336338974,5
904735002,0.033881355,1
904736001,0.03282593417460318,63
904736002,0.03343569223529412,17
904801001,0.03360477586363637,22
904801002,0.03350539209090909,11
904817001,0.13557628,6
904820001,0.032936776238095246,63
904820002,0.03217271923809524,21
904820004,0.033288941952380954,42
904823001,0.06574576200000001,5
904823002,0.06742283578947368,19
904824001,0.13520339666666667,3
904829001,0.0948983,2
904834001,0.15252542,6
904836001,0.13557628,2
904839004,0.0502631169047619,21
904842001,0.05002300353571428,28
904842003,0.04930056593333333,15
904848001,0.02201695,1
904908003,0.01674999975,16
904916002,0.02201695,2
904960001,0.030491525,4
904961001,0.05029860570588235,34
904961003,0.05006204739285714,56
904965001,0.0376677966,5
904965002,0.04168494505882353,51
904973001,0.042355932,2
904993002,0.06715428,39
904999001,0.08242149923684211,38
904999002,0.08314998765873016,126
905070001,0.02516280994230769,104
905070002,0.02517028018604651,43
905073001,0.13388136374999998,8
905091001,0.13221556914917126,181
905122001,0.014956686222222222,18
905132001,0.06617090333333334,12
905254001,0.01514406775,4
905254004,0.016932203,1
905254005,0.016932203,2
905254007,0.016576270599999998,5
905254008,0.0160847455,4
905254013,0.015802259666666665,3
905277001,0.025056497463768118,69
905310001,0.030499999375,8
905320001,0.025070218000000002,7
905365001,0.06653746413513514,259
905365002,0.06671450490476191,231
905365006,0.06627435595683454,139
905401001,0.0496508487,20
905401002,0.05083051,3
905401003,0.049113864666666666,39
905425002,0.016733655857142857,7
905438002,0.05083051,7
905465001,0.033473335414634146,41
905507001,0.0335610163,10
905507002,0.03231476907142857,14
905507003,0.03340198888043478,92
905507004,0.0330890808372093,43
905518001,0.01662326626048951,572
905518002,0.016593220037854888,317
905518003,0.01632634279661017,59
905566001,0.025166558307692308,52
905614001,0.040899515857142854,14
905614002,0.034728814,4
905614003,0.03975867638095238,21
905614004,0.021932202857142858,7
905614005,0.03982434518181818,11
905660002,0.06475963,11
905701004,0.02540678,1
905702001,0.015576271,10
905702002,0.01585053909090909,11
905718001,0.0162067794,5
905757001,0.084728815,2
905757002,0.08241764514102563,78
905764001,0.008457627,1
905783001,0.033881355,3
905788001,0.084728815,7
905796001,0.00608474585,2
905803001,0.065322033,40
905803002,0.06626734806132076,212
905803004,0.06680508395238095,42
905811001,0.03319022367798165,327
905811002,0.033222016336633665,101
905811003,0.03331333130651341,261
905833001,0.023900188444444446,9
905834001,0.0092838985,4
905889001,0.04929943608045977,87
905889002,0.050046611500000004,72
905890004,0.04956066134210526,38
905894003,0.03179661,1
905895001,0.0249228816,20
905914001,0.016414654823232323,99
905914002,0.016472568839912282,228
905914003,0.016603849220338984,59
905916001,0.03395078155769231,52
905932001,0.04220715644444444,9
905932002,0.04226997542857142,14
905932006,0.0420016949,10
905932007,0.04217514116666667,6
905932008,0.042355932,9
905945001,0.06678467333802818,284
905957001,0.04147905727078891,469
905957002,0.04104237295454545,22
905957007,0.042020776387096774,31
906088003,0.05797663632432432,37
906090004,0.08351695,4
906094003,0.06550196989534884,86
906094004,0.06628885608510639,141
906096004,0.0832406792,80
906097002,0.084728815,10
906098003,0.098288138,2
906100002,0.0830030194520548,73
906114001,0.016417565363636363,11
906114002,0.01689830465,20
906114003,0.0167231635,12
906169002,0.06668854422147652,149
906183001,0.045745764,1
906226001,0.032889351825641025,195
906226002,0.03333938273228347,127
906258001,0.0167627116,20
906271001,0.03304850886206896,29
906293001,0.05248542252,25
906293002,0.05334338878000001,50
906296001,0.04184737149746193,197
906305001,0.03265689933753944,317
906305002,0.03311181552132701,211
906352001,0.057123950373737374,198
906365001,0.024324294133333334,15
906365003,0.0243898308,10
906393001,0.0395656775,8
906393002,0.04090314745714286,35
906393003,0.041365466375,16
906393005,0.04112005625,12
906449001,0.07241996233333332,9
906449003,0.082694915,4
906449004,0.04192141772727273,11
906449005,0.084728815,6
906501001,0.059305083,4
906569001,0.013542373,1
906581003,0.013542373,2
906612001,0.06687618968095238,210
906612002,0.06742026104545455,44
906617001,0.04715553476470588,17
906633001,0.04948474730000001,10
906635001,0.013985105378787879,33
906635002,0.009836561499999999,14
906635003,0.0140720345,8
906636005,0.052161016346153846,26
906636007,0.01947457625,4
906636008,0.06777966,4
906639001,0.03371973280952381,84
906639003,0.03379660922727273,22
906645007,0.04698493538888889,18
906645009,0.017519556423076923,26
906645010,0.050052967500000003,16
906653001,0.02957062133333333,18
906653005,0.03015819188888889,9
906657001,0.058634253578947367,19
906696003,0.0219245,11
906707001,0.02540678,3
906714001,0.03343561792537313,67
906729001,0.024540113333333332,15
906729003,0.02505781310958904,73
906741001,0.060683441538461544,65
906741002,0.06560228900000001,114
906794001,0.033226501681818184,22
906794002,0.0336915246,5
906794003,0.03318001820496895,161
906794004,0.03346365918644068,118
906803001,0.03105649666666667,3
906803003,0.033881355,1
906822001,0.0569830494375,16
906822002,0.05582053747058824,17
906830001,0.03329275732727273,55
906830002,0.03337698946969697,66
906834001,0.0304915255,2
906874003,0.02540678,1
906875001,0.04155307763157895,19
906875002,0.04160817535294118,17
906880002,0.016932203,3
906880003,0.04080339,5
906909001,0.02156658657142857,7
906909002,0.06777966,1
906976001,0.06693481015384616,26
906976002,0.06634067675000001,20
906976003,0.06691930086567165,67
906997001,0.008457627,2
907034001,0.06777966,1
907121001,0.049315055882352944,34
907188001,0.049918687644859815,321
907188002,0.05027627258333334,60
907195001,0.033380673402298854,87
907198001,0.00836440655,4
907198002,0.010152542,4
907226001,0.042355932000000006,6
907309001,0.047440680000000006,3
907321001,0.041750326,26
907409001,0.016504550905864196,324
907410001,0.02540678,2
907414001,0.02540678,7
907415001,0.024971398544642857,112
907415002,0.02159322,1
907418001,0.025143723536585366,123
907419004,0.013542373,2
907419006,0.013542373,2
907432002,0.033881355,5
907501001,0.055200967142857146,7
907506001,0.049570622333333335,6
907527001,0.04179925276011994,667
907534001,0.021111473461538462,26
907534002,0.0227484748,25
907534003,0.013090395666666666,6
907565001,0.06777966,1
907578001,0.024358923588235295,17
907590001,0.008088983000000001,4
907601001,0.016932203,1
907604001,0.016932203,1
907613001,0.025029396515625,64
907615001,0.059305083,1
907696001,0.016369585444444446,36
907696002,0.01639885506103896,77
907696004,0.016326830566037738,106
907696006,0.016390935586956524,92
907702001,0.016257869095238093,42
907702002,0.016230023939285715,112
907702003,0.0163242129,70
907708001,0.011709443142857143,7
907711001,0.02480226011111111,9
907736002,0.04916067912,25
907736003,0.05083051,6
907807001,0.0825254252,25
907846001,0.024473320962962966,27
907846002,0.0247937855,6
907846003,0.025261017200000003,5
907846005,0.02540678,6
907846007,0.0247183835,26
907903001,0.1316230572,50
907903002,0.13557628,1
907911001,0.1516894143243243,37
907911002,0.14851835791666665,24
907941001,0.050130751857142865,14
907951002,0.016243644,8
907954001,0.033296609500000005,2
907954002,0.029644067000000003,4
907954003,0.022016949999999997,3
907954004,0.033078389,8
907957002,0.018711865,1
907973001,0.04987515624390244,82
908081003,0.04181749204972376,181
908081004,0.041609854256505575,269
908095001,0.042084746,3
908095004,0.042084746,3
908115003,0.033159060923076925,13
908124001,0.049861986571428575,7
908124002,0.0494757074,15
908149001,0.06777966,3
908165001,0.034940677625,8
908220001,0.011847458,1
908220002,0.0112542375,2
908230001,0.016580240025316453,158
908230002,0.016090759774193546,62
908292001,0.04899677261904763,21
908292002,0.05031935894736842,19
908322001,0.03332360993023256,43
908356001,0.118627116,4
908362001,0.084728815,1
908365001,0.1629661,1
908370002,0.06641833536363637,22
908371001,0.06777966,8
908374001,0.016133709666666666,18
908374002,0.016690072285714286,14
908380001,0.015874091857142857,7
908381001,0.0292067794,5
908381002,0.027440678,1
908381003,0.022864407,2
908384001,0.05866864260909091,220
908415001,0.016298305,10
908417001,0.02116949225,4
908440001,0.06777966,1
908466001,0.033036016125000005,8
908466002,0.0338474572,5
908466003,0.0319338975,10
908466005,0.032661016,10
908467001,0.042355932,8
908467002,0.041713982999999996,8
908489004,0.02269851118181818,33
908489006,0.022327879103448276,29
908489007,0.016932203,4
908491004,0.05921186325,4
908491005,0.024768913024390243,82
908492003,0.059305083,5
908492004,0.050531778875,8
908542001,0.016668346027027027,148
908560001,0.033881355,1
908584001,0.03144067757142858,14
908587001,0.034620956363636365,11
908596001,0.041863135475,40
908616001,0.04752542516666666,18
908619001,0.016932203,1
908625001,0.0135423725,2
908629001,0.0665850588888889,27
908629003,0.06632687571428572,7
908652001,0.011623266909090909,22
908654001,0.01248022611111111,9
908659001,0.06756416371428572,7
908663001,0.012864407,2
908663002,0.03352118575,8
908728001,0.0650063100212766,188
908728003,0.0635423725,4
908728005,0.06736723,3
908729001,0.041326851786802024,197
908799002,0.0325254232,5
908868001,0.04209039544444445,9
908868002,0.042355932,1
908894001,0.06564406693965517,116
908897001,0.03358353428571429,7
908917001,0.048084746875,8
908924001,0.02540678,26
908924002,0.025237772742857142,35
908926001,0.025370460321428572,28
908927001,0.025141243208333334,24
909012001,0.033881355,4
909012002,0.03370621377777778,9
909014001,0.11573532731688312,385
909014002,0.11453389725,20
909062001,0.09805036565714287,35
909062003,0.09566872454545455,11
909080001,0.029644068,1
909080002,0.037271185,3
909080003,0.025796610249999997,4
909081001,0.03335759610714286,112
909081002,0.03340398316838488,291
909081003,0.03338613785148515,101
909081004,0.033220461927007304,137
909087001,0.02445339,4
909091001,0.05083051,7
909091003,0.048205086,10
909093001,0.033881355,1
909093003,0.03271034586567165,67
909093004,0.031083204454545457,11
909093005,0.031957021071428574,28
909174001,0.040551763432432435,74
909185001,0.04935727131578947,38
909185002,0.04750333972727273,33
909216001,0.023052966875,8
909216002,0.0833728825,16
909269001,0.04133427477777778,18
909282001,0.02493103475862069,58
909285001,0.03327865484745763,59
909289002,0.032228247933333336,15
909291001,0.050213469054054057,74
909294001,0.04996389221739131,46
909320002,0.05824391904347827,115
909370001,0.03100442147826087,23
909371001,0.030491525333333335,3
909409002,0.013542373,7
909427001,0.045745765,2
909457001,0.025915254,1
909472001,0.057939571434782615,23
909519003,0.0218474578,5
909519007,0.02540678,6
909529001,0.0331464288852459,61
909531001,0.01678258296551724,29
909534001,0.02154391381818182,11
909552001,0.008386158086666668,60
909552002,0.008354872875,16
909558001,0.0083661016,30
909576001,0.02201695,4
909576002,0.01981356,2
909581001,0.016345996137931036,29
909588006,0.04172044822903226,310
909592001,0.013190026192307691,52
909592002,0.013355394253968254,63
909600001,0.021454802944444445,18
909601001,0.016441569763157894,38
909602001,0.02151695,2
909602002,0.021023729400000003,5
909630001,0.04228177925,8
909654001,0.0063163843333333336,3
909717001,0.029232445428571428,7
909717002,0.03191610115,20
909721002,0.04187625599115044,113
909733001,0.025007264214285712,14
909733002,0.02540678,2
909734001,0.04135419726771654,127
909801001,0.21233172047619048,21
909802001,0.2164552906896552,29
909802002,0.21783442153846153,13
909814001,0.13507345499999998,6
909820001,0.1338418153333333,15
909823001,0.09991651314814814,54
909823002,0.10069687423076923,26
909827001,0.0836016956627907,86
909827002,0.08262267961904761,42
909829001,0.013542373,1
909831001,0.01735593175,4
909831002,0.0123220339,10
909832001,0.01667796576470588,17
909858001,0.03331638333333333,6
909869001,0.0248983054,10
909869002,0.024779661214285712,14
909869004,0.02499626227492447,331
909884001,0.033248270464,125
909888001,0.024410546444444445,9
909888006,0.025094504606060608,33
909895001,0.033531778916666664,24
909895002,0.033881355,4
909911001,0.0417942264375,128
909912001,0.0419761607398374,123
909914001,0.05003500513043479,46
909914002,0.05004302605494506,91
909916001,0.03337600113178295,516
909916002,0.033402992531914893,94
909920001,0.016718027467532467,77
909920002,0.01672822202325581,86
909921001,0.024740700246753247,77
909921002,0.024189265733333336,30
909924001,0.03314464609937889,161
909924002,0.03327050349226006,323
909924004,0.032137952518987344,79
909925001,0.032973271666666665,78
909925004,0.033325767762711865,177
909926001,0.04205847445,20
909955001,0.049923078153846154,13
909956001,0.049700566,6
909989001,0.0292966095,2
910042003,0.0208870065,6
910042004,0.021135594,5
910096001,0.041824079310344826,29
910115001,0.02201695,5
910132001,0.016477240707474226,388
910132002,0.016455075352150537,186
910136001,0.016932203,2
910153001,0.02201695,1
910160001,0.03290648675862069,58
910160002,0.033059321236842104,38
910160003,0.03262853075,12
910177001,0.007802259822222222,9
910195001,0.016867231333333333,6
910199001,0.008149403533333334,27
910199002,0.008351089480952381,21
910206001,0.008016949046666668,15
910213001,0.011365617642857142,21
910220001,0.011568295411764705,17
910220002,0.011847458,1
910227001,0.005037664577777778,9
910227002,0.0033728813,3
910227003,0.011847458,3
910237001,0.007841807966666668,12
910241001,0.031845573555555555,9
910255001,0.010932203,1
910255002,0.0101525426,4
910258001,0.009836864225,8
910259001,0.016905441157894736,19
910264001,0.02149659746456693,127
910277001,0.04320339,1
910278002,0.017514830250000002,8
910284001,0.011637712125,8
910292001,0.016426641671875,64
910292002,0.01621861511864407,59
910314001,0.00812505718918919,37
910314002,0.008359843446153845,13
910385001,0.04973579382352941,17
910426001,0.0475084752,5
910444001,0.025099522217948717,78
910445001,0.033525423,4
910447001,0.04209429874545454,55
910449001,0.033214442869565215,23
910449003,0.033228812875,8
910449004,0.0332593214,10
910450001,0.0252881358,5
910451001,0.03284346894117647,17
910459001,0.05078389975,12
910459003,0.05054510793548388,31
910477001,0.0328404292195122,41
910477002,0.03367554404081633,49
910494001,0.027310980608695655,23
910494002,0.042355932,5
910498001,0.013542373,7
910521002,0.008820823142857143,7
910524001,0.02540678,1
910528002,0.013842834863636364,110
910564001,0.013481252878787878,33
910568001,0.013841179962962961,27
910568002,0.012214689333333334,3
910569001,0.006908474480000001,5
910584004,0.059305083,6
910592002,0.031610169,3
910601001,0.04139545908534323,539
910601002,0.04147205083838384,396
910601003,0.041406662572413794,145
910632001,0.018288136,1
910632002,0.025101695,2
910632003,0.02540678,4
910654001,0.0242661019,10
910700001,0.04219096026666667,15
910701001,0.02540678,2
910701002,0.0182881358,10
910701003,0.024912429750000003,12
910701004,0.02540678,2
910714001,0.006762712,4
910824001,0.04180145264550265,189
910827001,0.06567861719230769,26
910872001,0.040108050625,16
910883001,0.010830509,1
910905001,0.013393741999999998,13
910922001,0.05020697187323944,71
910927001,0.011372881599999999,5
910931001,0.0420796611,10
910931002,0.021544795000000002,7
910933001,0.03308986918604651,43
910954001,0.012746759823529411,17
910954002,0.013542373000000002,3
910959001,0.013542373,1
910960001,0.00549152535,4
910961001,0.010784957375000001,16
911018001,0.016458568666666666,18
911018002,0.016932203,2
911044001,0.014999999333333333,3
911061001,0.029590798666666664,21
911061003,0.029738229333333328,18
911068001,0.031391242458333336,24
911068002,0.033259886999999995,3
911068003,0.0314254234,10
911072001,0.04147598858333333,12
911108002,0.033366696418918915,74
911108003,0.032689505340425536,47
911141001,0.007940677850000001,2
911145001,0.01669007242857143,7
911146001,0.01981356,2
911147001,0.019813559666666668,3
911148001,0.016932203,3
911167002,0.041110169583333335,24
911167003,0.0413625043877551,49
911167005,0.04155749950537634,93
911192001,0.042355932,1
911195002,0.03348007262162163,74
911195004,0.03326953218292683,82
911197001,0.0080310734,12
911214001,0.01646230249071618,377
911214003,0.01660725324731183,93
911214004,0.016194632616666666,60
911221002,0.02540678,1
911344001,0.042355932,1
911405002,0.006762712,1
911410001,0.008366015811392406,79
911410002,0.008329943480000001,30
911436001,0.020468927333333335,3
911436003,0.022016949999999997,3
911489001,0.012898305333333332,3
911552001,0.020752542399999997,5
911552002,0.023717514,3
911564001,0.02201695,2
911570001,0.02201695,2
911586001,0.15772881360000002,10
911623001,0.06768709153846154,13
911708001,0.05083051,1
911708002,0.05083051000000001,5
911736001,0.05763685406382979,47
911739001,0.008316384088888889,9
911748001,0.05083051,2
911813001,0.03355075351648352,91
911867001,0.06539736283333335,18
911867002,0.06715100060606062,33
911868001,0.02201695,4
911870001,0.033135592469465645,262
911870002,0.03304896347979798,198
911870003,0.0332881347819149,188
911870004,0.033036722524242425,330
911880001,0.040532203866666665,15
911880002,0.039733655857142856,21
911893001,0.06645084650000001,10
911894001,0.021819209111111112,9
911918001,0.03348474512500001,40
911918005,0.033881355,3
911950001,0.01877393487837838,74
912031001,0.013219531999999999,21
912075001,0.030689265033333336,30
912075004,0.016367231333333333,9
912075005,0.021262005416666663,24
912075007,0.03332873390697674,43
912088001,0.013264586139423077,208
912095003,0.03279338604294479,163
912095007,0.03311027514644351,239
912100001,0.04910847571818182,110
912100003,0.049996529783132536,249
912100004,0.049797014928571436,42
912158001,0.009474576,1
912196001,0.042355932,2
912204001,0.016694879873706006,483
912204005,0.016478428,22
912204008,0.016452609888,125
912204009,0.016562269471014492,69
912208001,0.06632566532142857,84
912208002,0.061,1
912238001,0.024747817393939393,33
912247001,0.04159163816,75
912252001,0.033881355,2
912255001,0.033203389,5
912312002,0.02540678,4
912312003,0.02477118675,8
912312008,0.022864407,4
912332001,0.0114406781,5
912332003,0.013542373,1
912332004,0.013542373,1
912334001,0.042175302514285716,35
912334003,0.041842009607142856,28
912352001,0.08303389800000001,5
912375003,0.022901695399999998,15
912375004,0.021820622083333335,12
912409001,0.006535593313333333,15
912409002,0.0065351090999999995,7
912409004,0.006762712,4
912418001,0.013575141333333334,15
912446001,0.021269883461538464,13
912460001,0.016075772588235296,17
912472001,0.008457627,1
912511001,0.02540678,4
912511002,0.023711864666666665,3
912579002,0.05083051,4
912579010,0.049757946125,32
912585001,0.020548023333333335,3
912759001,0.016150121,7
912776001,0.009644068,2
912820001,0.04137333924324324,37
912820004,0.04222598833333333,6
912861001,0.02540678,1
912861003,0.025088983250000002,4
912862001,0.010152542,3
912919001,0.012694915250000001,4
912925001,0.06621370591304347,23
913018001,0.042161016499999995,4
913030001,0.02994393712307692,65
913032001,0.03371428492857143,28
913033002,0.04150619774626866,67
913048001,0.06693741742307693,26
913064001,0.059305083,1
913078002,0.06768643958333334,12
913087001,0.0736694925,4
913087002,0.084728815,8
913088001,0.06741525200000001,2
913088002,0.06777966,1
913088003,0.0672610168,5
913113001,0.04977503995454546,44
913113002,0.05083051,15
913220002,0.04222816153846154,39
913272003,0.03955402515625,128
913340001,0.04161873328421053,95
913340002,0.041447033765625,64
913341001,0.033473430351351356,74
913341002,0.03338944008045977,87
913365001,0.012788135499999999,2
913367001,0.03320371501923077,52
913509001,0.032186440000000004,5
913540001,0.05041966226666667,75
913597001,0.041485875666666665,3
913597002,0.042355932000000006,3
913601001,0.045745765,2
913601002,0.04574576466666667,3
913660001,0.05083051,1
913660002,0.05083051,1
913688001,0.032604224059701495,134
913688003,0.03310624537037037,324
913694001,0.02823163766666667,3
913694002,0.033881355,14
913714001,0.04924254965517242,58
913714002,0.02540678,1
913717001,0.012430791070833334,24
913717002,0.01428428359090909,22
913720001,0.020270127156249998,16
913726001,0.05876459411111111,9
913742001,0.03199811611111111,9
913754002,0.02469740805882353,34
913754003,0.02482975537777778,45
913755001,0.04912429514285715,21
913778001,0.030491525,7
913785001,0.03347810652777778,72
913804001,0.048559323,1
913817001,0.016932203,11
913821001,0.03363459561764706,34
913875001,0.03298328232876712,73
913875002,0.033601694,2
913936001,0.02540678,5
913954001,0.006650231218181818,11
913954002,0.008778890695454546,22
913954003,0.010766102,10
914026002,0.012412429333333334,3
914071001,0.0505210510967742,31
914164001,0.16699757857142858,21
914164002,0.16180387428571427,7
914166001,0.0409435025,6
914166002,0.04187167028571428,7
914166003,0.04160501078260869,23
914168001,0.06422086793750001,32
914200001,0.053167371500000005,8
914208001,0.030491525,1
914280001,0.010152542,2
914293001,0.06651535518796993,133
914293003,0.06644928625396826,126
914293004,0.06777966,3
914296001,0.011847458,2
914319001,0.049488167324324324,111
914319002,0.05005914453586498,237
914351001,0.016932203,4
914351002,0.016519773333333335,3
914351003,0.016838982833333332,6
914351004,0.016751549902439024,41
914404001,0.041367384391891894,74
914404002,0.04195086643820225,89
914441001,0.03317340451090909,550
914441002,0.03337450705555556,198
914441003,0.03276364461449276,345
914441004,0.03317217660744298,833
914441005,0.033276292665938866,458
914441006,0.03338770161434978,223
914441007,0.03330201694285714,105
914453001,0.04136527584615384,156
914479001,0.042355932,2
914513001,0.033881355,3
914537001,0.024618926783333335,120
914537002,0.024995811701149423,174
914537004,0.02540678,1
914541001,0.059076921615384616,13
914541002,0.05794660875,20
914541003,0.0578949138,40
914550001,0.049477260201438854,139
914552001,0.03867070185714285,7
914553001,0.06582937765,60
914672001,0.0133728814375,32
914718001,0.008457627,2
914723001,0.0168644064,10
914727001,0.021288136111111113,9
914733001,0.09708474892307692,13
914737001,0.08414877722222222,9
914745001,0.058302355747126444,87
914745002,0.05845762571428571,7
914745003,0.059305083,2
914805002,0.04989726649693251,163
914805006,0.05031356058,50
914868002,0.032671736205128206,117
914868003,0.03323793930769231,52
914868004,0.03306107225619835,121
914881001,0.02540678,4
914881002,0.0248983054,5
914882001,0.0182881355,2
914886003,0.032891653443037974,79
914886005,0.032338984,1
914889001,0.016932203,1
914889002,0.01592467011111111,9
914893001,0.016643125833333335,36
914907001,0.03388135666666667,3
914907002,0.05083051,2
914912001,0.033881355,6
914956001,0.023288135666666668,3
914959001,0.011847458,2
914960001,0.0675211865,4
914960002,0.0637118634,5
914963001,0.007022844573913043,23
914966001,0.016180027224324326,37
914966002,0.01663559285,20
915009001,0.013169491333333333,3
915009002,0.010830509,1
915015001,0.013223728925,20
915015002,0.013542373,5
915019001,0.016932203,8
915019002,0.01612617677777778,9
915020002,0.02201695,2
915020003,0.020254238,5
915026001,0.02201695,7
915027001,0.0134067798,20
915032001,0.020330507999999997,2
915047001,0.047440678,2
915047008,0.06777966,1
915047010,0.06777966,2
915054001,0.028457627,3
915070001,0.015896421555555554,9
915076001,0.024300462499999998,22
915092001,0.13557628,3
915094001,0.013542373,5
915101002,0.008281779558333334,24
915101005,0.008013632930434783,46
915160001,0.008457627,5
915160002,0.007823244452380954,21
915225001,0.03243276773333333,15
915243001,0.033497043116279074,43
915250001,0.13557628,1
915286001,0.05083051,14
915292001,0.024768765415966388,238
915292002,0.024953286756097565,82
915309001,0.025169492,2
915309002,0.013291525600000001,5
915327003,0.050657627999999996,5
915361005,0.042070007043478255,23
915362002,0.032821016040000005,25
915366001,0.03347357847058824,17
915412002,0.03306155142105263,38
915439001,0.013429379,12
915444001,0.01180844792063492,63
915449001,0.00503596972,90
915453001,0.03294661612598425,127
915453002,0.03288014456071429,280
915453003,0.033881355,5
915453005,0.0338135585,6
915459002,0.08062895143243244,37
915459003,0.08327140167088608,79
915467002,0.08252872016666667,36
915487001,0.04994010226178011,191
915523001,0.04907694367326732,202
915523003,0.0504010182,50
915526001,0.033053965088682996,1511
915526002,0.03285808467209972,1043
915529001,0.033140016255,1000
915529003,0.03327154658623137,1409
915529005,0.031961864,4
915567001,0.05024795398876405,89
915611001,0.032832929122448985,49
915611003,0.0330631484516129,62
915611004,0.03324926868965517,232
915618001,0.04126634342857143,7
915851001,0.10084407,5
915851002,0.10167797,1
915851003,0.10167797,1
915887001,0.016932203,1
915898001,0.027440678,6
915920001,0.0389661,1
915921001,0.01680553047368421,38
915921002,0.016512158847826086,92
916000003,0.2139445777,100
916031003,0.025248587958333332,24
916031004,0.059388417500000006,12
916058001,0.03347814978911565,147
916058002,0.033229377760000005,150
916073001,0.05083051,2
916136001,0.015966102,1
916226001,0.030491525,4
916235002,0.06667692763265307,49
916256001,0.05808000746724891,229
916256005,0.05812832789285714,56
916256007,0.05823905756716418,67
916266001,0.015237289,7
916272001,0.13338136125,8
916273002,0.015961158875,24
916282001,0.11849152292307694,13
916288001,0.13519166307692307,13
916294001,0.4220339,1
916295001,0.42141695200000007,5
916300001,0.5067797,3
916300002,0.49773006071428577,14
916306001,0.29252965999999997,8
916307002,0.24348475149999999,20
916335001,0.013542373000000002,3
916338001,0.0101525426,4
916350001,0.021946328416666664,12
916350002,0.024227602857142854,7
916394001,0.04945762888888889,9
916394002,0.04066102,1
916400001,0.05065793654545454,11
916415001,0.008308851137037039,27
916415002,0.00825741516375,80
916468001,0.03271531139238845,762
916468002,0.032577939376923076,650
916468003,0.032874883460937504,1024
916497001,0.021605709815789475,38
916500001,0.041924788,16
916511001,0.09211356100000001,10
916511002,0.09150847744444444,9
916558001,0.026868644083333334,12
916598001,0.048832136744000006,125
916678001,0.02972316333333333,3
916699001,0.033881355,2
916757001,0.027101696,1
916766001,0.016932203,1
916774001,0.029947033499999998,8
916774002,0.028651331428571427,7
916775001,0.16727777722222223,18
916775002,0.16343055625,72
916782003,0.13927118625,4
916785001,0.118627116,5
916796001,0.02201695,2
916796002,0.01981356,2
916796006,0.018932204,5
916797002,0.0949067835,2
916823001,0.0243601698125,16
916861001,0.08133898249999999,2
916861002,0.0219364414375,16
916866001,0.041200968324675326,77
916866002,0.04195229115343915,189
916881001,0.024808166704545453,44
916881002,0.02484180822222222,18
916916001,0.0336913193030303,33
916917001,0.024599464894736845,19
916926003,0.00843691138888889,18
916926005,0.008133586040789474,76
916926006,0.007775314994871795,39
916926009,0.0016779661,1
916993002,0.02540678,1
916995002,0.016075500636363635,11
916995003,0.016932203,3
917016001,0.01666295365714286,35
917084001,0.033881355,1
917121001,0.039885593,8
917172001,0.010340865962962964,27
917229001,0.04941220436,25
917237001,0.0638779654,5
917241001,0.067610168,5
917248001,0.05907909455555555,18
917290001,0.050285715714285716,14
917293003,0.02510246568181818,44
917293004,0.024891949475,40
917293005,0.02474482138888889,18
917293006,0.024864407043478264,23
917294002,0.02512132057894737,19
917294003,0.02514447161904762,21
917294004,0.0251932206,5
917294005,0.02540678,19
917296002,0.048271188235294124,17
917296003,0.04958003888888889,9
917296004,0.04960214236842105,19
917296005,0.05002293276470588,34
917297002,0.0579459734375,16
917297003,0.05907909446666667,15
917297004,0.05472410472222222,18
917297005,0.05721838219230769,26
917300002,0.048709982444444445,18
917300003,0.0477058835882353,17
917300004,0.0487703405,20
917300005,0.050110616842105264,38
917334001,0.05842434387272727,55
917363001,0.0672203375,2
917434001,0.011673544913043479,23
917434002,0.011482822078378379,37
917434003,0.0116629005,18
917434004,0.011576271514285714,28
917434005,0.01133050875,4
917490001,0.010830509,1
917492001,0.01286158211111111,18
917509001,0.4145980671428572,7
917606001,0.0493456265,74
917606003,0.04960744683035715,112
917606004,0.04949054694219653,173
917622001,0.015237289,3
917624001,0.011847458,6
917637001,0.1623872230769231,13
917668001,0.33728814,2
917698001,0.016589830166666666,30
917720001,0.06536597514814815,27
917739001,0.040237288,3
917760002,0.06724858666666667,3
917766001,0.10167797,3
917768001,0.05083051,6
917805001,0.059305083,1
917843001,0.01676779631,100
917843002,0.0167005646969697,33
917843003,0.016734109885416668,48
917843005,0.01682768325,36
917919001,0.03343753840740741,27
917930001,0.04080816654545454,22
917984001,0.033881355,1
918111001,0.0043898304,4
918111003,0.0041864406,4
918114001,0.029008474500000003,6
918149001,0.021612109651741294,201
918149002,0.02156120591666667,36
918171001,0.04950886706153847,130
918171003,0.05027284137804878,82
918200004,0.04179903135714286,14
918240001,0.10167797,2
918249001,0.059305083,1
918292001,0.041426601003816794,1310
918292004,0.04141906226533524,701
918292011,0.041563559204301076,372
918297001,0.02201695,1
918316002,0.013542373,1
918316003,0.013542373,2
918399001,0.020783428111111113,9
918399002,0.02201695,2
918418001,0.004994350133333333,3
918443002,0.04998305,2
918443003,0.05083051,1
918443004,0.05021715097849463,186
918474001,0.02480564988888889,45
918475001,0.02201695,4
918475002,0.021892655666666667,3
918484003,0.084728815,1
918485001,0.06551977333333334,3
918516001,0.049647071262331845,446
918517001,0.04962048754849498,299
918522001,0.04129045627385892,241
918525001,0.04856096396774194,31
918525004,0.05083051,1
918547001,0.010805700942727273,110
918547002,0.008265865106976744,86
918576001,0.032983370018867926,53
918591001,0.013325007596491228,57
918591002,0.013003389933333333,45
918593001,0.016659784036363635,55
918597001,0.013103390000000001,20
918600001,0.016511680864864865,37
918603001,0.0495661032,5
918626001,0.024700565222222224,9
918632001,0.016521186125,16
918634001,0.008034957531250001,16
918637001,0.01323917147222222,36
918640001,0.021336645908045977,174
918642001,0.016254237,1
918642002,0.02540678,2
918645001,0.033362826,118
918649001,0.011220036535714285,56
918652001,0.030267795800000004,5
918652002,0.028790960333333334,3
918655001,0.049647789512195124,41
918655002,0.04986232939622642,106
918705001,0.01328154438888889,36
918705002,0.01347118655,20
918707001,0.1023508456,10
918707002,0.11242372733333333,12
918717001,0.050406780000000005,3
918725001,0.016610169283018866,53
918726001,0.021552343705882354,34
918765001,0.05053140729411765,17
918813001,0.03309433896226415,53
918813002,0.032574774852941184,34
918834001,0.00832560205263158,19
918835001,0.024801489731060607,264
918835002,0.0243932204,5
918835003,0.02498305116666667,6
918836001,0.04144356909117647,340
918854001,0.05120339,1
918892001,0.032903985153846155,364
918894001,0.016418402836159602,401
918894002,0.01638454039490446,157
918944001,0.16274067833333336,30
918944002,0.16145762666666666,6
918948001,0.05042373,10
918983001,0.02149152575,4
919008001,0.013271770965517241,29
919017001,0.013386652625,16
919019001,0.021617232250000003,12
919037002,0.040964525023255816,129
919037004,0.04214689252380952,21
919103001,0.020966102,3
919106001,0.016932203,5
919109001,0.011847458,11
919152001,0.021806968583333333,36
919160001,0.0130677966,5
919176001,0.01105084774,10
919248002,0.011661017277777777,27
919257001,0.04007431523076922,13
919257002,0.042193220000000004,15
919261001,0.05046892766666667,6
919273001,0.041113160117647055,34
919273002,0.040765824877551024,49
919273004,0.04199576275,4
919325001,0.03302193364705882,17
919330001,0.06777966,1
919349001,0.011847458,3
919365002,0.0413624037090909,55
919365003,0.04190753927586207,145
919365007,0.041947287949999995,100
919365008,0.0417431528952381,630
919391001,0.04913559466666667,3
919391002,0.046968523857142855,7
919391003,0.05034124413333333,15
919418002,0.05083051,1
919438002,0.021649718333333335,6
919481003,0.028540960374999997,24
919482001,0.037949152,1
919482002,0.059305083,1
919499002,0.03279176685714286,14
919499005,0.032919490833333336,24
919499007,0.03323488517322835,254
919499010,0.03315690994329897,194
919521001,0.02540678,2
919541001,0.01657574449689441,161
919547001,0.02540678,1
919550001,0.023182203499999998,4
919593001,0.06777966,3
919599001,0.05784833293965517,116
919659001,0.0304915255,2
919741001,0.033330742256917,253
919770001,0.06497936565217391,23
919786001,0.04159079121019108,314
919786002,0.04107230966272189,169
919829001,0.04178235131746032,63
919894001,0.013359698777777778,9
919927001,0.06754935105882354,34
919978001,0.033654185835820895,67
919978002,0.033623775760563385,71
919986001,0.02471775119760479,167
920012001,0.02493149449372385,239
920012002,0.0252146896,30
920012003,0.025073796592920354,113
920084003,0.058346439439999995,25
920084004,0.05854529366666667,87
920159001,0.01657928920547945,73
920159002,0.01674163962162162,37
920245001,0.03236561742857143,7
920253001,0.016932203,2
920274001,0.029817325544444447,90
920283001,0.04151449381308411,321
920356002,0.02540678,3
920356003,0.0220762715,2
920394003,0.0649595823076923,13
920394004,0.06354237216666668,12
920402001,0.042355932,2
920414001,0.013416195944444443,18
920414002,0.013168453918367348,49
920423001,0.04612106642857143,7
920453001,0.04162949151999999,50
920499001,0.06596610083333333,6
920528001,0.057236015975,40
920528002,0.05751412304166667,48
920529001,0.03338936668852459,183
920529004,0.03313347390625,32
920536001,0.02426634414285714,7
920592001,0.016932203,3
920610001,0.049570252517970405,473
920610002,0.04934770820098039,204
920610005,0.05017255773638344,459
920697001,0.022864407,1
920697002,0.02540678,1
920700004,0.042355932,2
920700005,0.012570621555555557,9
920731001,0.008457627,2
920732001,0.008348668211428573,35
920752001,0.008166815259649124,57
920753001,0.011281521531707316,82
920829001,0.03271518713725491,51
920829003,0.033270382857894736,190
920829005,0.03298097720863309,139
920830001,0.03337422189208633,139
920830006,0.03350621388333333,60
920869001,0.05020787758823529,34
920869003,0.05019464325806452,62
920911001,0.013542373,5
921005001,0.013542373,1
921033005,0.06287651257142858,7
921033006,0.0677005638888889,9
921057001,0.013542373,2
921057002,0.013542373,2
921073001,0.06497770998630137,73
921090001,0.023455508625,8
921090003,0.0245915257,40
921090004,0.024416801991304346,115
921096003,0.016543220049999998,20
921096004,0.015237288999999998,5
921210002,0.02540678,3
921226001,0.016551290455384615,325
921226002,0.016492251555,140
921226004,0.01662612426392962,341
921226007,0.016658595340136053,147
921236001,0.03276194081818182,22
921236003,0.03360774757142857,14
921266001,0.016623929450515464,388
921266005,0.016697174833333335,150
921266006,0.016729265233333332,150
921266007,0.01657411506578947,228
921298001,0.025017100785714286,224
921298003,0.02505002762903226,124
921347003,0.03320153169863014,146
921347004,0.03362966005,20
921378001,0.03306719592035398,113
921380001,0.065690439892,500
921429001,0.054932202000000006,3
921519001,0.042355932,4
921519002,0.04194673128571429,7
921534001,0.016932203,1
921571001,0.08279242985022027,227
921573001,0.011561929846153847,13
921646001,0.04091525420588235,34
921697003,0.07597077124137933,29
921697005,0.07457777191111112,45
921748002,0.058135591800000004,45
921757001,0.08315906261538462,13
921906001,0.03265067378422274,431
921906002,0.03321085178606965,402
921906003,0.03304044881560284,282
921906005,0.013542373,1
921908001,0.041531073499999994,6
921909001,0.042355932000000006,3
921918001,0.041693509248847925,217
921944001,0.013542373000000002,3
921945001,0.0134406782,5
921991001,0.008118644,1
922037001,0.06696045133333334,3
922037002,0.0669004225,8
922037003,0.06650579024166667,120
922048001,0.08445300578787879,33
922048002,0.084728815,2
922119001,0.054220337,1
922130001,0.024565485545454548,11
922135001,0.010152542,1
922135002,0.010152542,1
922198001,0.028457627,3
922198002,0.02896610133333333,3
922256001,0.084728815,7
922278001,0.008457627,2
922278002,0.008457627,2
922309001,0.030491525000000002,3
922310001,0.013398305166666666,6
922381001,0.04149100854268293,164
922381002,0.04161778420289855,69
922408001,0.03346195380851064,94
922447001,0.05887365,11
922451001,0.042268361666666664,6
922489001,0.06777966,4
922619001,0.049821838139534884,43
922619002,0.050281175500000004,56
922625001,0.024813717971962617,107
922625002,0.025324767967741937,31
922625003,0.02495959625252525,99
922625004,0.02413491542,50
922625005,0.024917862153846154,13
922753001,0.016084745666666667,3
922753002,0.016932203,4
922848001,0.0304915255,2
922865001,0.045745765,2
922987001,0.03325276263768116,69
923004001,0.042355932,2
923010002,0.016720338705882354,34
923010003,0.016730023892857143,84
923037001,0.03352516618686869,198
923037002,0.03339396369105691,123
923037003,0.03345919571111111,270
923070001,0.057911770123287666,73
923083001,0.06777966,1
923103001,0.06710951692307693,13
923109001,0.004974011160000001,15
923109002,0.004864406766666667,3
923120001,0.0050677964,2
923122001,0.0033728813,2
923127001,0.0049152541666666666,3
923127002,0.004999999850000001,2
923134001,0.02454287456213018,169
923134002,0.02479708129166667,72
923134003,0.024767554777777777,63
923134004,0.024373117027777776,72
923134005,0.0240924135,42
923134009,0.02540678,1
923150001,0.02201695,1
923157001,0.05785232663218391,87
923218001,0.03439498834782609,23
923221001,0.06777966,7
923232001,0.03331638333333333,6
923267002,0.020654854363636364,11
923340001,0.016378870657894735,133
923340002,0.016711093727272728,44
923350001,0.0078220339,2
923350002,0.008059322,2
923361001,0.016547357647058822,34
923361002,0.016757815133333333,45
923363002,0.04828813525,4
923440001,0.03918886142857143,7
923460001,0.040728593288961036,308
923460002,0.042355932000000006,3
923460003,0.042355932,1
923466001,0.013390808442307693,104
923466002,0.013253009217391304,69
923468001,0.021929782714285716,7
923468002,0.021821263727272725,11
923516001,0.024114021727272728,11
923521001,0.030491525,1
923521002,0.028022598666666666,3
923534006,0.0165966096,5
923569002,0.059305083,13
923569006,0.058138635047727275,440
923643001,0.0251000003,100
923657001,0.00759999994,5
923660001,0.011847458,1
923727002,0.0627457617,10
923727003,0.06626307943478262,23
923727004,0.06557627142857143,7
923755001,0.03381355846153847,13
923755002,0.03356479706153847,65
923755003,0.03368765057142857,7
923758001,0.033881355,1
923813001,0.01666058759493671,79
923858001,0.0127584745,4
923944001,0.030491525,1
923944002,0.0289661015,4
923985001,0.0218440686,10
923986001,0.02201695,2
924040001,0.016650188027777776,36
924040002,0.016459240952380952,21
924083001,0.016415253916666667,12
924083002,0.016232960404255318,47
924125001,0.005519975721428572,28
924126001,0.004828514370588235,17
924137001,0.011498913807692307,39
924142001,0.008295550765625,32
924146001,0.012931497291666665,24
924161001,0.08448587694444444,18
924161002,0.08410169583333334,6
924228001,0.07974219557894736,19
924243001,0.04108958823308271,133
924243002,0.042355932,1
924250001,0.04958165751505017,299
924296004,0.016754237499999998,2
924310001,0.02201694933333333,3
924310002,0.02540678,2
924315002,0.027101696,1
924368001,0.0412966105,4
924453002,0.033494606272727274,11
924453003,0.03328551381443299,291
924463001,0.050369492599999996,5
924492002,0.028457627,3
924518001,0.041705701,11
924518002,0.0412966105,4
924605001,0.01661967935162095,401
924606001,0.03324465652173913,23
924606002,0.032765889137500004,80
924623003,0.033881355,23
924623004,0.03176271108333333,12
924625001,0.024524694978494625,93
924626001,0.024697997181818185,11
924642001,0.0404152544,10
924645001,0.033236539573529414,68
924756001,0.033516949000000004,2
924860001,0.02524041065789474,38
924880001,0.049463278,21
924893001,0.013542373,4
924906002,0.02536286625,44
924926001,0.013542373,1
924926002,0.016932203,2
924926003,0.015139830375,4
924926004,0.016563559,4
924926006,0.016932203,1
924926007,0.0160847455,8
924926009,0.014559322,4
924942001,0.05083051,8
924979001,0.04241101725,4
925113001,0.014220339,1
925124001,0.03372881285714286,7
925136001,0.024923729000000002,6
925136002,0.02540678,4
925139001,0.016932203,1
925139002,0.016932203,4
925139003,0.013542373,1
925140001,0.006423728925,4
925140002,0.006762712,9
925140003,0.00667796623125,16
925170001,0.02540678,1
925246001,0.1309969878584475,219
925290006,0.033330618375979115,383
925353005,0.00800677954,5
925372001,0.025201237904761906,63
925373001,0.02540678,1
925393001,0.016932203,1
925402001,0.008457627,2
925403001,0.008457627,2
925404001,0.06589281049655173,290
925472001,0.05083051,9
925477001,0.037059321,2
925512001,0.06712671423809524,42
925521001,0.015955932,30
925521002,0.016575378894736842,19
925542001,0.023711864666666665,3
925542002,0.024830508,2
925565003,0.0826258635925926,54
925664001,0.033881355,1
925664002,0.033203389,5
925666003,0.03297124286516854,89
925696001,0.0241355934,5
925763001,0.09561325454545454,11
925764001,0.08404540107142856,28
925771001,0.06627306855555555,9
925882001,0.008457627,1
925916001,0.024423729088235292,34
925916002,0.01997108694117647,17
925916003,0.023269712847826085,46
925967001,0.02159322,1
925967002,0.02201695,1
925978001,0.04146506814634146,41
925978002,0.04142009671428571,14
925978003,0.042355932,5
926015001,0.019788135464285712,14
926026001,0.04876446644827587,29
926164001,0.025090086205479454,73
926166001,0.04979032782926829,205
926221002,0.049504986397058824,68
926221003,0.05013989907936508,63
926246003,0.10167797,7
926277001,0.09663099634285714,35
926306001,0.016813558863636363,22
926306002,0.01653929090909091,22
926306003,0.016747303227272727,22
926310001,0.020915255,2
926335001,0.007928813560000001,5
926340001,0.058663573867924534,53
926354001,0.0130949153,10
926378001,0.0080570107,22
926387001,0.09478075748387096,62
926418001,0.08270715638888888,18
926427001,0.083598305,10
926428001,0.059305083,10
926431001,0.06669491666666667,3
926450001,0.00836343424262295,61
926469001,0.041928974833333334,42
926482001,0.008271715993750001,32
926490001,0.1320224645,40
926500001,0.05816543429974811,397
926502001,0.057731833573913045,230
926504001,0.03374213,14
926520001,0.0048963109,17
926548001,0.025338983399999997,10
926589001,0.013316384333333334,6
926603001,0.008211691389795918,49
926603002,0.0079279660875,8
926638001,0.2426003327419355,62
926640001,0.04134270368292683,41
926645001,0.049977156565217395,23
926655001,0.042355932,1
926668001,0.03313873114814815,27
926668002,0.016614406499999998,8
926737001,0.042355932,8
926745002,0.042355932,4
926750001,0.05083051,1
926750002,0.045610170500000005,10
926754001,0.016932203,2
926754002,0.016932203,1
926799001,0.05923186272000001,25
926842001,0.020915255,4
926847001,0.033576270666666665,6
926847002,0.033881355,3
926875001,0.0083745762,10
926921001,0.033563451714285715,119
926921002,0.03299845845454546,44
926921003,0.033544204405405405,37
926938001,0.020896967105263158,38
926949001,0.02540678,1
926995001,0.008457627,1
927027001,0.016576272,1
927069001,0.008225847392500001,40
927225001,0.05814225848000001,150
927336001,0.04983006363157895,38
927339001,0.008457627,3
927347001,0.016640435571428573,14
927358001,0.0212701278125,16
927491001,0.04929408394736842,171
927491002,0.04882862605555556,18
927529001,0.033154349613333335,75
927529002,0.0331576262,20
927529004,0.03235130922727272,22
927530004,0.057920619916666666,60
927530005,0.057919490350000005,20
927530006,0.056930579308510636,94
927553002,0.014589454555555556,27
927657001,0.10167797,2
927701001,0.0071864408,2
927751001,0.057613159294117644,68
927791004,0.049815771260869564,46
927791005,0.050430210764705885,34
927792003,0.04066101725,4
927792005,0.042135593,1
927797001,0.084728815,16
927858001,0.013338983129999999,50
927858002,0.013421944842105264,19
927865001,0.021316243658333334,120
927913001,0.0269237295,2
927922001,0.03339818329047619,420
927922002,0.03340952068382353,136
927922003,0.03289384421052632,57
927953001,0.02420837505882353,17
927957001,0.03311521323214286,168
927993001,0.06381779625,4
927993002,0.06015254175,4
928040001,0.06649384638356165,73
928040002,0.066188149,119
928044001,0.04168181795454545,22
928070001,0.03285169415,20
928070002,0.03312820446153846,39
928088001,0.05808267621428572,336
928098001,0.02540678,1
928152001,0.06733292885714286,14
928152003,0.06773359307692307,39
928157002,0.06619773911494253,87
928158002,0.09661259371428572,7
928206001,0.033477309096774197,31
928207001,0.02201695,1
928216002,0.0645243956818182,66
928324001,0.051762712,4
928331001,0.03302157109090909,11
928331002,0.03244952034782609,23
928347001,0.016209908384615383,13
928351001,0.033881355,10
928368001,0.016454802,6
928368002,0.01795127125,8
928368003,0.0176836155,6
928368004,0.018238828636363637,11
928368005,0.025406779,2
928395001,0.057420902833333336,6
928395002,0.05841646385714285,7
928446001,0.04845181697142857,35
928461001,0.016476997357142857,84
928461002,0.01673537422580645,31
928461003,0.016054479357142857,14
928582001,0.013410169599999999,5
928719001,0.02497983293670886,79
928802001,0.01139830528125,16
928805001,0.011665537,15
928806001,0.009067796,1
928808001,0.016651204,19
928809001,0.010669492,2
928813001,0.02061355995,20
928815001,0.09181664418181819,11
928816001,0.013513317285714286,7
928820001,0.011594524384615387,13
928824001,0.01644067775,28
928828001,0.011008474833333332,12
928834001,0.011559322326923076,26
928835001,0.008298797079032258,62
928837001,0.016932203,9
928839001,0.013258710090277778,72
928845001,0.008154048897777778,45
928848001,0.02201695,4
928854001,0.008246076518518518,27
928857001,0.007959582769230769,13
928858001,0.008211864326190477,42
928858002,0.008206471404545454,22
928890001,0.013409200999999999,7
928892001,0.013144989054347826,92
928892002,0.013150823014492753,69
928898001,0.011813559666666666,9
928898002,0.011330912304761905,21
928900001,0.012833414114285714,35
928905001,0.01657477544117647,34
928906001,0.022016949999999997,6
928907001,0.04951831240178572,112
928910001,0.008321092169444445,36
928912001,0.008004789958695652,46
928915001,0.008299869556410256,39
928922001,0.016932203,6
928995001,0.008233692767676768,99
929008002,0.024389831,3
929042001,0.04837621667213115,61
929161002,0.039531073,3
929165002,0.04912868438974359,390
929216001,0.042355932000000006,3
929226003,0.041694309857142856,28
929388002,0.042355932000000006,3
929397001,0.021701329135135134,37
929447001,0.033881355,2
929453001,0.030135593,3
929453002,0.030491525,1
929508001,0.021443503550000003,60
929508002,0.021282343556962024,79
929511001,0.05879237125,4
929591001,0.0494745772,5
929594001,0.016827871622222223,45
929597001,0.008214175609090909,11
929598001,0.08057164990909091,11
929598002,0.08175423834615383,26
929599001,0.101059325,2
929603001,0.016644067473684212,19
929603002,0.016571055923076925,13
929609001,0.008388619735714286,14
929611001,0.012734977000000001,11
929636001,0.008457627,4
929673001,0.008227029347368423,38
929689001,0.05923849707142857,14
929691001,0.016932203,1
929695001,0.040578325666666665,33
929700001,0.016370056166666664,6
929744001,0.04196878870731707,82
929745001,0.05025281298130841,107
929866001,0.041410169250000003,20
929872001,0.05006277566666667,27
929938001,0.03334274911111111,9
929938002,0.032662409383561644,73
929980001,0.016932203,1
930058001,0.04163337153398058,103
930058002,0.041801318212962964,108
930350001,0.016644752313131315,99
930350002,0.016430247384615383,39
930409001,0.04066102,1
930533001,0.013198404921568627,51
930533003,0.012811565441176469,17
930767002,0.025305085136363637,22
930814001,0.016932203,1
930829001,0.013274177588235294,34
930866001,0.0079568567,11
930866002,0.008457627,2
931028002,0.041932203,1
931070001,0.011806295714285714,14
931091001,0.013468926666666665,9
931182001,0.01665859542857143,7
931349001,0.027271187,1
931387001,0.012638418333333333,3
931387003,0.015802259666666665,3
931437001,0.008122262362921349,89
931687001,0.084728815,6
931720001,0.033561489139534884,86
931729004,0.049249577875,40
931769001,0.042355932,8
931769003,0.04171057697468354,237
931800003,0.0167661014,5
931800004,0.016932203,4
931869001,0.04218921401818182,55
931922001,0.05083051,3
931940001,0.008175141233333334,3
931981001,0.06753518136363637,33
932107001,0.21414003357142858,42
932238001,0.082328814,10
932243001,0.025183198504347828,115
932243002,0.025080220808252427,412
932243003,0.02518120834899329,149
932365005,0.0323983043125,16
932365006,0.03198399188888889,18
932365008,0.032599233887096776,62
932426001,0.016472154665714285,35
932426002,0.01637912547368421,19
932571001,0.003958568766666667,9
932571002,0.0041864406,5
932642001,0.02110411680952381,21
932798001,0.016501201532727272,275
933032001,0.11304048873148148,108
933032002,0.11830508295238096,21
933032003,0.11044024818987343,79
933111001,0.21864407,5
933214001,0.06713627052,25
933316001,0.050059322999999996,12
933316003,0.0442711875,4
933327001,0.03306630583516484,91
933373001,0.0083516948375,8
933373002,0.008295399428571429,7
933374001,0.013297056315789474,19
933399001,0.011486683,7
933403001,0.0165932202,5
933404001,0.007986503403703703,54
933405001,0.0112542375,4
933406001,0.011570621799999998,15
933408001,0.013296717544303798,79
933408002,0.0131762714,5
933409001,0.01311172612244898,49
933409002,0.011832391855555556,9
933411001,0.021263158684210526,19
933413001,0.008457627,4
933417001,0.0080296609375,8
933420001,0.0116779665,6
933424001,0.04214285714285714,7
933431001,0.010152542,1
933460001,0.016932203,3
933464001,0.016327683333333332,3
933476001,0.025025424,10
933662001,0.04040489622222222,9
933706001,0.016540616279650436,801
933716001,0.047440678,1
933729001,0.0212389839,10
933729002,0.02112542424,25
933802002,0.02509178987012987,77
933820002,0.0303940675,4
933838001,0.0157457624,10
933838002,0.016671446846153844,13
933882001,0.0419788133125,16
933885004,0.06585191714473684,76
933889001,0.016422222022222224,45
933891001,0.024428594060185185,216
933908001,0.0243084748,5
933910001,0.005847458,1
933910002,0.008257062141666667,12
933928002,0.01323670377586207,58
933932001,0.013316525537499999,40
933963001,0.013098378880434783,46
933989001,0.04183102420869565,230
933989002,0.04207659698076923,52
933990001,0.025115848587628865,97
934054001,0.048351311090909094,11
934054002,0.050635997904761906,21
934072003,0.09993143672727274,22
934099001,0.016508475,1
934122004,0.050707628500000004,16
934128001,0.02540678,2
934133001,0.016932203,4
934135001,0.021197740583333333,12
934154002,0.033535592466666674,15
934159001,0.013542373,2
934211004,0.059305083,1
934255001,0.02540678,5
934259002,0.04094350333333333,3
934296001,0.025059746025000003,40
934336001,0.03344296762162162,37
934354001,0.029725128652173912,23
934356001,0.041410734166666664,30
934380001,0.049472988546875,64
934389001,0.016644773708333335,24
934669001,0.038824858,3
934727001,0.06688052812195122,41
934727002,0.066844543671875,64
934873001,0.049915255000000006,2
934981001,0.021111229625000002,16
935003001,0.00989830475,8
935092001,0.024950901571428572,126
935196002,0.084728815,1
935357001,0.13557628,5
935408002,0.0077542373,2
935464001,0.032631355375000004,16
935535001,0.023590799285714285,7
935535003,0.02222881375,4
935573001,0.059050846500000004,2
935618001,0.016694546499999997,46
935667002,0.035451977,3
935687001,0.02540678,2
935689001,0.04958208597584541,207
935730001,0.013259887083333333,12
935752001,0.00788135582857143,7
935787001,0.049971297,124
935840001,0.04987271645751634,153
935840002,0.05083051000000001,5
935858001,0.016366548404029305,273
935858002,0.01672115007712766,188
935892001,0.02499331184753363,223
936012001,0.03333184585526316,76
936012003,0.03351346930526316,95
936057001,0.03282501067567568,37
936057002,0.033400333577464796,71
936099001,0.01331942646153846,13
936217001,0.0562566574,35
936217002,0.059305083,7
936253001,0.013494607227272727,22
936253002,0.013131356125,8
936282001,0.024820104321782176,202
936369001,0.04066102,1
936427001,0.027326271125,8
936428003,0.06679256656880735,109
936594001,0.042355932,1
936610001,0.041466796143442626,488
936622001,0.02501711086190476,210
936819001,0.05716101625,4
936862001,0.04957352711971831,284
936965001,0.033679506272727276,11
936979001,0.008262940822972973,74
936981001,0.019576272,1
936988001,0.016932203,3
936990001,0.011847458,2
937052001,0.02154154687804878,41
937056001,0.0166546606875,16
937066001,0.01317766355357143,56
937080001,0.022864407,2
937138001,0.016592682015873016,63
937249001,0.2144607674074074,27
937252001,0.14945432285714286,77
937466001,0.015320250263157894,38
937466002,0.021699418078125,64
937862001,0.013542373000000002,6
937915001,0.02175661092,25
937915002,0.021693032666666667,27
937915003,0.021425270454545457,33
938182001,0.016207128294117648,68
938190001,0.15080144952380953,21
938190002,0.14988661344827586,29
938208001,0.013201371809523809,42
938624001,0.02171725772727273,22
938632001,0.041881355999999995,2
938667001,0.009889830185,20
938804001,0.06563090901315789,152
939152002,0.0250042375,4
939160001,0.022016949999999997,6
939160002,0.0219915262,10
939812001,0.013435418017241378,58
939927001,0.043203392,3
940036001,0.033881355,6
940036002,0.03218644,2
940098001,0.042355932,4
940098002,0.038391713333333334,9
940532001,0.032694914533333334,15
941005001,0.013351510793478261,46
941005002,0.013335275515625,32
941005003,0.013351341958333334,48
941005004,0.01339730819117647,34
941005005,0.013288832267123287,73
941189001,0.0082655365,3
941310001,0.02540678,2
941658001,0.041461311434782606,23
941976001,0.004850282327777778,36
941976002,0.004844279543750001,16
942053001,0.0267372875,2
942058001,0.0101525426,4
942058002,0.010734463333333333,6
942062001,0.039531073,3
942128001,0.060661018,1
942187001,0.016590228999999998,17
942596001,0.013106214833333333,15
942863002,0.033881355,1
942955001,0.004600233727586207,29
942955002,0.00485963978125,32
942955003,0.00517096535652174,23
942955004,0.004722711732,25
943097001,0.08334728528571429,49
943212001,0.033881355,1
944000001,0.016932203,1
944506001,0.04158390742582417,364
944989001,0.01618644,1
945304001,0.020067797000000002,4
945995002,0.024910109178571428,56
946282001,0.0999084772,5
946387001,0.033881355,4
946748003,0.024433290128205127,39
946748004,0.025135593533333334,15
946764003,0.10014430010810811,37
946795001,0.04024085642105263,19
946827001,0.05059864548,25
946827002,0.0497033915,2
947060001,0.04977195812121212,33
947168001,0.02369249442857143,7
947509001,0.030093093462686564,67
947599001,0.02540678,1
947934001,0.013973163625,24
948152001,0.02777966,2
948152002,0.027101696,1
949551001,0.0330625686728972,107
949551002,0.032809436,37
952267001,0.016069679555555556,9
953450001,0.016932203,2
